거래 #,타입,날짜 및 시간,신호,가격 USD,포지션 크기 (수량),포지션 크기 (가치),순손익 USD,순손익 %,유리한 변동 USD,유리한 변동 %,불리한 변동 USD,불리한 변동 %,누적 손익 USD,누적 손익 %
1,매수 청산,2023-01-04 09:20,반대신호정리,1838.51,23.01,42302.5044,1.61,0.00,36.13,0.09,-50.62,-0.12,1.61,0.02
1,매수 진입,2023-01-04 05:30,L1,1838.44,23.01,42302.5044,1.61,0.00,36.13,0.09,-50.62,-0.12,1.61,0.02
2,매도 청산,2023-01-05 15:50,XS1,1852.155,202.02,374172.3531,0,0.00,302.02,0.08,-726.26,-0.19,1.61,0.02
2,매도 진입,2023-01-05 14:00,S1,1852.155,202.02,374172.3531,0,0.00,302.02,0.08,-726.26,-0.19,1.61,0.02
3,매도 청산,2023-01-05 15:50,XS2,1852.155,246.91,457537.8101,222.22,0.05,253.08,0.06,-665.42,-0.15,223.83,2.24
3,매도 진입,2023-01-05 14:40,S2,1853.055,246.91,457537.8101,222.22,0.05,253.08,0.06,-665.42,-0.15,223.83,2.24
4,매도 청산,2023-01-05 15:50,XS3,1852.155,317.46,588556.5543,571.43,0.10,571.43,0.10,-569.84,-0.10,795.26,7.95
4,매도 진입,2023-01-05 15:00,S3,1853.955,317.46,588556.5543,571.43,0.10,571.43,0.10,-569.84,-0.10,795.26,7.95
5,매도 청산,2023-01-05 15:50,XS4,1852.155,444.44,824371.7562,1199.99,0.15,1199.99,0.15,-397.77,-0.05,1995.25,19.95
5,매도 진입,2023-01-05 15:00,S4,1854.855,444.44,824371.7562,1199.99,0.15,1199.99,0.15,-397.77,-0.05,1995.25,19.95
6,매도 청산,2023-01-05 22:10,XS1,1843.73,37.72,69727.306,181.81,0.26,181.81,0.26,-107.69,-0.15,2177.06,21.77
6,매도 진입,2023-01-05 18:20,S1,1848.55,37.72,69727.306,181.81,0.26,181.81,0.26,-107.69,-0.15,2177.06,21.77
7,매도 청산,2023-01-06 00:30,XS1,1826.135,65.63,120394.6253,545.39,0.45,545.39,0.45,-136.84,-0.11,2722.44,27.22
7,매도 진입,2023-01-06 00:00,S1,1834.445,65.63,120394.6253,545.39,0.45,545.39,0.45,-136.84,-0.11,2722.44,27.22
8,매수 청산,2023-01-06 19:10,XL1,1836.315,92.29,169473.5114,0,0.00,23.07,0.01,-276.41,-0.16,2722.44,27.22
8,매수 진입,2023-01-06 18:10,L1,1836.315,92.29,169473.5114,0,0.00,23.07,0.01,-276.41,-0.16,2722.44,27.22
9,매수 청산,2023-01-06 19:10,XL2,1836.315,112.8,206914.116,222.22,0.11,250.42,0.12,-115.62,-0.06,2944.66,29.45
9,매수 진입,2023-01-06 18:20,L2,1834.345,112.8,206914.116,222.22,0.11,250.42,0.12,-115.62,-0.06,2944.66,29.45
10,매수 청산,2023-01-06 19:50,XL1,1836.985,92.29,169321.6943,213.65,0.13,305.48,0.18,-10.61,-0.01,3158.31,31.58
10,매수 진입,2023-01-06 19:30,L1,1834.67,92.29,169321.6943,213.65,0.13,305.48,0.18,-10.61,-0.01,3158.31,31.58
11,매수 청산,2023-01-06 22:30,XL1,1839.07,92.29,169545.959,181.81,0.11,181.81,0.11,-222.42,-0.13,3340.12,33.40
11,매수 진입,2023-01-06 21:20,L1,1837.1,92.29,169545.959,181.81,0.11,181.81,0.11,-222.42,-0.13,3340.12,33.40
12,매수 청산,2023-01-06 22:30,XL2,1839.07,112.8,207002.664,444.43,0.21,444.43,0.21,-49.63,-0.02,3784.55,37.85
12,매수 진입,2023-01-06 22:20,L2,1835.13,112.8,207002.664,444.43,0.21,444.43,0.21,-49.63,-0.02,3784.55,37.85
13,매수 청산,2023-01-09 22:20,XL1,1876.985,80.27,150665.5859,0,0.00,323.89,0.21,-515.73,-0.34,3784.55,37.85
13,매수 진입,2023-01-09 12:20,L1,1876.985,80.27,150665.5859,0,0.00,323.89,0.21,-515.73,-0.34,3784.55,37.85
14,매수 청산,2023-01-09 22:20,XL2,1876.985,98.11,183928.7792,222.22,0.12,222.22,0.12,-408.14,-0.22,4006.77,40.07
14,매수 진입,2023-01-09 16:40,L2,1874.72,98.11,183928.7792,222.22,0.12,222.22,0.12,-408.14,-0.22,4006.77,40.07
15,매수 청산,2023-01-09 22:20,XL3,1876.985,126.14,236191.4737,571.41,0.24,571.41,0.24,-239.04,-0.10,4578.19,45.78
15,매수 진입,2023-01-09 18:00,L3,1872.455,126.14,236191.4737,571.41,0.24,571.41,0.24,-239.04,-0.10,4578.19,45.78
16,매수 청산,2023-01-10 20:20,XL1,1875.87,101.29,190006.8723,0,0.00,32.41,0.02,-241.58,-0.13,4578.19,45.78
16,매수 진입,2023-01-10 19:10,L1,1875.87,101.29,190006.8723,0,0.00,32.41,0.02,-241.58,-0.13,4578.19,45.78
17,매수 청산,2023-01-10 20:20,XL2,1875.87,123.8,232010.485,222.22,0.10,222.22,0.10,-73.04,-0.03,4800.41,48.00
17,매수 진입,2023-01-10 19:40,L2,1874.075,123.8,232010.485,222.22,0.10,222.22,0.10,-73.04,-0.03,4800.41,48.00
18,매수 청산,2023-01-11 05:10,XL1,1877.42,44.5,83545.19,0,0.00,18.25,0.02,-272.79,-0.33,4800.41,48.00
18,매수 진입,2023-01-11 00:40,L1,1877.42,44.5,83545.19,0,0.00,18.25,0.02,-272.79,-0.33,4800.41,48.00
19,매수 청산,2023-01-11 05:10,XL2,1877.42,54.39,101890.6907,222.18,0.22,222.18,0.22,-111.23,-0.11,5022.59,50.23
19,매수 진입,2023-01-11 01:40,L2,1873.335,54.39,101890.6907,222.18,0.22,222.18,0.22,-111.23,-0.11,5022.59,50.23
20,매수 청산,2023-01-11 16:20,XL1,1882.865,265.42,499204.5902,545.44,0.11,570.65,0.11,-110.15,-0.02,5568.03,55.68
20,매수 진입,2023-01-11 16:00,L1,1880.81,265.42,499204.5902,545.44,0.11,570.65,0.11,-110.15,-0.02,5568.03,55.68
21,매수 청산,2023-01-11 23:40,XL1,1873.19,90,169587,-999.9,-0.59,162,0.10,-999.9,-0.59,4568.13,45.68
21,매수 진입,2023-01-11 19:30,L1,1884.3,90,169587,-999.9,-0.59,162,0.10,-999.9,-0.59,4568.13,45.68
22,매수 청산,2023-01-11 23:40,XL2,1873.19,110.01,207069.6228,-999.99,-0.48,74.26,0.04,-999.99,-0.48,3568.14,35.68
22,매수 진입,2023-01-11 21:00,L2,1882.28,110.01,207069.6228,-999.99,-0.48,74.26,0.04,-999.99,-0.48,3568.14,35.68
23,매수 청산,2023-01-11 23:40,XL3,1873.19,141.44,265943.9744,-999.98,-0.38,30.41,0.01,-999.98,-0.38,2568.16,25.68
23,매수 진입,2023-01-11 21:10,L3,1880.26,141.44,265943.9744,-999.98,-0.38,30.41,0.01,-999.98,-0.38,2568.16,25.68
24,매수 청산,2023-01-11 23:40,XL4,1873.19,198.01,371910.3024,-999.95,-0.27,442.55,0.12,-999.95,-0.27,1568.21,15.68
24,매수 진입,2023-01-11 21:10,L4,1878.24,198.01,371910.3024,-999.95,-0.27,442.55,0.12,-999.95,-0.27,1568.21,15.68
25,매수 청산,2023-01-11 23:40,XL5,1873.19,330.03,619208.8866,-999.99,-0.16,1404.28,0.23,-999.99,-0.16,568.21,5.68
25,매수 진입,2023-01-11 21:20,L5,1876.22,330.03,619208.8866,-999.99,-0.16,1404.28,0.23,-999.99,-0.16,568.21,5.68
26,매수 청산,2023-01-11 23:40,XL6,1873.19,990.09,1855626.678,-999.99,-0.05,1138.6,0.06,-999.99,-0.05,-431.78,-4.32
26,매수 진입,2023-01-11 23:40,L6,1874.2,990.09,1855626.678,-999.99,-0.05,1138.6,0.06,-999.99,-0.05,-431.78,-4.32
27,매수 청산,2023-01-13 23:30,XL1,1904.83,45.56,86784.0548,0,0.00,100,0.12,-503.89,-0.58,-431.78,-4.32
27,매수 진입,2023-01-13 19:50,L1,1904.83,45.56,86784.0548,0,0.00,100,0.12,-503.89,-0.58,-431.78,-4.32
28,매수 청산,2023-01-13 23:30,XL2,1904.83,55.69,105857.7796,222.2,0.21,222.2,0.21,-393.73,-0.37,-209.57,-2.10
28,매수 진입,2023-01-13 20:50,L2,1900.84,55.69,105857.7796,222.2,0.21,222.2,0.21,-393.73,-0.37,-209.57,-2.10
29,매수 청산,2023-01-13 23:30,XL3,1904.83,71.6,135814.46,571.37,0.42,571.37,0.42,-220.53,-0.16,361.79,3.62
29,매수 진입,2023-01-13 21:20,L3,1896.85,71.6,135814.46,571.37,0.42,571.37,0.42,-220.53,-0.16,361.79,3.62
30,매수 청산,2023-01-16 18:30,XL1,1916.99,66.84,128495.2212,-363.61,-0.28,1.67,0.00,-769.66,-0.60,-1.81,-0.02
30,매수 진입,2023-01-16 14:00,L1,1922.43,66.84,128495.2212,-363.61,-0.28,1.67,0.00,-769.66,-0.60,-1.81,-0.02
31,매수 청산,2023-01-16 18:30,XL2,1916.99,81.69,156821.1099,-222.2,-0.14,96.39,0.06,-718.46,-0.46,-224.01,-2.24
31,매수 진입,2023-01-16 14:30,L2,1919.71,81.69,156821.1099,-222.2,-0.14,96.39,0.06,-718.46,-0.46,-224.01,-2.24
32,매수 청산,2023-01-16 18:30,XL3,1916.99,105.04,201360.6296,0,0.00,409.66,0.20,-638.12,-0.32,-224.01,-2.24
32,매수 진입,2023-01-16 14:40,L3,1916.99,105.04,201360.6296,0,0.00,409.66,0.20,-638.12,-0.32,-224.01,-2.24
33,매수 청산,2023-01-16 18:30,XL4,1916.99,147.05,281493.4035,399.98,0.14,497.76,0.18,-493.35,-0.18,175.96,1.76
33,매수 진입,2023-01-16 15:40,L4,1914.27,147.05,281493.4035,399.98,0.14,497.76,0.18,-493.35,-0.18,175.96,1.76
34,매수 청산,2023-01-16 18:30,XL5,1916.99,245.09,468501.7895,1333.29,0.28,1333.29,0.28,-155.63,-0.03,1509.25,15.09
34,매수 진입,2023-01-16 17:30,L5,1911.55,245.09,468501.7895,1333.29,0.28,1333.29,0.28,-155.63,-0.03,1509.25,15.09
35,매도 청산,2023-01-16 21:10,XS1,1915.67,51.5,98657.005,0,0.00,0,0.00,-191.58,-0.19,1509.25,15.09
35,매도 진입,2023-01-16 20:00,S1,1915.67,51.5,98657.005,0,0.00,0,0.00,-191.58,-0.19,1509.25,15.09
36,매도 청산,2023-01-16 21:10,XS2,1915.67,62.95,120813.64,222.21,0.18,222.21,0.18,-11.96,-0.01,1731.47,17.31
36,매도 진입,2023-01-16 20:40,S2,1919.2,62.95,120813.64,222.21,0.18,222.21,0.18,-11.96,-0.01,1731.47,17.31
37,매도 청산,2023-01-17 14:40,XS1,1909.34,151.51,289867.4169,583.31,0.20,590.89,0.20,-0.76,0.00,2314.78,23.15
37,매도 진입,2023-01-17 14:20,S1,1913.19,151.51,289867.4169,583.31,0.20,590.89,0.20,-0.76,0.00,2314.78,23.15
38,매도 청산,2023-01-18 23:50,반대신호정리,1920.495,40.22,76743.1787,-499.13,-0.65,458.91,0.60,-718.33,-0.94,1815.65,18.16
38,매도 진입,2023-01-18 04:40,S1,1908.085,40.22,76743.1787,-499.13,-0.65,458.91,0.60,-718.33,-0.94,1815.65,18.16
39,매도 청산,2023-01-18 23:50,반대신호정리,1920.495,49.16,94023.6618,-387.87,-0.41,114.3,0.12,-655.79,-0.70,1427.78,14.28
39,매도 진입,2023-01-18 17:10,S2,1912.605,49.16,94023.6618,-387.87,-0.41,114.3,0.12,-655.79,-0.70,1427.78,14.28
40,매수 청산,2023-01-19 03:40,반대신호정리,1904.57,31.81,61025.09925,-440.73,-0.72,27.2,0.04,-533.45,-0.87,987.05,9.87
40,매수 진입,2023-01-19 00:10,L1,1918.425,31.81,61025.09925,-440.73,-0.72,27.2,0.04,-533.45,-0.87,987.05,9.87
41,매수 청산,2023-01-19 03:40,반대신호정리,1904.57,38.88,74366.1648,-316.48,-0.43,3.69,0.00,-429.82,-0.58,670.57,6.71
41,매수 진입,2023-01-19 00:50,L2,1912.71,38.88,74366.1648,-316.48,-0.43,3.69,0.00,-429.82,-0.58,670.57,6.71
42,매수 청산,2023-01-19 03:40,반대신호정리,1904.57,49.99,95330.68005,-121.23,-0.13,136.97,0.14,-266.95,-0.28,549.34,5.49
42,매수 진입,2023-01-19 01:30,L3,1906.995,49.99,95330.68005,-121.23,-0.13,136.97,0.14,-266.95,-0.28,549.34,5.49
43,매도 청산,2023-01-19 19:20,반대신호정리,1908.645,31.81,60581.34975,-132.65,-0.22,109.43,0.18,-393.33,-0.65,416.69,4.17
43,매도 진입,2023-01-19 06:30,S1,1904.475,31.81,60581.34975,-132.65,-0.22,109.43,0.18,-393.33,-0.65,416.69,4.17
44,매도 청산,2023-01-19 19:20,반대신호정리,1908.645,38.88,74268.1872,60.07,0.08,143.27,0.19,-258.55,-0.35,476.76,4.77
44,매도 진입,2023-01-19 12:40,S2,1910.19,38.88,74268.1872,60.07,0.08,143.27,0.19,-258.55,-0.35,476.76,4.77
45,매수 청산,2023-01-19 21:20,XL1,1910.625,78.36,149534.7798,181.8,0.12,181.8,0.12,-123.42,-0.08,658.56,6.59
45,매수 진입,2023-01-19 20:40,L1,1908.305,78.36,149534.7798,181.8,0.12,181.8,0.12,-123.42,-0.08,658.56,6.59
46,매수 청산,2023-01-20 04:20,XL1,1928.265,58.74,112720.8852,545.4,0.48,545.4,0.48,-30.84,-0.03,1203.96,12.04
46,매수 진입,2023-01-20 02:50,L1,1918.98,58.74,112720.8852,545.4,0.48,545.4,0.48,-30.84,-0.03,1203.96,12.04
47,매수 청산,2023-01-23 17:30,반대신호정리,1922.1,53.71,103523.8766,-287.89,-0.28,84.59,0.08,-456.27,-0.44,916.07,9.16
47,매수 진입,2023-01-23 14:20,L1,1927.46,53.71,103523.8766,-287.89,-0.28,84.59,0.08,-456.27,-0.44,916.07,9.16
48,매수 청산,2023-01-23 17:30,반대신호정리,1922.1,65.64,126296.283,-129.64,-0.10,45.95,0.04,-335.42,-0.27,786.44,7.86
48,매수 진입,2023-01-23 15:10,L2,1924.075,65.64,126296.283,-129.64,-0.10,45.95,0.04,-335.42,-0.27,786.44,7.86
49,매수 청산,2023-01-24 21:10,XL1,1938.695,64.36,124774.4102,0,0.00,111.34,0.09,-277.07,-0.22,786.44,7.86
49,매수 진입,2023-01-24 17:20,L1,1938.695,64.36,124774.4102,0,0.00,111.34,0.09,-277.07,-0.22,786.44,7.86
50,매수 청산,2023-01-24 21:10,XL2,1938.695,78.66,152275.5342,222.21,0.15,222.21,0.15,-116.42,-0.08,1008.65,10.09
50,매수 진입,2023-01-24 18:30,L2,1935.87,78.66,152275.5342,222.21,0.15,222.21,0.15,-116.42,-0.08,1008.65,10.09
51,매도 청산,2023-01-25 16:20,XS1,1931.079,236.12,455651.3894,-314.98,-0.07,44.86,0.01,-975.18,-0.21,693.67,6.94
51,매도 진입,2023-01-25 15:30,S1,1929.745,236.12,455651.3894,-314.98,-0.07,44.86,0.01,-975.18,-0.21,693.67,6.94
52,매도 청산,2023-01-25 16:20,XS2,1931.079,288.6,557146.629,-162.77,-0.03,53.39,0.01,-969.7,-0.17,530.9,5.31
52,매도 진입,2023-01-25 15:30,S2,1930.515,288.6,557146.629,-162.77,-0.03,53.39,0.01,-969.7,-0.17,530.9,5.31
53,매도 청산,2023-01-25 16:20,XS2,1931.079,288.6,557268.9954,-40.4,-0.01,0,0.00,-847.33,-0.15,490.49,4.90
53,매도 진입,2023-01-25 15:30,S2,1930.939,288.6,557268.9954,-40.4,-0.01,0,0.00,-847.33,-0.15,490.49,4.90
54,매도 청산,2023-01-25 16:20,XS2,1931.079,288.6,557433.786,124.39,0.02,124.39,0.02,-682.54,-0.12,614.88,6.15
54,매도 진입,2023-01-25 15:30,S2,1931.51,288.6,557433.786,124.39,0.02,124.39,0.02,-682.54,-0.12,614.88,6.15
55,매도 청산,2023-01-25 16:20,XS2,1931.079,288.6,557428.5912,119.19,0.02,119.19,0.02,-687.73,-0.12,734.07,7.34
55,매도 진입,2023-01-25 15:30,S2,1931.492,288.6,557428.5912,119.19,0.02,119.19,0.02,-687.73,-0.12,734.07,7.34
56,매도 청산,2023-01-25 16:20,XS2,1931.079,288.6,557585.301,275.9,0.05,275.9,0.05,-531.02,-0.10,1009.97,10.10
56,매도 진입,2023-01-25 15:30,S2,1932.035,288.6,557585.301,275.9,0.05,275.9,0.05,-531.02,-0.10,1009.97,10.10
57,매도 청산,2023-01-26 09:30,반대신호정리,1946.845,55.68,107748.0384,-652.29,-0.61,344.94,0.32,-786.76,-0.73,357.68,3.58
57,매도 진입,2023-01-26 00:10,S1,1935.13,55.68,107748.0384,-652.29,-0.61,344.94,0.32,-786.76,-0.73,357.68,3.58
58,매도 청산,2023-01-27 15:20,XS1,1923.675,147.81,284338.4018,0,0.00,77.6,0.03,-316.31,-0.11,357.68,3.58
58,매도 진입,2023-01-27 14:10,S1,1923.675,147.81,284338.4018,0,0.00,77.6,0.03,-316.31,-0.11,357.68,3.58
59,매도 청산,2023-01-27 15:20,XS2,1923.675,180.66,347753.3373,222.21,0.06,222.21,0.06,-164.4,-0.05,579.89,5.80
59,매도 진입,2023-01-27 14:30,S2,1924.905,180.66,347753.3373,222.21,0.06,222.21,0.06,-164.4,-0.05,579.89,5.80
60,매수 청산,2023-01-30 18:00,반대신호정리,1923.31,59.32,114589.927,-499.18,-0.44,30.85,0.03,-651.33,-0.57,80.71,0.81
60,매수 진입,2023-01-30 14:50,L1,1931.725,59.32,114589.927,-499.18,-0.44,30.85,0.03,-651.33,-0.57,80.71,0.81
61,매수 청산,2023-01-30 18:00,반대신호정리,1923.31,72.5,139827.85,-387.87,-0.28,43.14,0.03,-573.84,-0.41,-307.16,-3.07
61,매수 진입,2023-01-30 16:20,L2,1928.66,72.5,139827.85,-387.87,-0.28,43.14,0.03,-573.84,-0.41,-307.16,-3.07
62,매수 청산,2023-01-30 18:00,반대신호정리,1923.31,93.21,179484.7099,-212.98,-0.12,47.07,0.03,-452.07,-0.25,-520.15,-5.20
62,매수 진입,2023-01-30 16:40,L3,1925.595,93.21,179484.7099,-212.98,-0.12,47.07,0.03,-452.07,-0.25,-520.15,-5.20
63,매수 청산,2023-01-30 18:00,반대신호정리,1923.31,130.5,250890.165,101.79,0.04,175.52,0.07,-232.94,-0.09,-418.36,-4.18
63,매수 진입,2023-01-30 17:10,L4,1922.53,130.5,250890.165,101.79,0.04,175.52,0.07,-232.94,-0.09,-418.36,-4.18
64,매도 청산,2023-01-30 20:20,XS1,1924.315,90.68,174496.8842,0,0.00,25.84,0.01,-591.69,-0.34,-418.36,-4.18
64,매도 진입,2023-01-30 18:30,S1,1924.315,90.68,174496.8842,0,0.00,25.84,0.01,-591.69,-0.34,-418.36,-4.18
65,매도 청산,2023-01-30 20:20,XS2,1924.315,110.83,213494.0456,222.21,0.10,222.21,0.10,-500.95,-0.23,-196.14,-1.96
65,매도 진입,2023-01-30 19:00,S2,1926.32,110.83,213494.0456,222.21,0.10,222.21,0.10,-500.95,-0.23,-196.14,-1.96
66,매도 청산,2023-01-30 20:20,XS3,1924.315,142.5,274786.3125,571.42,0.21,571.42,0.21,-358.39,-0.13,375.28,3.75
66,매도 진입,2023-01-30 19:30,S3,1928.325,142.5,274786.3125,571.42,0.21,571.42,0.21,-358.39,-0.13,375.28,3.75
67,매도 청산,2023-01-30 20:20,XS4,1924.315,199.5,385100.835,1199.99,0.31,1199.99,0.31,-101.74,-0.03,1575.28,15.75
67,매도 진입,2023-01-30 19:50,S4,1930.33,199.5,385100.835,1199.99,0.31,1199.99,0.31,-101.74,-0.03,1575.28,15.75
68,매도 청산,2023-01-30 23:50,XS1,1924.675,90.68,174529.529,0,0.00,64.84,0.04,-521.41,-0.30,1575.28,15.75
68,매도 진입,2023-01-30 21:10,S1,1924.675,90.68,174529.529,0,0.00,64.84,0.04,-521.41,-0.30,1575.28,15.75
69,매도 청산,2023-01-30 23:50,XS2,1924.675,110.83,213533.9444,222.21,0.10,222.21,0.10,-415.06,-0.19,1797.49,17.97
69,매도 진입,2023-01-30 21:50,S2,1926.68,110.83,213533.9444,222.21,0.10,222.21,0.10,-415.06,-0.19,1797.49,17.97
70,매도 청산,2023-01-30 23:50,XS3,1924.675,142.5,274837.6125,571.42,0.21,571.42,0.21,-247.95,-0.09,2368.92,23.69
70,매도 진입,2023-01-30 22:30,S3,1928.685,142.5,274837.6125,571.42,0.21,571.42,0.21,-247.95,-0.09,2368.92,23.69
71,매도 청산,2023-01-31 12:10,XS1,1924.215,75.28,144854.9052,0,0.00,228.1,0.16,-242.03,-0.17,2368.92,23.69
71,매도 진입,2023-01-31 04:30,S1,1924.215,75.28,144854.9052,0,0.00,228.1,0.16,-242.03,-0.17,2368.92,23.69
72,매도 청산,2023-01-31 12:10,XS2,1924.215,92.01,177269.2263,222.2,0.13,222.2,0.13,-73.61,-0.04,2591.12,25.91
72,매도 진입,2023-01-31 10:40,S2,1926.63,92.01,177269.2263,222.2,0.13,222.2,0.13,-73.61,-0.04,2591.12,25.91
73,매도 청산,2023-01-31 15:00,XS1,1915.875,116.55,223840.6853,545.45,0.24,545.45,0.24,-50.12,-0.02,3136.57,31.37
73,매도 진입,2023-01-31 14:30,S1,1920.555,116.55,223840.6853,545.45,0.24,545.45,0.24,-50.12,-0.02,3136.57,31.37
74,매수 청산,2023-02-01 22:20,XL1,1931.39,111.54,215245.4304,181.81,0.08,345.77,0.16,-21.75,-0.01,3318.38,33.18
74,매수 진입,2023-02-01 22:00,L1,1929.76,111.54,215245.4304,181.81,0.08,345.77,0.16,-21.75,-0.01,3318.38,33.18
75,매도 청산,2023-02-06 18:20,반대신호정리,1870.84,23.9,44580.431,-132.65,-0.30,75.52,0.17,-385.15,-0.86,3185.74,31.86
75,매도 진입,2023-02-04 04:00,S1,1865.29,23.9,44580.431,-132.65,-0.30,75.52,0.17,-385.15,-0.86,3185.74,31.86
76,매도 청산,2023-02-06 18:20,반대신호정리,1870.84,29.22,54725.9919,60.05,0.11,79.77,0.15,-248.66,-0.45,3245.79,32.46
76,매도 진입,2023-02-06 10:40,S2,1872.895,29.22,54725.9919,60.05,0.11,79.77,0.15,-248.66,-0.45,3245.79,32.46
77,매수 청산,2023-02-06 22:40,XL1,1873.125,50.57,94684.99235,38.94,0.04,47.28,0.05,-197.98,-0.21,3284.72,32.85
77,매수 진입,2023-02-06 22:00,L1,1872.355,50.57,94684.99235,38.94,0.04,47.28,0.05,-197.98,-0.21,3284.72,32.85
78,매수 청산,2023-02-06 22:40,XL2,1873.125,61.81,115508.0556,269.8,0.23,273.82,0.24,-19.78,-0.02,3554.53,35.55
78,매수 진입,2023-02-06 22:20,L2,1868.76,61.81,115508.0556,269.8,0.23,273.82,0.24,-19.78,-0.02,3554.53,35.55
79,매수 청산,2023-02-07 14:00,XL1,1873.51,239.23,448199.7973,0,0.00,521.52,0.12,-424.63,-0.09,3554.53,35.55
79,매수 진입,2023-02-07 12:30,L1,1873.51,239.23,448199.7973,0,0.00,521.52,0.12,-424.63,-0.09,3554.53,35.55
80,매수 청산,2023-02-07 14:00,XL2,1873.51,292.39,547573.3725,222.22,0.04,562.85,0.10,-296.78,-0.05,3776.74,37.77
80,매수 진입,2023-02-07 13:00,L2,1872.75,292.39,547573.3725,222.22,0.04,562.85,0.10,-296.78,-0.05,3776.74,37.77
81,매수 청산,2023-02-07 14:00,XL3,1873.51,375.93,703737.2007,571.41,0.08,571.41,0.08,-95.86,-0.01,4348.16,43.48
81,매수 진입,2023-02-07 13:30,L3,1871.99,375.93,703737.2007,571.41,0.08,571.41,0.08,-95.86,-0.01,4348.16,43.48
82,매수 청산,2023-02-08 00:30,XL1,1873.42,44.13,82674.0246,0,0.00,92.45,0.11,-338.04,-0.41,4348.16,43.48
82,매수 진입,2023-02-07 19:00,L1,1873.42,44.13,82674.0246,0,0.00,92.45,0.11,-338.04,-0.41,4348.16,43.48
83,매수 청산,2023-02-08 00:30,XL2,1873.42,53.93,100811.349,222.19,0.22,222.19,0.22,-190.91,-0.19,4570.35,45.70
83,매수 진입,2023-02-07 20:20,L2,1869.3,53.93,100811.349,222.19,0.22,222.19,0.22,-190.91,-0.19,4570.35,45.70
84,매수 청산,2023-02-08 02:50,XL1,1881.07,53.39,100085.6948,344.63,0.34,522.96,0.52,-232.78,-0.23,4914.98,49.15
84,매수 진입,2023-02-08 02:00,L1,1874.615,53.39,100085.6948,344.63,0.34,522.96,0.52,-232.78,-0.23,4914.98,49.15
85,매수 청산,2023-02-08 02:50,XL2,1881.07,65.26,122115.1646,643.46,0.53,861.43,0.71,-62.32,-0.05,5558.44,55.58
85,매수 진입,2023-02-08 02:30,L2,1871.21,65.26,122115.1646,643.46,0.53,861.43,0.71,-62.32,-0.05,5558.44,55.58
86,매수 청산,2023-02-09 01:20,반대신호정리,1878.48,16.98,31868.2338,28.36,0.09,164.79,0.52,-129.9,-0.41,5586.8,55.87
86,매수 진입,2023-02-08 14:20,L1,1876.81,16.98,31868.2338,28.36,0.09,164.79,0.52,-129.9,-0.41,5586.8,55.87
87,매도 청산,2023-02-10 20:10,반대신호정리,1861.18,24.73,46148.1584,121.18,0.26,327.55,0.71,-151.59,-0.33,5707.98,57.08
87,매도 진입,2023-02-10 04:30,S1,1866.08,24.73,46148.1584,121.18,0.26,327.55,0.71,-151.59,-0.33,5707.98,57.08
88,매수 청산,2023-02-13 15:10,반대신호정리,1861.585,32.64,60838.3488,-76.21,-0.13,60.55,0.10,-224.24,-0.37,5631.76,56.32
88,매수 진입,2023-02-11 05:40,L1,1863.92,32.64,60838.3488,-76.21,-0.13,60.55,0.10,-224.24,-0.37,5631.76,56.32
89,매수 청산,2023-02-13 15:10,반대신호정리,1861.585,39.89,74129.5815,129.04,0.17,165.14,0.22,-51.86,-0.07,5760.81,57.61
89,매수 진입,2023-02-13 10:30,L2,1858.35,39.89,74129.5815,129.04,0.17,165.14,0.22,-51.86,-0.07,5760.81,57.61
90,매도 청산,2023-02-13 21:00,XS1,1860.76,179.13,333317.9388,0,0.00,123.6,0.04,-357.36,-0.11,5760.81,57.61
90,매도 진입,2023-02-13 20:10,S1,1860.76,179.13,333317.9388,0,0.00,123.6,0.04,-357.36,-0.11,5760.81,57.61
91,매도 청산,2023-02-13 21:00,XS2,1860.76,218.93,407598.4008,222.21,0.05,222.21,0.05,-214.55,-0.05,5983.02,59.83
91,매도 진입,2023-02-13 20:20,S2,1861.775,218.93,407598.4008,222.21,0.05,222.21,0.05,-214.55,-0.05,5983.02,59.83
92,매도 청산,2023-02-13 23:30,XS1,1856.33,179.13,332706.2098,181.82,0.05,242.72,0.07,-151.36,-0.05,6164.84,61.65
92,매도 진입,2023-02-13 23:10,S1,1857.345,179.13,332706.2098,181.82,0.05,242.72,0.07,-151.36,-0.05,6164.84,61.65
93,매도 청산,2023-02-14 16:20,반대신호정리,1858.695,36.18,67223.1636,-24.42,-0.04,271.17,0.40,-250.18,-0.37,6140.42,61.40
93,매도 진입,2023-02-13 23:50,S1,1858.02,36.18,67223.1636,-24.42,-0.04,271.17,0.40,-250.18,-0.37,6140.42,61.40
94,매수 청산,2023-02-14 21:20,XL1,1859.045,80.45,149378.3533,181.82,0.12,181.82,0.12,-92.12,-0.06,6322.23,63.22
94,매수 진입,2023-02-14 20:40,L1,1856.785,80.45,149378.3533,181.82,0.12,181.82,0.12,-92.12,-0.06,6322.23,63.22
95,매도 청산,2023-02-15 15:30,XS1,1843.255,169.13,312295.1624,545.44,0.17,545.44,0.17,-36.36,-0.01,6867.68,68.68
95,매도 진입,2023-02-15 15:00,S1,1846.48,169.13,312295.1624,545.44,0.17,545.44,0.17,-36.36,-0.01,6867.68,68.68
96,매수 청산,2023-02-16 14:00,XL1,1841.135,189.39,348692.5576,0,0.00,285.98,0.08,-325.75,-0.09,6867.68,68.68
96,매수 진입,2023-02-16 11:30,L1,1841.135,189.39,348692.5576,0,0.00,285.98,0.08,-325.75,-0.09,6867.68,68.68
97,매수 청산,2023-02-16 14:00,XL2,1841.135,231.48,425963.709,222.22,0.05,222.22,0.05,-175.92,-0.04,7089.9,70.90
97,매수 진입,2023-02-16 12:30,L2,1840.175,231.48,425963.709,222.22,0.05,222.22,0.05,-175.92,-0.04,7089.9,70.90
98,매수 청산,2023-02-16 18:10,XL1,1839.965,61.21,112624.2576,0,0.00,15.91,0.01,-196.79,-0.17,7089.9,70.90
98,매수 진입,2023-02-16 17:40,L1,1839.965,61.21,112624.2576,0,0.00,15.91,0.01,-196.79,-0.17,7089.9,70.90
99,매수 청산,2023-02-16 18:10,XL2,1839.965,74.82,137443.9659,222.22,0.16,240.17,0.17,-18.33,-0.01,7312.11,73.12
99,매수 진입,2023-02-16 17:50,L2,1836.995,74.82,137443.9659,222.22,0.16,240.17,0.17,-18.33,-0.01,7312.11,73.12
100,매수 청산,2023-02-16 22:00,XL1,1840.37,61.21,112467.254,181.79,0.16,181.79,0.16,-92.73,-0.08,7493.91,74.94
100,매수 진입,2023-02-16 21:00,L1,1837.4,61.21,112467.254,181.79,0.16,181.79,0.16,-92.73,-0.08,7493.91,74.94
101,매수 청산,2023-02-17 10:30,반대신호정리,1833.5,47.41,87385.40085,-459.17,-0.53,26.31,0.03,-588.36,-0.67,7034.74,70.35
101,매수 진입,2023-02-17 04:30,L1,1843.185,47.41,87385.40085,-459.17,-0.53,26.31,0.03,-588.36,-0.67,7034.74,70.35
102,매수 청산,2023-02-17 10:30,반대신호정리,1833.5,57.94,106571.939,-338.95,-0.32,31,0.03,-496.84,-0.47,6695.79,66.96
102,매수 진입,2023-02-17 05:20,L2,1839.35,57.94,106571.939,-338.95,-0.32,31,0.03,-496.84,-0.47,6695.79,66.96
103,매수 청산,2023-02-17 10:30,반대신호정리,1833.5,74.5,136745.8675,-150.12,-0.11,37.25,0.03,-353.13,-0.26,6545.67,65.46
103,매수 진입,2023-02-17 08:00,L3,1835.515,74.5,136745.8675,-150.12,-0.11,37.25,0.03,-353.13,-0.26,6545.67,65.46
104,매도 청산,2023-02-17 19:10,XS1,1824.09,72.15,131711.9895,103.9,0.08,472.94,0.36,-198.05,-0.15,6649.57,66.50
104,매도 진입,2023-02-17 16:50,S1,1825.53,72.15,131711.9895,103.9,0.08,472.94,0.36,-198.05,-0.15,6649.57,66.50
105,매도 청산,2023-02-17 19:10,XS2,1824.09,88.18,161197.449,349.19,0.22,446.63,0.28,-19.84,-0.01,6998.76,69.99
105,매도 진입,2023-02-17 18:50,S2,1828.05,88.18,161197.449,349.19,0.22,446.63,0.28,-19.84,-0.01,6998.76,69.99
106,매도 청산,2023-02-18 06:00,반대신호정리,1841.87,42.98,78499.7465,-663.83,-0.85,159.46,0.20,-741.83,-0.95,6334.94,63.35
106,매도 진입,2023-02-17 21:20,S1,1826.425,42.98,78499.7465,-663.83,-0.85,159.46,0.20,-741.83,-0.95,6334.94,63.35
107,매도 청산,2023-02-18 06:00,반대신호정리,1841.87,52.53,96164.30715,-589.12,-0.61,6.57,0.01,-684.47,-0.71,5745.81,57.46
107,매도 진입,2023-02-18 00:00,S2,1830.655,52.53,96164.30715,-589.12,-0.61,6.57,0.01,-684.47,-0.71,5745.81,57.46
108,매도 청산,2023-02-18 06:00,반대신호정리,1841.87,67.54,123928.1329,-471.77,-0.38,93.88,0.08,-594.35,-0.48,5274.05,52.74
108,매도 진입,2023-02-18 00:10,S3,1834.885,67.54,123928.1329,-471.77,-0.38,93.88,0.08,-594.35,-0.48,5274.05,52.74
109,매도 청산,2023-02-18 06:00,반대신호정리,1841.87,94.56,173906.7144,-260.51,-0.15,482.26,0.28,-432.14,-0.25,5013.53,50.14
109,매도 진입,2023-02-18 00:30,S4,1839.115,94.56,173906.7144,-260.51,-0.15,482.26,0.28,-432.14,-0.25,5013.53,50.14
110,매수 청산,2023-02-21 04:30,XL1,1842.665,98.81,182073.7287,0,0.00,484.66,0.27,-199.6,-0.11,5013.53,50.14
110,매수 진입,2023-02-20 14:00,L1,1842.665,98.81,182073.7287,0,0.00,484.66,0.27,-199.6,-0.11,5013.53,50.14
111,매수 청산,2023-02-21 04:30,XL2,1842.665,120.77,222316.4353,222.22,0.10,222.22,0.10,-21.74,-0.01,5235.75,52.36
111,매수 진입,2023-02-21 02:50,L2,1840.825,120.77,222316.4353,222.22,0.10,222.22,0.10,-21.74,-0.01,5235.75,52.36
112,매도 청산,2023-02-21 23:50,XS1,1836.075,41.08,75557.6224,131.66,0.17,369.31,0.49,-189.99,-0.25,5367.41,53.67
112,매도 진입,2023-02-21 14:00,S1,1839.28,41.08,75557.6224,131.66,0.17,369.31,0.49,-189.99,-0.25,5367.41,53.67
113,매도 청산,2023-02-21 23:50,XS2,1836.075,50.21,92572.42805,383.1,0.41,395.65,0.43,-10.04,-0.01,5750.51,57.51
113,매도 진입,2023-02-21 23:30,S2,1843.705,50.21,92572.42805,383.1,0.41,395.65,0.43,-10.04,-0.01,5750.51,57.51
114,매수 청산,2023-02-22 12:00,XL1,1836.382,324.67,596318.1423,-100,-0.02,211.04,0.04,-285.71,-0.05,5650.52,56.51
114,매수 진입,2023-02-22 11:40,L1,1836.69,324.67,596318.1423,-100,-0.02,211.04,0.04,-285.71,-0.05,5650.52,56.51
115,매수 청산,2023-02-22 12:00,XL2,1836.382,396.82,728613.1066,100,0.01,240.08,0.03,-126.98,-0.02,5750.51,57.51
115,매수 진입,2023-02-22 11:40,L2,1836.13,396.82,728613.1066,100,0.01,240.08,0.03,-126.98,-0.02,5750.51,57.51
116,매수 청산,2023-02-22 12:00,XL2,1836.382,396.82,728490.4892,222.62,0.03,222.62,0.03,-4.37,0.00,5973.13,59.73
116,매수 진입,2023-02-22 11:50,L2,1835.821,396.82,728490.4892,222.62,0.03,222.62,0.03,-4.37,0.00,5973.13,59.73
117,매수 청산,2023-02-23 00:20,XL1,1837.425,79.74,146516.2695,0,0.00,64.99,0.04,-480.43,-0.33,5973.13,59.73
117,매수 진입,2023-02-22 23:50,L1,1837.425,79.74,146516.2695,0,0.00,64.99,0.04,-480.43,-0.33,5973.13,59.73
118,매수 청산,2023-02-23 00:20,XL2,1837.425,97.46,178853.2317,222.21,0.12,222.21,0.12,-364.99,-0.20,6195.34,61.95
118,매수 진입,2023-02-23 00:00,L2,1835.145,97.46,178853.2317,222.21,0.12,222.21,0.12,-364.99,-0.20,6195.34,61.95
119,매수 청산,2023-02-23 00:20,XL3,1837.425,125.31,229676.3132,571.41,0.25,571.41,0.25,-183.58,-0.08,6766.75,67.67
119,매수 진입,2023-02-23 00:10,L3,1832.865,125.31,229676.3132,571.41,0.25,571.41,0.25,-183.58,-0.08,6766.75,67.67
120,매도 청산,2023-02-23 04:10,XS1,1827.235,79.74,146249.1405,545.42,0.37,545.42,0.37,-20.33,-0.01,7312.17,73.12
120,매도 진입,2023-02-23 02:50,S1,1834.075,79.74,146249.1405,545.42,0.37,545.42,0.37,-20.33,-0.01,7312.17,73.12
121,매도 청산,2023-02-24 13:20,반대신호정리,1825.265,37.91,69114.1001,-81.7,-0.12,32.41,0.05,-181.02,-0.26,7230.48,72.30
121,매도 진입,2023-02-24 03:50,S1,1823.11,37.91,69114.1001,-81.7,-0.12,32.41,0.05,-181.02,-0.26,7230.48,72.30
122,매수 청산,2023-02-24 17:00,XL1,1820.105,249.06,454315.3272,-999.98,-0.22,567.86,0.12,-999.98,-0.22,6230.5,62.31
122,매수 진입,2023-02-24 16:00,L1,1824.12,249.06,454315.3272,-999.98,-0.22,567.86,0.12,-999.98,-0.22,6230.5,62.31
123,매수 청산,2023-02-24 17:00,XL2,1820.105,304.41,555058.1499,-999.99,-0.18,418.56,0.08,-999.99,-0.18,5230.52,52.31
123,매수 진입,2023-02-24 16:20,L2,1823.39,304.41,555058.1499,-999.99,-0.18,418.56,0.08,-999.99,-0.18,5230.52,52.31
124,매수 청산,2023-02-24 17:00,XL3,1820.105,391.38,713352.6708,-999.98,-0.14,160.47,0.02,-999.98,-0.14,4230.54,42.31
124,매수 진입,2023-02-24 16:40,L3,1822.66,391.38,713352.6708,-999.98,-0.14,160.47,0.02,-999.98,-0.14,4230.54,42.31
125,매수 청산,2023-02-24 17:00,XL4,1820.105,547.94,998308.3242,-999.99,-0.10,169.86,0.02,-999.99,-0.10,3230.55,32.31
125,매수 진입,2023-02-24 16:50,L4,1821.93,547.94,998308.3242,-999.99,-0.10,169.86,0.02,-999.99,-0.10,3230.55,32.31
126,매수 청산,2023-02-24 17:00,XL5,1820.105,913.24,1663192.688,-1000,-0.06,155.25,0.01,-1000,-0.06,2230.55,22.31
126,매수 진입,2023-02-24 17:00,L5,1821.2,913.24,1663192.688,-1000,-0.06,155.25,0.01,-1000,-0.06,2230.55,22.31
127,매수 청산,2023-02-24 17:00,XL6,1820.105,2739.72,4987578.068,-1000,-0.02,2246.57,0.05,-1000,-0.02,1230.55,12.31
127,매수 진입,2023-02-24 17:00,L6,1820.47,2739.72,4987578.068,-1000,-0.02,2246.57,0.05,-1000,-0.02,1230.55,12.31
128,매도 청산,2023-02-27 18:00,XS1,1809.58,72.58,131339.3164,0,0.00,171.29,0.13,-303.38,-0.23,1230.55,12.31
128,매도 진입,2023-02-27 15:20,S1,1809.58,72.58,131339.3164,0,0.00,171.29,0.13,-303.38,-0.23,1230.55,12.31
129,매도 청산,2023-02-27 18:00,XS2,1809.58,88.71,160750.0603,222.22,0.14,222.22,0.14,-148.59,-0.09,1452.77,14.53
129,매도 진입,2023-02-27 16:50,S2,1812.085,88.71,160750.0603,222.22,0.14,222.22,0.14,-148.59,-0.09,1452.77,14.53
130,매수 청산,2023-02-28 01:50,XL1,1816.06,67.96,123404.1466,15.29,0.01,45.87,0.04,-215.77,-0.17,1468.06,14.68
130,매수 진입,2023-02-28 00:40,L1,1815.835,67.96,123404.1466,15.29,0.01,45.87,0.04,-215.77,-0.17,1468.06,14.68
131,매수 청산,2023-02-28 01:50,XL2,1816.06,83.07,150619.2012,240.9,0.16,256.69,0.17,-41.53,-0.03,1708.97,17.09
131,매수 진입,2023-02-28 01:30,L2,1813.16,83.07,150619.2012,240.9,0.16,256.69,0.17,-41.53,-0.03,1708.97,17.09
132,매수 청산,2023-02-28 15:50,반대신호정리,1816,67.96,123544.1442,-128.78,-0.10,155.63,0.13,-381.94,-0.31,1580.18,15.80
132,매수 진입,2023-02-28 03:30,L1,1817.895,67.96,123544.1442,-128.78,-0.10,155.63,0.13,-381.94,-0.31,1580.18,15.80
133,매수 청산,2023-02-28 15:50,반대신호정리,1816,83.07,150790.3254,64.79,0.04,151.19,0.10,-244.64,-0.16,1644.98,16.45
133,매수 진입,2023-02-28 12:50,L2,1815.22,83.07,150790.3254,64.79,0.04,151.19,0.10,-244.64,-0.16,1644.98,16.45
134,매수 청산,2023-02-28 15:50,반대신호정리,1816,106.8,193579.806,368.99,0.19,480.07,0.25,-28.84,-0.01,2013.97,20.14
134,매수 진입,2023-02-28 14:30,L3,1812.545,106.8,193579.806,368.99,0.19,480.07,0.25,-28.84,-0.01,2013.97,20.14
135,매도 청산,2023-03-01 02:10,XS1,1829.09,50.78,91881.332,-999.86,-1.09,104.1,0.11,-999.86,-1.09,1014.11,10.14
135,매도 진입,2023-02-28 22:00,S1,1809.4,50.78,91881.332,-999.86,-1.09,104.1,0.11,-999.86,-1.09,1014.11,10.14
136,매도 청산,2023-03-01 02:10,XS2,1829.09,62.07,112531.6686,-999.95,-0.89,30.72,0.03,-999.95,-0.89,14.16,0.14
136,매도 진입,2023-02-28 22:50,S2,1812.98,62.07,112531.6686,-999.95,-0.89,30.72,0.03,-999.95,-0.89,14.16,0.14
137,매도 청산,2023-03-01 02:10,XS3,1829.09,79.8,144961.488,-999.89,-0.69,253.37,0.17,-999.89,-0.69,-985.73,-9.86
137,매도 진입,2023-02-28 23:20,S3,1816.56,79.8,144961.488,-999.89,-0.69,253.37,0.17,-999.89,-0.69,-985.73,-9.86
138,매도 청산,2023-03-01 02:10,XS4,1829.09,111.73,203364.2422,-999.98,-0.49,0,0.00,-999.98,-0.49,-1985.71,-19.86
138,매도 진입,2023-03-01 00:00,S4,1820.14,111.73,203364.2422,-999.98,-0.49,0,0.00,-999.98,-0.49,-1985.71,-19.86
139,매도 청산,2023-03-01 02:10,XS5,1829.09,186.21,339594.9012,-999.95,-0.29,481.35,0.14,-999.95,-0.29,-2985.66,-29.86
139,매도 진입,2023-03-01 00:00,S5,1823.72,186.21,339594.9012,-999.95,-0.29,481.35,0.14,-999.95,-0.29,-2985.66,-29.86
140,매수 청산,2023-03-01 12:20,XL1,1830.575,208.98,382008.1257,545.44,0.14,545.44,0.14,-83.59,-0.02,-2440.22,-24.40
140,매수 진입,2023-03-01 11:40,L1,1827.965,208.98,382008.1257,545.44,0.14,545.44,0.14,-83.59,-0.02,-2440.22,-24.40
141,매도 청산,2023-03-02 20:50,XS1,1835.857,129.4,237459.999,-99.9,-0.04,51.11,0.02,-295.68,-0.12,-2540.12,-25.40
141,매도 진입,2023-03-02 20:30,S1,1835.085,129.4,237459.999,-99.9,-0.04,51.11,0.02,-295.68,-0.12,-2540.12,-25.40
142,매도 청산,2023-03-02 20:50,XS2,1835.857,158.16,290459.2584,100.12,0.03,100.12,0.03,-139.18,-0.05,-2440,-24.40
142,매도 진입,2023-03-02 20:30,S2,1836.49,158.16,290459.2584,100.12,0.03,100.12,0.03,-139.18,-0.05,-2440,-24.40
143,매도 청산,2023-03-02 20:50,XS2,1835.857,158.16,290581.5161,222.37,0.08,222.37,0.08,-16.92,-0.01,-2217.63,-22.18
143,매도 진입,2023-03-02 20:40,S2,1837.263,158.16,290581.5161,222.37,0.08,222.37,0.08,-16.92,-0.01,-2217.63,-22.18
144,매도 청산,2023-03-03 16:30,반대신호정리,1843.545,57.35,105306.9303,-420.38,-0.40,221.37,0.21,-492.64,-0.47,-2638.01,-26.38
144,매도 진입,2023-03-02 23:40,S1,1836.215,57.35,105306.9303,-420.38,-0.40,221.37,0.21,-492.64,-0.47,-2638.01,-26.38
145,매수 청산,2023-03-03 20:10,XL1,1847.99,86.16,159041.0208,181.8,0.11,181.8,0.11,-54.71,-0.03,-2456.21,-24.56
145,매수 진입,2023-03-03 19:00,L1,1845.88,86.16,159041.0208,181.8,0.11,181.8,0.11,-54.71,-0.03,-2456.21,-24.56
146,매수 청산,2023-03-03 22:20,XL1,1847.25,86.16,158977.2624,181.8,0.11,181.8,0.11,-46.1,-0.03,-2274.41,-22.74
146,매수 진입,2023-03-03 21:50,L1,1845.14,86.16,158977.2624,181.8,0.11,181.8,0.11,-46.1,-0.03,-2274.41,-22.74
147,매도 청산,2023-03-07 09:10,XS1,1845,81.16,150285.5952,545.4,0.36,545.4,0.36,-91.71,-0.06,-1729.02,-17.29
147,매도 진입,2023-03-07 02:00,S1,1851.72,81.16,150285.5952,545.4,0.36,545.4,0.36,-91.71,-0.06,-1729.02,-17.29
148,매도 청산,2023-03-08 22:20,반대신호정리,1813.19,60.8,110319.472,77.52,0.07,306.43,0.28,-135.28,-0.12,-1651.5,-16.51
148,매도 진입,2023-03-08 05:10,S1,1814.465,60.8,110319.472,77.52,0.07,306.43,0.28,-135.28,-0.12,-1651.5,-16.51
149,매수 청산,2023-03-09 12:40,반대신호정리,1813.795,43.03,78274.36695,-226.77,-0.29,26.46,0.03,-304.65,-0.39,-1878.26,-18.78
149,매수 진입,2023-03-09 01:40,L1,1819.065,43.03,78274.36695,-226.77,-0.29,26.46,0.03,-304.65,-0.39,-1878.26,-18.78
150,매수 청산,2023-03-09 12:40,반대신호정리,1813.795,52.59,95442.4356,-54.96,-0.06,88.61,0.09,-150.14,-0.16,-1933.22,-19.33
150,매수 진입,2023-03-09 03:00,L2,1814.84,52.59,95442.4356,-54.96,-0.06,88.61,0.09,-150.14,-0.16,-1933.22,-19.33
151,매수 청산,2023-03-09 22:30,XL1,1818.83,87.83,159747.8389,0,0.00,63.24,0.04,-289.4,-0.18,-1933.22,-19.33
151,매수 진입,2023-03-09 21:00,L1,1818.83,87.83,159747.8389,0,0.00,63.24,0.04,-289.4,-0.18,-1933.22,-19.33
152,매수 청산,2023-03-09 22:30,XL2,1818.83,107.35,195029.186,222.21,0.11,222.21,0.11,-131.5,-0.07,-1711.01,-17.11
152,매수 진입,2023-03-09 22:10,L2,1816.76,107.35,195029.186,222.21,0.11,222.21,0.11,-131.5,-0.07,-1711.01,-17.11
153,매수 청산,2023-03-10 22:40,XL1,1842.915,38.64,70664.832,545.4,0.77,545.4,0.77,-123.07,-0.17,-1165.6,-11.66
153,매수 진입,2023-03-10 01:00,L1,1828.8,38.64,70664.832,545.4,0.77,545.4,0.77,-123.07,-0.17,-1165.6,-11.66
154,매수 청산,2023-03-13 07:00,XL1,1886.105,22.43,41759.9497,545.39,1.31,545.39,1.31,-16.49,-0.04,-620.22,-6.20
154,매수 진입,2023-03-11 03:20,L1,1861.79,22.43,41759.9497,545.39,1.31,545.39,1.31,-16.49,-0.04,-620.22,-6.20
155,매수 청산,2023-03-14 15:10,반대신호정리,1906.955,22.01,41969.87855,2.2,0.01,172.56,0.41,-116.32,-0.28,-618.02,-6.18
155,매수 진입,2023-03-14 00:40,L1,1906.855,22.01,41969.87855,2.2,0.01,172.56,0.41,-116.32,-0.28,-618.02,-6.18
156,매도 청산,2023-03-14 16:20,XS2,1912.25,69.52,132757.8252,-181.79,-0.14,0,0.00,-181.79,-0.14,-799.81,-8.00
156,매도 진입,2023-03-14 16:10,S1,1909.635,69.52,132757.8252,-181.79,-0.14,0,0.00,-181.79,-0.14,-799.81,-8.00
157,매도 청산,2023-03-14 16:20,XS2,1912.25,15.45,29544.2625,0,0.00,0,0.00,0,0.00,-799.81,-8.00
157,매도 진입,2023-03-14 16:20,S2,1912.25,15.45,29544.2625,0,0.00,0,0.00,0,0.00,-799.81,-8.00
158,매도 청산,2023-03-14 17:10,반대신호정리,1909.18,69.52,132939.62,213.43,0.16,223.51,0.17,-80.3,-0.06,-586.39,-5.86
158,매도 진입,2023-03-14 16:20,S2,1912.25,69.52,132939.62,213.43,0.16,223.51,0.17,-80.3,-0.06,-586.39,-5.86
159,매도 청산,2023-03-14 21:30,XS1,1899.875,41.6,79216.592,181.79,0.23,181.79,0.23,-240.03,-0.30,-404.59,-4.05
159,매도 진입,2023-03-14 20:50,S1,1904.245,41.6,79216.592,181.79,0.23,181.79,0.23,-240.03,-0.30,-404.59,-4.05
160,매도 청산,2023-03-14 21:30,XS2,1899.875,50.85,97053.07275,444.43,0.46,444.43,0.46,-71.19,-0.07,39.84,0.40
160,매도 진입,2023-03-14 21:30,S2,1908.615,50.85,97053.07275,444.43,0.46,444.43,0.46,-71.19,-0.07,39.84,0.40
161,매도 청산,2023-03-15 04:40,반대신호정리,1904.175,30.15,57470.87475,60,0.10,74.02,0.13,-125.88,-0.22,99.83,1.00
161,매도 진입,2023-03-15 01:40,S1,1906.165,30.15,57470.87475,60,0.10,74.02,0.13,-125.88,-0.22,99.83,1.00
162,매도 청산,2023-03-15 16:20,XS1,1900.43,162.33,308504.9184,8.12,0.00,105.51,0.03,-306.8,-0.10,107.95,1.08
162,매도 진입,2023-03-15 16:00,S1,1900.48,162.33,308504.9184,8.12,0.00,105.51,0.03,-306.8,-0.10,107.95,1.08
163,매도 청산,2023-03-15 16:20,XS2,1900.43,198.41,377296.456,232.14,0.06,351.19,0.09,-152.78,-0.04,340.09,3.40
163,매도 진입,2023-03-15 16:00,S2,1901.6,198.41,377296.456,232.14,0.06,351.19,0.09,-152.78,-0.04,340.09,3.40
164,매도 청산,2023-03-15 16:20,XS2,1900.43,198.41,377418.875,354.56,0.09,473.6,0.13,-30.36,-0.01,694.65,6.95
164,매도 진입,2023-03-15 16:00,S2,1902.217,198.41,377418.875,354.56,0.09,473.6,0.13,-30.36,-0.01,694.65,6.95
165,매수 청산,2023-03-16 04:00,XL1,1918.55,20.31,38965.7505,0,0.00,382.64,0.98,-192.13,-0.49,694.65,6.95
165,매수 진입,2023-03-15 22:40,L1,1918.55,20.31,38965.7505,0,0.00,382.64,0.98,-192.13,-0.49,694.65,6.95
166,매수 청산,2023-03-16 04:00,XL2,1918.55,24.82,47396.272,222.14,0.47,222.14,0.47,-12.66,-0.03,916.79,9.17
166,매수 진입,2023-03-16 03:30,L2,1909.6,24.82,47396.272,222.14,0.47,222.14,0.47,-12.66,-0.03,916.79,9.17
167,매수 청산,2023-03-16 09:50,XL1,1913.805,111.54,214465.7658,-999.96,-0.47,187.39,0.09,-999.96,-0.47,-83.17,-0.83
167,매수 진입,2023-03-16 09:10,L1,1922.77,111.54,214465.7658,-999.96,-0.47,187.39,0.09,-999.96,-0.47,-83.17,-0.83
168,매수 청산,2023-03-16 09:50,XL2,1913.805,136.33,261909.0162,-999.98,-0.38,0,0.00,-999.98,-0.38,-1083.15,-10.83
168,매수 진입,2023-03-16 09:40,L2,1921.14,136.33,261909.0162,-999.98,-0.38,0,0.00,-999.98,-0.38,-1083.15,-10.83
169,매수 청산,2023-03-16 09:50,XL3,1913.805,175.28,336451.7128,-999.97,-0.30,273.44,0.08,-999.97,-0.30,-2083.12,-20.83
169,매수 진입,2023-03-16 09:50,L3,1919.51,175.28,336451.7128,-999.97,-0.30,273.44,0.08,-999.97,-0.30,-2083.12,-20.83
170,매수 청산,2023-03-16 09:50,XL4,1913.805,245.39,470628.5732,-999.96,-0.21,0,0.00,-999.96,-0.21,-3083.09,-30.83
170,매수 진입,2023-03-16 09:50,L4,1917.88,245.39,470628.5732,-999.96,-0.21,0,0.00,-999.96,-0.21,-3083.09,-30.83
171,매수 청산,2023-03-16 09:50,XL5,1913.805,408.99,783727.0875,-999.98,-0.13,0,0.00,-999.98,-0.13,-4083.07,-40.83
171,매수 진입,2023-03-16 09:50,L5,1916.25,408.99,783727.0875,-999.98,-0.13,0,0.00,-999.98,-0.13,-4083.07,-40.83
172,매수 청산,2023-03-16 09:50,XL6,1913.805,1226.99,2349219.594,-1000,-0.04,766.87,0.03,-1000,-0.04,-5083.06,-50.83
172,매수 진입,2023-03-16 09:50,L6,1914.62,1226.99,2349219.594,-1000,-0.04,766.87,0.03,-1000,-0.04,-5083.06,-50.83
173,매도 청산,2023-03-16 13:00,XS1,1913.125,111.54,213389.9625,0,0.00,121.58,0.06,-208.02,-0.10,-5083.06,-50.83
173,매도 진입,2023-03-16 12:30,S1,1913.125,111.54,213389.9625,0,0.00,121.58,0.06,-208.02,-0.10,-5083.06,-50.83
174,매도 청산,2023-03-16 13:00,XS2,1913.125,136.33,261038.5492,222.22,0.09,350.37,0.13,-32.04,-0.01,-4860.84,-48.61
174,매도 진입,2023-03-16 12:40,S2,1914.755,136.33,261038.5492,222.22,0.09,350.37,0.13,-32.04,-0.01,-4860.84,-48.61
175,매도 청산,2023-03-16 15:20,XS1,1915.736,111.54,213581.2536,-99.94,-0.05,46.29,0.02,-623.51,-0.29,-4960.78,-49.61
175,매도 진입,2023-03-16 14:20,S1,1914.84,111.54,213581.2536,-99.94,-0.05,46.29,0.02,-623.51,-0.29,-4960.78,-49.61
176,매도 청산,2023-03-16 15:20,XS2,1915.736,136.33,261272.3551,100.07,0.04,160.87,0.06,-539.87,-0.21,-4860.72,-48.61
176,매도 진입,2023-03-16 14:20,S2,1916.47,136.33,261272.3551,100.07,0.04,160.87,0.06,-539.87,-0.21,-4860.72,-48.61
177,매도 청산,2023-03-16 15:20,XS2,1915.736,136.33,261394.6431,222.35,0.09,222.35,0.09,-417.58,-0.16,-4638.36,-46.38
177,매도 진입,2023-03-16 14:30,S2,1917.367,136.33,261394.6431,222.35,0.09,222.35,0.09,-417.58,-0.16,-4638.36,-46.38
178,매도 청산,2023-03-16 15:20,XS3,1915.736,175.28,336361.7942,571.59,0.17,571.59,0.17,-251.18,-0.07,-4066.78,-40.67
178,매도 진입,2023-03-16 14:40,S3,1918.997,175.28,336361.7942,571.59,0.17,571.59,0.17,-251.18,-0.07,-4066.78,-40.67
179,매수 청산,2023-03-17 07:30,반대신호정리,1920.445,26.95,51932.111,-176.12,-0.34,146.34,0.28,-365.17,-0.70,-4242.89,-42.43
179,매수 진입,2023-03-16 22:40,L1,1926.98,26.95,51932.111,-176.12,-0.34,146.34,0.28,-365.17,-0.70,-4242.89,-42.43
180,매수 청산,2023-03-17 07:30,반대신호정리,1920.445,32.94,63252.5409,6.92,0.01,135.71,0.21,-224.16,-0.35,-4235.98,-42.36
180,매수 진입,2023-03-16 23:50,L2,1920.235,32.94,63252.5409,6.92,0.01,135.71,0.21,-224.16,-0.35,-4235.98,-42.36
181,매수 청산,2023-03-17 07:30,반대신호정리,1920.445,42.35,81036.3015,294.54,0.36,327.15,0.40,-2.54,0.00,-3941.43,-39.41
181,매수 진입,2023-03-17 00:40,L3,1913.49,42.35,81036.3015,294.54,0.36,327.15,0.40,-2.54,0.00,-3941.43,-39.41
182,매수 청산,2023-03-17 16:40,XL1,1930.675,189.39,365624.0236,26.51,0.01,67.23,0.02,-258.52,-0.07,-3914.92,-39.15
182,매수 진입,2023-03-17 16:20,L1,1930.535,189.39,365624.0236,26.51,0.01,67.23,0.02,-258.52,-0.07,-3914.92,-39.15
183,매수 청산,2023-03-17 16:40,XL2,1930.675,231.48,446658.021,254.63,0.06,304.4,0.07,-93.75,-0.02,-3660.29,-36.60
183,매수 진입,2023-03-17 16:20,L2,1929.575,231.48,446658.021,254.63,0.06,304.4,0.07,-93.75,-0.02,-3660.29,-36.60
184,매수 청산,2023-03-17 17:40,XL1,1930.1,87.62,168933.5505,181.81,0.11,311.93,0.18,-19.28,-0.01,-3478.48,-34.78
184,매수 진입,2023-03-17 17:20,L1,1928.025,87.62,168933.5505,181.81,0.11,311.93,0.18,-19.28,-0.01,-3478.48,-34.78
185,매수 청산,2023-03-17 20:10,XL1,1932.865,87.62,169175.8198,181.81,0.11,181.81,0.11,-126.61,-0.07,-3296.67,-32.97
185,매수 진입,2023-03-17 19:40,L1,1930.79,87.62,169175.8198,181.81,0.11,181.81,0.11,-126.61,-0.07,-3296.67,-32.97
186,매수 청산,2023-03-21 01:10,반대신호정리,1977.605,21.55,43111.206,-493.82,-1.15,123.05,0.29,-744.12,-1.73,-3790.49,-37.90
186,매수 진입,2023-03-20 17:10,L1,2000.52,21.55,43111.206,-493.82,-1.15,123.05,0.29,-744.12,-1.73,-3790.49,-37.90
187,매수 청산,2023-03-21 01:10,반대신호정리,1977.605,26.34,52471.5189,-381.4,-0.73,43.2,0.08,-687.34,-1.31,-4171.89,-41.72
187,매수 진입,2023-03-20 18:20,L2,1992.085,26.34,52471.5189,-381.4,-0.73,43.2,0.08,-687.34,-1.31,-4171.89,-41.72
188,매수 청산,2023-03-21 01:10,반대신호정리,1977.605,33.87,67186.2255,-204.74,-0.30,170.2,0.25,-598.14,-0.89,-4376.63,-43.77
188,매수 진입,2023-03-20 19:00,L3,1983.65,33.87,67186.2255,-204.74,-0.30,170.2,0.25,-598.14,-0.89,-4376.63,-43.77
189,매수 청산,2023-03-21 01:10,반대신호정리,1977.605,47.42,93664.6953,113.33,0.12,542.01,0.58,-437.45,-0.47,-4263.3,-42.63
189,매수 진입,2023-03-20 19:30,L4,1975.215,47.42,93664.6953,113.33,0.12,542.01,0.58,-437.45,-0.47,-4263.3,-42.63
190,매도 청산,2023-03-22 12:00,XS1,1938.955,30.15,58459.49325,0,0.00,0,0.00,-221.6,-0.38,-4263.3,-42.63
190,매도 진입,2023-03-22 04:50,S1,1938.955,30.15,58459.49325,0,0.00,0,0.00,-221.6,-0.38,-4263.3,-42.63
191,매도 청산,2023-03-22 12:00,XS2,1938.955,36.85,71672.69725,222.21,0.31,222.21,0.31,-48.64,-0.07,-4041.09,-40.41
191,매도 진입,2023-03-22 10:00,S2,1944.985,36.85,71672.69725,222.21,0.31,222.21,0.31,-48.64,-0.07,-4041.09,-40.41
192,매도 청산,2023-03-22 14:30,XS1,1939.39,147.81,286661.2359,0,0.00,147.81,0.05,-276.4,-0.10,-4041.09,-40.41
192,매도 진입,2023-03-22 14:00,S1,1939.39,147.81,286661.2359,0,0.00,147.81,0.05,-276.4,-0.10,-4041.09,-40.41
193,매도 청산,2023-03-22 14:30,XS2,1939.39,180.66,350592.4092,222.21,0.06,289.96,0.08,-115.62,-0.03,-3818.88,-38.19
193,매도 진입,2023-03-22 14:10,S2,1940.62,180.66,350592.4092,222.21,0.06,289.96,0.08,-115.62,-0.03,-3818.88,-38.19
194,매수 청산,2023-03-23 03:00,XL1,1961.345,44.83,87381.7394,545.36,0.62,545.36,0.62,-186.04,-0.21,-3273.52,-32.74
194,매수 진입,2023-03-23 00:30,L1,1949.18,44.83,87381.7394,545.36,0.62,545.36,0.62,-186.04,-0.21,-3273.52,-32.74
195,매수 청산,2023-03-23 03:00,XL2,1961.345,54.8,106592.85,888.86,0.83,888.86,0.83,-5.21,0.00,-2384.67,-23.85
195,매수 진입,2023-03-23 02:50,L2,1945.125,54.8,106592.85,888.86,0.83,888.86,0.83,-5.21,0.00,-2384.67,-23.85
196,매수 청산,2023-03-23 22:00,XL1,1974.375,35.79,70662.88125,0,0.00,333.74,0.47,-278.63,-0.39,-2384.67,-23.85
196,매수 진입,2023-03-23 12:20,L1,1974.375,35.79,70662.88125,0,0.00,333.74,0.47,-278.63,-0.39,-2384.67,-23.85
197,매수 청산,2023-03-23 22:00,XL2,1974.375,43.74,86136.9633,222.2,0.26,222.2,0.26,-118.32,-0.14,-2162.47,-21.62
197,매수 진입,2023-03-23 21:40,L2,1969.295,43.74,86136.9633,222.2,0.26,222.2,0.26,-118.32,-0.14,-2162.47,-21.62
198,매수 청산,2023-03-24 03:00,XL1,2002.01,52.47,104500.039,545.43,0.52,545.43,0.52,-32.01,-0.03,-1617.04,-16.17
198,매수 진입,2023-03-24 02:20,L1,1991.615,52.47,104500.039,545.43,0.52,545.43,0.52,-32.01,-0.03,-1617.04,-16.17
199,매도 청산,2023-03-27 18:40,XS1,1957.635,27.48,54341.1504,545.34,1.00,545.34,1.00,-60.46,-0.11,-1071.7,-10.72
199,매도 진입,2023-03-25 03:50,S1,1977.48,27.48,54341.1504,545.34,1.00,545.34,1.00,-60.46,-0.11,-1071.7,-10.72
200,매도 청산,2023-03-27 21:20,XS1,1951.01,69.93,136661.0522,226.92,0.17,296.15,0.22,-42.66,-0.03,-844.78,-8.45
200,매도 진입,2023-03-27 21:00,S1,1954.255,69.93,136661.0522,226.92,0.17,296.15,0.22,-42.66,-0.03,-844.78,-8.45
201,매도 청산,2023-03-28 01:50,XS1,1955.915,52.85,103370.1077,0,0.00,156.44,0.15,-187.35,-0.18,-844.78,-8.45
201,매도 진입,2023-03-27 23:30,S1,1955.915,52.85,103370.1077,0,0.00,156.44,0.15,-187.35,-0.18,-844.78,-8.45
202,매도 청산,2023-03-28 01:50,XS2,1955.915,64.59,126554.7395,222.19,0.18,222.19,0.18,-6.78,-0.01,-622.59,-6.23
202,매도 진입,2023-03-28 01:00,S2,1959.355,64.59,126554.7395,222.19,0.18,222.19,0.18,-6.78,-0.01,-622.59,-6.23
203,매수 청산,2023-03-28 17:30,반대신호정리,1953.24,75.44,147939.726,-587.3,-0.40,64.12,0.04,-684.24,-0.46,-1209.89,-12.10
203,매수 진입,2023-03-28 11:10,L1,1961.025,75.44,147939.726,-587.3,-0.40,64.12,0.04,-684.24,-0.46,-1209.89,-12.10
204,매수 청산,2023-03-28 17:30,반대신호정리,1953.24,92.2,180584.303,-495.57,-0.27,214.37,0.12,-614.05,-0.34,-1705.47,-17.05
204,매수 진입,2023-03-28 13:10,L2,1958.615,92.2,180584.303,-495.57,-0.27,214.37,0.12,-614.05,-0.34,-1705.47,-17.05
205,매수 청산,2023-03-28 17:30,반대신호정리,1953.24,118.55,231908.1027,-351.5,-0.15,124.48,0.05,-503.84,-0.22,-2056.97,-20.57
205,매수 진입,2023-03-28 15:10,L3,1956.205,118.55,231908.1027,-351.5,-0.15,124.48,0.05,-503.84,-0.22,-2056.97,-20.57
206,매수 청산,2023-03-28 17:30,반대신호정리,1953.24,165.97,324271.3562,-92.11,-0.03,523.64,0.16,-305.38,-0.09,-2149.08,-21.49
206,매수 진입,2023-03-28 15:30,L4,1953.795,165.97,324271.3562,-92.11,-0.03,523.64,0.16,-305.38,-0.09,-2149.08,-21.49
207,매도 청산,2023-03-28 23:10,XS1,1960.16,50.15,97938.4365,-363.59,-0.37,56.42,0.06,-728.68,-0.74,-2512.67,-25.13
207,매도 진입,2023-03-28 18:50,S1,1952.91,50.15,97938.4365,-363.59,-0.37,56.42,0.06,-728.68,-0.74,-2512.67,-25.13
208,매도 청산,2023-03-28 23:10,XS2,1960.16,61.3,119935.5955,-222.21,-0.19,70.19,0.06,-668.48,-0.56,-2734.88,-27.35
208,매도 진입,2023-03-28 19:20,S2,1956.535,61.3,119935.5955,-222.21,-0.19,70.19,0.06,-668.48,-0.56,-2734.88,-27.35
209,매도 청산,2023-03-28 23:10,XS3,1960.16,78.81,154480.2096,0,0.00,106.39,0.07,-573.74,-0.37,-2734.88,-27.35
209,매도 진입,2023-03-28 21:10,S3,1960.16,78.81,154480.2096,0,0.00,106.39,0.07,-573.74,-0.37,-2734.88,-27.35
210,매도 청산,2023-03-28 23:10,XS4,1960.16,110.34,216684.0369,399.98,0.18,399.98,0.18,-403.29,-0.19,-2334.9,-23.35
210,매도 진입,2023-03-28 21:20,S4,1963.785,110.34,216684.0369,399.98,0.18,399.98,0.18,-403.29,-0.19,-2334.9,-23.35
211,매도 청산,2023-03-28 23:10,XS5,1960.16,183.9,361806.699,1333.28,0.37,1333.28,0.37,-5.52,0.00,-1001.62,-10.02
211,매도 진입,2023-03-28 21:30,S5,1967.41,183.9,361806.699,1333.28,0.37,1333.28,0.37,-5.52,0.00,-1001.62,-10.02
212,매도 청산,2023-03-29 20:30,XS1,1963.67,53.16,104388.6972,0,0.00,140.61,0.13,-294.51,-0.28,-1001.62,-10.02
212,매도 진입,2023-03-29 17:20,S1,1963.67,53.16,104388.6972,0,0.00,140.61,0.13,-294.51,-0.28,-1001.62,-10.02
213,매도 청산,2023-03-29 20:30,XS2,1963.67,64.97,127801.8373,222.2,0.17,222.2,0.17,-137.74,-0.11,-779.43,-7.79
213,매도 진입,2023-03-29 18:10,S2,1967.09,64.97,127801.8373,222.2,0.17,222.2,0.17,-137.74,-0.11,-779.43,-7.79
214,매도 청산,2023-03-30 10:40,XS1,1956.32,44.13,86877.8484,545.45,0.63,545.45,0.63,-137.69,-0.16,-233.98,-2.34
214,매도 진입,2023-03-29 23:40,S1,1968.68,44.13,86877.8484,545.45,0.63,545.45,0.63,-137.69,-0.16,-233.98,-2.34
215,매도 청산,2023-03-30 15:30,XS1,1968.418,126.7,248398.5175,-1000.04,-0.40,190.68,0.08,-1000.04,-0.40,-1234.02,-12.34
215,매도 진입,2023-03-30 12:30,S1,1960.525,126.7,248398.5175,-1000.04,-0.40,190.68,0.08,-1000.04,-0.40,-1234.02,-12.34
216,매도 청산,2023-03-30 15:30,XS2,1968.418,154.85,303809.506,-1000.02,-0.33,0,0.00,-1000.02,-0.33,-2234.04,-22.34
216,매도 진입,2023-03-30 14:20,S2,1961.96,154.85,303809.506,-1000.02,-0.33,0,0.00,-1000.02,-0.33,-2234.04,-22.34
217,매도 청산,2023-03-30 15:30,XS3,1968.418,199.1,390911.9445,-1000.08,-0.26,74.66,0.02,-1000.08,-0.26,-3234.12,-32.34
217,매도 진입,2023-03-30 14:30,S3,1963.395,199.1,390911.9445,-1000.08,-0.26,74.66,0.02,-1000.08,-0.26,-3234.12,-32.34
218,매도 청산,2023-03-30 15:30,XS4,1968.418,278.74,547676.7142,-1000.12,-0.18,504.52,0.09,-1000.12,-0.18,-4234.24,-42.34
218,매도 진입,2023-03-30 14:30,S4,1964.83,278.74,547676.7142,-1000.12,-0.18,504.52,0.09,-1000.12,-0.18,-4234.24,-42.34
219,매도 청산,2023-03-30 15:30,XS5,1968.418,464.57,913467.7311,-1000.22,-0.11,373.98,0.04,-1000.22,-0.11,-5234.46,-52.34
219,매도 진입,2023-03-30 15:00,S5,1966.265,464.57,913467.7311,-1000.22,-0.11,373.98,0.04,-1000.22,-0.11,-5234.46,-52.34
220,매도 청산,2023-03-30 15:30,XS6,1968.418,1393.72,2742422.844,-1000.69,-0.04,2641.1,0.10,-1000.69,-0.04,-6235.15,-62.35
220,매도 진입,2023-03-30 15:10,S6,1967.7,1393.72,2742422.844,-1000.69,-0.04,2641.1,0.10,-1000.69,-0.04,-6235.15,-62.35
221,매수 청산,2023-03-30 19:30,XL1,1970.44,58.18,114458.3867,181.81,0.16,181.81,0.16,-4.36,0.00,-6053.34,-60.53
221,매수 진입,2023-03-30 19:10,L1,1967.315,58.18,114458.3867,181.81,0.16,181.81,0.16,-4.36,0.00,-6053.34,-60.53
222,매수 청산,2023-03-30 23:10,XL1,1969.165,58.18,114384.2072,181.81,0.16,181.81,0.16,-117.81,-0.10,-5871.53,-58.72
222,매수 진입,2023-03-30 22:30,L1,1966.04,58.18,114384.2072,181.81,0.16,181.81,0.16,-117.81,-0.10,-5871.53,-58.72
223,매수 청산,2023-03-31 15:00,XL1,1980.935,204.29,404685.2111,0,0.00,242.08,0.06,-559.75,-0.14,-5871.53,-58.72
223,매수 진입,2023-03-31 12:50,L1,1980.935,204.29,404685.2111,0,0.00,242.08,0.06,-559.75,-0.14,-5871.53,-58.72
224,매수 청산,2023-03-31 15:00,XL2,1980.935,249.68,494377.6356,222.22,0.04,222.22,0.04,-461.91,-0.09,-5649.31,-56.49
224,매수 진입,2023-03-31 14:00,L2,1980.045,249.68,494377.6356,222.22,0.04,222.22,0.04,-461.91,-0.09,-5649.31,-56.49
225,매수 청산,2023-03-31 15:00,XL3,1980.935,321.02,635348.3381,571.42,0.09,571.42,0.09,-308.18,-0.05,-5077.9,-50.78
225,매수 진입,2023-03-31 14:20,L3,1979.155,321.02,635348.3381,571.42,0.09,571.42,0.09,-308.18,-0.05,-5077.9,-50.78
226,매수 청산,2023-03-31 15:00,XL4,1980.935,449.43,889091.639,1199.98,0.13,1199.98,0.13,-31.46,0.00,-3877.92,-38.78
226,매수 진입,2023-03-31 14:30,L4,1978.265,449.43,889091.639,1199.98,0.13,1199.98,0.13,-31.46,0.00,-3877.92,-38.78
227,매도 청산,2023-04-03 08:40,XS1,1958.305,41.08,80992.5064,545.34,0.67,545.34,0.67,-23.83,-0.03,-3332.58,-33.33
227,매도 진입,2023-04-01 03:50,S1,1971.58,41.08,80992.5064,545.34,0.67,545.34,0.67,-23.83,-0.03,-3332.58,-33.33
228,매도 청산,2023-04-03 22:40,반대신호정리,1974.86,28.65,55926.2325,-653.51,-1.17,33.38,0.06,-800.77,-1.43,-3986.09,-39.86
228,매도 진입,2023-04-03 13:40,S1,1952.05,28.65,55926.2325,-653.51,-1.17,33.38,0.06,-800.77,-1.43,-3986.09,-39.86
229,매도 청산,2023-04-03 22:40,반대신호정리,1974.86,35.02,68582.9929,-576.6,-0.84,19.79,0.03,-756.61,-1.10,-4562.69,-45.63
229,매도 진입,2023-04-03 16:10,S2,1958.395,35.02,68582.9929,-576.6,-0.84,19.79,0.03,-756.61,-1.10,-4562.69,-45.63
230,매도 청산,2023-04-03 22:40,반대신호정리,1974.86,45.02,88452.5948,-455.6,-0.52,85.99,0.10,-687.01,-0.78,-5018.29,-50.18
230,매도 진입,2023-04-03 17:10,S3,1964.74,45.02,88452.5948,-455.6,-0.52,85.99,0.10,-687.01,-0.78,-5018.29,-50.18
231,매수 청산,2023-04-04 14:40,반대신호정리,1980.135,31.02,61531.4271,-107.64,-0.17,78.02,0.13,-177.28,-0.29,-5125.93,-51.26
231,매수 진입,2023-04-04 02:10,L1,1983.605,31.02,61531.4271,-107.64,-0.17,78.02,0.13,-177.28,-0.29,-5125.93,-51.26
232,매도 청산,2023-04-04 17:20,XS1,1981.63,115.07,228026.1641,0,0.00,322.2,0.14,-306.66,-0.13,-5125.93,-51.26
232,매도 진입,2023-04-04 15:50,S1,1981.63,115.07,228026.1641,0,0.00,322.2,0.14,-306.66,-0.13,-5125.93,-51.26
233,매도 청산,2023-04-04 17:20,XS2,1981.63,140.64,278918.6544,222.21,0.08,222.21,0.08,-152.59,-0.05,-4903.72,-49.04
233,매도 진입,2023-04-04 16:50,S2,1983.21,140.64,278918.6544,222.21,0.08,222.21,0.08,-152.59,-0.05,-4903.72,-49.04
234,매도 청산,2023-04-04 19:00,XS1,1981.555,116.55,231132.0532,181.82,0.08,181.82,0.08,-86.83,-0.04,-4721.9,-47.22
234,매도 진입,2023-04-04 18:10,S1,1983.115,116.55,231132.0532,181.82,0.08,181.82,0.08,-86.83,-0.04,-4721.9,-47.22
235,매수 청산,2023-04-05 15:20,XL1,2025.665,57.53,115991.123,545.38,0.47,545.38,0.47,-29.34,-0.03,-4176.52,-41.77
235,매수 진입,2023-04-05 00:00,L1,2016.185,57.53,115991.123,545.38,0.47,545.38,0.47,-29.34,-0.03,-4176.52,-41.77
236,매수 청산,2023-04-05 16:20,XL1,2027.685,132.71,268548.6383,545.44,0.20,545.44,0.20,-78.3,-0.03,-3631.08,-36.31
236,매수 진입,2023-04-05 15:50,L1,2023.575,132.71,268548.6383,545.44,0.20,545.44,0.20,-78.3,-0.03,-3631.08,-36.31
237,매수 청산,2023-04-05 21:10,XL1,2027.41,55.51,112359.7338,181.8,0.16,181.8,0.16,-141.55,-0.13,-3449.29,-34.49
237,매수 진입,2023-04-05 18:00,L1,2024.135,55.51,112359.7338,181.8,0.16,181.8,0.16,-141.55,-0.13,-3449.29,-34.49
238,매도 청산,2023-04-06 13:40,XS2,2013.275,142.6,286911.2,-181.81,-0.06,19.96,0.01,-181.81,-0.06,-3631.1,-36.31
238,매도 진입,2023-04-06 13:40,S1,2012,142.6,286911.2,-181.81,-0.06,19.96,0.01,-181.81,-0.06,-3631.1,-36.31
239,매도 청산,2023-04-06 13:40,XS2,2013.275,31.69,63800.68475,0,0.00,0,0.00,0,0.00,-3631.1,-36.31
239,매도 진입,2023-04-06 13:40,S2,2013.275,31.69,63800.68475,0,0.00,0,0.00,0,0.00,-3631.1,-36.31
240,매도 청산,2023-04-06 15:20,XS1,2013.275,142.6,287093.015,0,0.00,167.56,0.06,-521.92,-0.18,-3631.1,-36.31
240,매도 진입,2023-04-06 13:40,S2,2013.275,142.6,287093.015,0,0.00,167.56,0.06,-521.92,-0.18,-3631.1,-36.31
241,매도 청산,2023-04-06 15:20,XS2,2013.275,174.29,351115.9195,222.22,0.06,222.22,0.06,-415.68,-0.12,-3408.88,-34.09
241,매도 진입,2023-04-06 14:30,S2,2014.55,174.29,351115.9195,222.22,0.06,222.22,0.06,-415.68,-0.12,-3408.88,-34.09
242,매도 청산,2023-04-06 15:20,XS3,2013.275,224.08,451706.066,571.4,0.13,571.4,0.13,-248.73,-0.06,-2837.48,-28.37
242,매도 진입,2023-04-06 14:50,S3,2015.825,224.08,451706.066,571.4,0.13,571.4,0.13,-248.73,-0.06,-2837.48,-28.37
243,매도 청산,2023-04-06 17:10,XS1,2014.94,128.49,258899.6406,0,0.00,54.61,0.02,-409.88,-0.16,-2837.48,-28.37
243,매도 진입,2023-04-06 16:20,S1,2014.94,128.49,258899.6406,0,0.00,54.61,0.02,-409.88,-0.16,-2837.48,-28.37
244,매도 청산,2023-04-06 17:10,XS2,2014.94,157.04,316648.3892,222.21,0.07,222.21,0.07,-278.75,-0.09,-2615.27,-26.15
244,매도 진입,2023-04-06 16:30,S2,2016.355,157.04,316648.3892,222.21,0.07,222.21,0.07,-278.75,-0.09,-2615.27,-26.15
245,매도 청산,2023-04-06 17:10,XS3,2014.94,201.91,407407.9407,571.41,0.14,571.41,0.14,-72.69,-0.02,-2043.86,-20.44
245,매도 진입,2023-04-06 16:30,S3,2017.77,201.91,407407.9407,571.41,0.14,571.41,0.14,-72.69,-0.02,-2043.86,-20.44
246,매도 청산,2023-04-10 07:00,XS1,1996.96,38.23,76889.13175,545.35,0.71,545.35,0.71,-144.89,-0.19,-1498.51,-14.99
246,매도 진입,2023-04-07 00:50,S1,2011.225,38.23,76889.13175,545.35,0.71,545.35,0.71,-144.89,-0.19,-1498.51,-14.99
247,매도 청산,2023-04-11 16:10,반대신호정리,1999.1,14.29,28485.61455,-81.52,-0.29,167.41,0.59,-137.9,-0.48,-1580.03,-15.80
247,매도 진입,2023-04-10 13:40,S1,1993.395,14.29,28485.61455,-81.52,-0.29,167.41,0.59,-137.9,-0.48,-1580.03,-15.80
248,매수 청산,2023-04-11 19:40,XL1,2004.04,110.86,221986.064,181.81,0.08,181.81,0.08,-88.69,-0.04,-1398.22,-13.98
248,매수 진입,2023-04-11 19:20,L1,2002.4,110.86,221986.064,181.81,0.08,181.81,0.08,-88.69,-0.04,-1398.22,-13.98
249,매수 청산,2023-04-12 16:20,XL2,2013.85,114.71,231190.5488,-181.82,-0.08,53.34,0.02,-181.82,-0.08,-1580.04,-15.80
249,매수 진입,2023-04-12 16:20,L1,2015.435,114.71,231190.5488,-181.82,-0.08,53.34,0.02,-181.82,-0.08,-1580.04,-15.80
250,매수 청산,2023-04-12 16:20,XL2,2013.85,25.49,51333.0365,0,0.00,0,0.00,0,0.00,-1580.04,-15.80
250,매수 진입,2023-04-12 16:20,L2,2013.85,25.49,51333.0365,0,0.00,0,0.00,0,0.00,-1580.04,-15.80
251,매수 청산,2023-04-12 21:30,반대신호정리,2007.475,114.71,231008.7335,-731.28,-0.32,14.91,0.01,-861.47,-0.37,-2311.32,-23.11
251,매수 진입,2023-04-12 16:20,L2,2013.85,114.71,231008.7335,-731.28,-0.32,14.91,0.01,-861.47,-0.37,-2311.32,-23.11
252,매수 청산,2023-04-12 21:30,반대신호정리,2007.475,140.2,282119.553,-671.56,-0.24,208.9,0.07,-830.68,-0.29,-2982.87,-29.83
252,매수 진입,2023-04-12 16:40,L2,2012.265,140.2,282119.553,-671.56,-0.24,208.9,0.07,-830.68,-0.29,-2982.87,-29.83
253,매수 청산,2023-04-12 21:30,반대신호정리,2007.475,180.26,362445.1768,-577.73,-0.16,197.38,0.05,-782.33,-0.22,-3560.61,-35.61
253,매수 진입,2023-04-12 17:00,L3,2010.68,180.26,362445.1768,-577.73,-0.16,197.38,0.05,-782.33,-0.22,-3560.61,-35.61
254,매수 청산,2023-04-12 21:30,반대신호정리,2007.475,252.36,507015.2142,-408.82,-0.08,651.09,0.13,-695.25,-0.14,-3969.43,-39.69
254,매수 진입,2023-04-12 17:50,L4,2009.095,252.36,507015.2142,-408.82,-0.08,651.09,0.13,-695.25,-0.14,-3969.43,-39.69
255,매수 청산,2023-04-12 21:30,반대신호정리,2007.475,420.6,844358.706,-14.72,0.00,1196.61,0.14,-492.1,-0.06,-3984.15,-39.84
255,매수 진입,2023-04-12 19:20,L5,2007.51,420.6,844358.706,-14.72,0.00,1196.61,0.14,-492.1,-0.06,-3984.15,-39.84
256,매수 청산,2023-04-13 21:30,XL1,2031.72,31.24,62925.4824,545.45,0.87,545.45,0.87,-33.27,-0.05,-3438.7,-34.39
256,매수 진입,2023-04-13 04:50,L1,2014.26,31.24,62925.4824,545.45,0.87,545.45,0.87,-33.27,-0.05,-3438.7,-34.39
257,매수 청산,2023-04-13 23:30,XL2,2039.02,57.53,117486.6154,-181.79,-0.15,60.69,0.05,-181.79,-0.15,-3620.49,-36.20
257,매수 진입,2023-04-13 23:30,L1,2042.18,57.53,117486.6154,-181.79,-0.15,60.69,0.05,-181.79,-0.15,-3620.49,-36.20
258,매수 청산,2023-04-13 23:30,XL2,2039.02,12.79,26079.0658,0,0.00,0,0.00,0,0.00,-3620.49,-36.20
258,매수 진입,2023-04-13 23:30,L2,2039.02,12.79,26079.0658,0,0.00,0,0.00,0,0.00,-3620.49,-36.20
259,매수 청산,2023-04-14 00:10,XL1,2039.02,57.53,117304.8206,0,0.00,0,0.00,-306.63,-0.26,-3620.49,-36.20
259,매수 진입,2023-04-13 23:30,L2,2039.02,57.53,117304.8206,0,0.00,0,0.00,-306.63,-0.26,-3620.49,-36.20
260,매수 청산,2023-04-14 00:10,XL2,2039.02,70.32,143161.6752,222.21,0.16,222.21,0.16,-152.59,-0.11,-3398.28,-33.98
260,매수 진입,2023-04-13 23:40,L2,2035.86,70.32,143161.6752,222.21,0.16,222.21,0.16,-152.59,-0.11,-3398.28,-33.98
261,매수 청산,2023-04-14 09:30,XL1,2041.18,57.53,117429.0854,0,0.00,4.31,0.00,-260.04,-0.22,-3398.28,-33.98
261,매수 진입,2023-04-14 03:30,L1,2041.18,57.53,117429.0854,0,0.00,4.31,0.00,-260.04,-0.22,-3398.28,-33.98
262,매수 청산,2023-04-14 09:30,XL2,2041.18,70.32,143313.5664,222.21,0.16,222.21,0.16,-95.64,-0.07,-3176.07,-31.76
262,매수 진입,2023-04-14 03:50,L2,2038.02,70.32,143313.5664,222.21,0.16,222.21,0.16,-95.64,-0.07,-3176.07,-31.76
263,매수 청산,2023-04-14 16:10,XL1,2040.341,234.6,478905.402,-241.4,-0.05,7.04,0.00,-458.64,-0.10,-3417.48,-34.17
263,매수 진입,2023-04-14 16:00,L1,2041.37,234.6,478905.402,-241.4,-0.05,7.04,0.00,-458.64,-0.10,-3417.48,-34.17
264,매수 청산,2023-04-14 16:10,XL2,2040.341,286.73,585099.8043,-72.83,-0.01,230.82,0.04,-338.34,-0.06,-3490.31,-34.90
264,매수 진입,2023-04-14 16:00,L2,2040.595,286.73,585099.8043,-72.83,-0.01,230.82,0.04,-338.34,-0.06,-3490.31,-34.90
265,매수 청산,2023-04-14 16:10,XL2,2040.341,286.73,584977.3706,49.6,0.01,178.35,0.03,-215.91,-0.04,-3440.7,-34.41
265,매수 진입,2023-04-14 16:00,L2,2040.168,286.73,584977.3706,49.6,0.01,178.35,0.03,-215.91,-0.04,-3440.7,-34.41
266,매수 청산,2023-04-14 16:10,XL2,2040.341,286.73,584761.463,265.51,0.05,394.25,0.07,0,0.00,-3175.19,-31.75
266,매수 진입,2023-04-14 16:00,L2,2039.415,286.73,584761.463,265.51,0.05,394.25,0.07,0,0.00,-3175.19,-31.75
267,매수 청산,2023-04-14 16:10,XL2,2040.341,286.73,584804.4725,222.5,0.04,222.5,0.04,-11.47,0.00,-2952.69,-29.53
267,매수 진입,2023-04-14 16:10,L2,2039.565,286.73,584804.4725,222.5,0.04,222.5,0.04,-11.47,0.00,-2952.69,-29.53
268,매도 청산,2023-04-14 20:00,XS1,2036.515,91.59,186524.4089,0,0.00,0,0.00,-530.76,-0.28,-2952.69,-29.53
268,매도 진입,2023-04-14 18:40,S1,2036.515,91.59,186524.4089,0,0.00,0,0.00,-530.76,-0.28,-2952.69,-29.53
269,매도 청산,2023-04-14 20:00,XS2,2036.515,111.95,228210.075,222.22,0.10,222.22,0.10,-426.53,-0.19,-2730.47,-27.30
269,매도 진입,2023-04-14 18:50,S2,2038.5,111.95,228210.075,222.22,0.10,222.22,0.10,-426.53,-0.19,-2730.47,-27.30
270,매도 청산,2023-04-14 20:00,XS3,2036.515,143.93,293687.0061,571.4,0.19,571.4,0.19,-262.67,-0.09,-2159.06,-21.59
270,매도 진입,2023-04-14 19:00,S3,2040.485,143.93,293687.0061,571.4,0.19,571.4,0.19,-262.67,-0.09,-2159.06,-21.59
271,매수 청산,2023-04-17 23:30,XL1,1988.392,49.88,100180.9872,-999.99,-1.00,112.23,0.11,-999.99,-1.00,-3159.06,-31.59
271,매수 진입,2023-04-17 19:20,L1,2008.44,49.88,100180.9872,-999.99,-1.00,112.23,0.11,-999.99,-1.00,-3159.06,-31.59
272,매수 청산,2023-04-17 23:30,XL2,1988.392,60.96,122212.3032,-999.93,-0.82,46.02,0.04,-999.93,-0.82,-4158.98,-41.59
272,매수 진입,2023-04-17 21:30,L2,2004.795,60.96,122212.3032,-999.93,-0.82,46.02,0.04,-999.93,-0.82,-4158.98,-41.59
273,매수 청산,2023-04-17 23:30,XL3,1988.392,78.38,156850.137,-999.97,-0.64,219.07,0.14,-999.97,-0.64,-5158.96,-51.59
273,매수 진입,2023-04-17 21:40,L3,2001.15,78.38,156850.137,-999.97,-0.64,219.07,0.14,-999.97,-0.64,-5158.96,-51.59
274,매수 청산,2023-04-17 23:30,XL4,1988.392,109.73,219186.2237,-999.97,-0.46,101.5,0.05,-999.97,-0.46,-6158.93,-61.59
274,매수 진입,2023-04-17 22:30,L4,1997.505,109.73,219186.2237,-999.97,-0.46,101.5,0.05,-999.97,-0.46,-6158.93,-61.59
275,매수 청산,2023-04-19 14:00,반대신호정리,2003.96,36.5,73321.93,-177.39,-0.24,112.06,0.15,-247.47,-0.34,-6336.32,-63.36
275,매수 진입,2023-04-19 00:20,L1,2008.82,36.5,73321.93,-177.39,-0.24,112.06,0.15,-247.47,-0.34,-6336.32,-63.36
276,매수 청산,2023-04-19 14:00,반대신호정리,2003.96,44.62,89411.3408,5.35,0.01,197,0.22,-80.32,-0.09,-6330.96,-63.31
276,매수 진입,2023-04-19 03:00,L2,2003.84,44.62,89411.3408,5.35,0.01,197,0.22,-80.32,-0.09,-6330.96,-63.31
277,매도 청산,2023-04-19 15:00,XS1,2000.5,275.48,551819.4976,721.76,0.13,1004.12,0.18,-13.77,0.00,-5609.2,-56.09
277,매도 진입,2023-04-19 14:40,S1,2003.12,275.48,551819.4976,721.76,0.13,1004.12,0.18,-13.77,0.00,-5609.2,-56.09
278,매수 청산,2023-04-20 17:10,XL1,1998.025,110.52,220639.9176,181.81,0.08,181.81,0.08,-196.17,-0.09,-5427.4,-54.27
278,매수 진입,2023-04-20 16:40,L1,1996.38,110.52,220639.9176,181.81,0.08,181.81,0.08,-196.17,-0.09,-5427.4,-54.27
279,매수 청산,2023-04-20 17:10,XL2,1998.025,135.08,269448.8038,444.41,0.16,444.41,0.16,-17.56,-0.01,-4982.99,-49.83
279,매수 진입,2023-04-20 17:00,L2,1994.735,135.08,269448.8038,444.41,0.16,444.41,0.16,-17.56,-0.01,-4982.99,-49.83
280,매도 청산,2023-04-21 18:50,XS1,1985.025,53.63,106638.6965,181.81,0.17,181.81,0.17,-105.38,-0.10,-4801.18,-48.01
280,매도 진입,2023-04-21 18:00,S1,1988.415,53.63,106638.6965,181.81,0.17,181.81,0.17,-105.38,-0.10,-4801.18,-48.01
281,매도 청산,2023-04-21 19:50,XS1,1988.44,53.63,106640.0372,0,0.00,38.35,0.04,-219.08,-0.21,-4801.18,-48.01
281,매도 진입,2023-04-21 19:10,S1,1988.44,53.63,106640.0372,0,0.00,38.35,0.04,-219.08,-0.21,-4801.18,-48.01
282,매도 청산,2023-04-21 19:50,XS2,1988.44,65.55,130564.4565,222.21,0.17,222.21,0.17,-45.56,-0.03,-4578.97,-45.79
282,매도 진입,2023-04-21 19:30,S2,1991.83,65.55,130564.4565,222.21,0.17,222.21,0.17,-45.56,-0.03,-4578.97,-45.79
283,매도 청산,2023-04-21 23:00,XS1,1973.865,23.73,47392.48815,552.67,1.17,583.88,1.23,-11.63,-0.02,-4026.29,-40.26
283,매도 진입,2023-04-21 22:40,S1,1997.155,23.73,47392.48815,552.67,1.17,583.88,1.23,-11.63,-0.02,-4026.29,-40.26
284,매도 청산,2023-04-24 15:40,XS1,1979.845,103.89,205686.0971,0,0.00,34.8,0.02,-191.68,-0.09,-4026.29,-40.26
284,매도 진입,2023-04-24 15:10,S1,1979.845,103.89,205686.0971,0,0.00,34.8,0.02,-191.68,-0.09,-4026.29,-40.26
285,매도 청산,2023-04-24 15:40,XS2,1979.845,126.98,251622.9331,222.22,0.09,222.22,0.09,-12.06,0.00,-3804.08,-38.04
285,매도 진입,2023-04-24 15:20,S2,1981.595,126.98,251622.9331,222.22,0.09,222.22,0.09,-12.06,0.00,-3804.08,-38.04
286,매수 청산,2023-04-24 21:20,XL1,1984.25,126.26,250531.405,0,0.00,150.25,0.06,-397.09,-0.16,-3804.08,-38.04
286,매수 진입,2023-04-24 18:50,L1,1984.25,126.26,250531.405,0,0.00,150.25,0.06,-397.09,-0.16,-3804.08,-38.04
287,매수 청산,2023-04-24 21:20,XL2,1984.25,154.32,305987.2392,222.22,0.07,222.22,0.07,-263.12,-0.09,-3581.86,-35.82
287,매수 진입,2023-04-24 20:50,L2,1982.81,154.32,305987.2392,222.22,0.07,222.22,0.07,-263.12,-0.09,-3581.86,-35.82
288,매수 청산,2023-04-24 21:20,XL3,1984.25,198.41,393123.6217,571.42,0.15,571.42,0.15,-52.58,-0.01,-3010.44,-30.10
288,매수 진입,2023-04-24 21:10,L3,1981.37,198.41,393123.6217,571.42,0.15,571.42,0.15,-52.58,-0.01,-3010.44,-30.10
289,매도 청산,2023-04-25 02:00,반대신호정리,1986.695,25.9,51301.425,-153.98,-0.30,4.27,0.01,-180.39,-0.35,-3164.41,-31.64
289,매도 진입,2023-04-24 23:30,S1,1980.75,25.9,51301.425,-153.98,-0.30,4.27,0.01,-180.39,-0.35,-3164.41,-31.64
290,매수 청산,2023-04-25 21:20,반대신호정리,1980.915,25.9,51514.582,-208.88,-0.41,311.19,0.60,-331.39,-0.64,-3373.3,-33.73
290,매수 진입,2023-04-25 03:10,L1,1988.98,25.9,51514.582,-208.88,-0.41,311.19,0.60,-331.39,-0.64,-3373.3,-33.73
291,매수 청산,2023-04-26 10:50,XL1,1998.643,126.26,252448.6631,-100,-0.04,47.35,0.02,-461.99,-0.18,-3473.29,-34.73
291,매수 진입,2023-04-26 09:50,L1,1999.435,126.26,252448.6631,-100,-0.04,47.35,0.02,-461.99,-0.18,-3473.29,-34.73
292,매수 청산,2023-04-26 10:50,XL2,1998.643,154.32,308330.5884,100,0.03,164.35,0.05,-342.44,-0.11,-3373.3,-33.73
292,매수 진입,2023-04-26 09:50,L2,1997.995,154.32,308330.5884,100,0.03,164.35,0.05,-342.44,-0.11,-3373.3,-33.73
293,매수 청산,2023-04-26 10:50,XL2,1998.643,154.32,308208.2126,222.38,0.07,222.38,0.07,-220.06,-0.07,-3150.92,-31.51
293,매수 진입,2023-04-26 10:10,L2,1997.202,154.32,308208.2126,222.38,0.07,222.38,0.07,-220.06,-0.07,-3150.92,-31.51
294,매수 청산,2023-04-26 20:20,XL1,2000.88,103.6,207109.35,181.82,0.09,181.82,0.09,-105.67,-0.05,-2969.1,-29.69
294,매수 진입,2023-04-26 19:50,L1,1999.125,103.6,207109.35,181.82,0.09,181.82,0.09,-105.67,-0.05,-2969.1,-29.69
295,매도 청산,2023-04-27 13:20,반대신호정리,1999.38,29.92,59551.272,-270.18,-0.45,97.99,0.16,-317.6,-0.53,-3239.28,-32.39
295,매도 진입,2023-04-27 04:00,S1,1990.35,29.92,59551.272,-270.18,-0.45,97.99,0.16,-317.6,-0.53,-3239.28,-32.39
296,매도 청산,2023-04-27 13:20,반대신호정리,1999.38,36.57,73009.26225,-108.06,-0.15,38.22,0.05,-166.03,-0.23,-3347.34,-33.47
296,매도 진입,2023-04-27 11:10,S2,1996.425,36.57,73009.26225,-108.06,-0.15,38.22,0.05,-166.03,-0.23,-3347.34,-33.47
297,매수 청산,2023-04-27 19:20,XL1,2000.125,93.72,187451.715,0,0.00,15,0.01,-389.88,-0.21,-3347.34,-33.47
297,매수 진입,2023-04-27 16:50,L1,2000.125,93.72,187451.715,0,0.00,15,0.01,-389.88,-0.21,-3347.34,-33.47
298,매수 청산,2023-04-27 19:20,XL2,2000.125,114.54,228872.1099,222.21,0.10,222.21,0.10,-254.28,-0.11,-3125.14,-31.25
298,매수 진입,2023-04-27 17:00,L2,1998.185,114.54,228872.1099,222.21,0.10,222.21,0.10,-254.28,-0.11,-3125.14,-31.25
299,매수 청산,2023-04-27 19:20,XL3,2000.125,147.27,293987.0012,571.41,0.19,571.41,0.19,-41.24,-0.01,-2553.73,-25.54
299,매수 진입,2023-04-27 19:00,L3,1996.245,147.27,293987.0012,571.41,0.19,571.41,0.19,-41.24,-0.01,-2553.73,-25.54
300,매수 청산,2023-04-27 21:30,XL1,1999.534,93.72,187496.232,-99.91,-0.05,7.5,0.00,-424.08,-0.23,-2653.63,-26.54
300,매수 진입,2023-04-27 20:20,L1,2000.6,93.72,187496.232,-99.91,-0.05,7.5,0.00,-424.08,-0.23,-2653.63,-26.54
301,매수 청산,2023-04-27 21:30,XL2,1999.534,114.54,228926.5164,100.11,0.04,162.07,0.07,-296.09,-0.13,-2553.53,-25.54
301,매수 진입,2023-04-27 20:20,L2,1998.66,114.54,228926.5164,100.11,0.04,162.07,0.07,-296.09,-0.13,-2553.53,-25.54
302,매수 청산,2023-04-27 21:30,XL2,1999.534,114.54,228804.3022,222.32,0.10,222.32,0.10,-173.87,-0.08,-2331.2,-23.31
302,매수 진입,2023-04-27 20:40,L2,1997.593,114.54,228804.3022,222.32,0.10,222.32,0.10,-173.87,-0.08,-2331.2,-23.31
303,매도 청산,2023-04-28 21:30,XS1,1979.805,43.97,87233.8418,181.82,0.21,181.82,0.21,-41.33,-0.05,-2149.39,-21.49
303,매도 진입,2023-04-28 19:20,S1,1983.94,43.97,87233.8418,181.82,0.21,181.82,0.21,-41.33,-0.05,-2149.39,-21.49
304,매수 청산,2023-05-01 11:40,반대신호정리,1983.66,41.36,82301.8504,-257.67,-0.31,85.62,0.10,-363.76,-0.44,-2407.06,-24.07
304,매수 진입,2023-04-29 03:40,L1,1989.89,41.36,82301.8504,-257.67,-0.31,85.62,0.10,-363.76,-0.44,-2407.06,-24.07
305,매수 청산,2023-05-01 11:40,반대신호정리,1983.66,50.56,100386.6272,-92.78,-0.09,40.7,0.04,-222.46,-0.22,-2499.84,-25.00
305,매수 진입,2023-05-01 09:30,L2,1985.495,50.56,100386.6272,-92.78,-0.09,40.7,0.04,-222.46,-0.22,-2499.84,-25.00
306,매수 청산,2023-05-01 11:40,반대신호정리,1983.66,65,128771.5,166.4,0.13,176.15,0.14,-0.32,0.00,-2333.44,-23.33
306,매수 진입,2023-05-01 10:40,L3,1981.1,65,128771.5,166.4,0.13,176.15,0.14,-0.32,0.00,-2333.44,-23.33
307,매도 청산,2023-05-01 14:00,XS1,1982.946,169.13,335275.7011,-99.96,-0.03,17.76,0.01,-691.74,-0.21,-2433.39,-24.33
307,매도 진입,2023-05-01 12:50,S1,1982.355,169.13,335275.7011,-99.96,-0.03,17.76,0.01,-691.74,-0.21,-2433.39,-24.33
308,매도 청산,2023-05-01 14:00,XS2,1982.946,206.71,409994.8153,100.05,0.02,171.57,0.04,-623.23,-0.15,-2333.35,-23.33
308,매도 진입,2023-05-01 12:50,S2,1983.43,206.71,409994.8153,100.05,0.02,171.57,0.04,-623.23,-0.15,-2333.35,-23.33
309,매도 청산,2023-05-01 14:00,XS2,1982.946,206.71,410117.1876,222.42,0.05,222.42,0.05,-500.86,-0.12,-2110.93,-21.11
309,매도 진입,2023-05-01 13:10,S2,1984.022,206.71,410117.1876,222.42,0.05,222.42,0.05,-500.86,-0.12,-2110.93,-21.11
310,매도 청산,2023-05-01 14:00,XS3,1982.946,265.78,527599.0807,571.69,0.11,571.69,0.11,-358.27,-0.07,-1539.23,-15.39
310,매도 진입,2023-05-01 13:10,S3,1985.097,265.78,527599.0807,571.69,0.11,571.69,0.11,-358.27,-0.07,-1539.23,-15.39
311,매도 청산,2023-05-01 14:00,XS4,1982.946,372.09,739034.7395,1200.36,0.16,1200.36,0.16,-101.58,-0.01,-338.87,-3.39
311,매도 진입,2023-05-01 13:10,S4,1986.172,372.09,739034.7395,1200.36,0.16,1200.36,0.16,-101.58,-0.01,-338.87,-3.39
312,매도 청산,2023-05-01 19:10,XS1,1987.148,196.56,389593.7136,-1000.1,-0.26,136.61,0.04,-1000.1,-0.26,-1338.97,-13.39
312,매도 진입,2023-05-01 18:20,S1,1982.06,196.56,389593.7136,-1000.1,-0.26,136.61,0.04,-1000.1,-0.26,-1338.97,-13.39
313,매도 청산,2023-05-01 19:10,XS2,1987.148,240.24,476392.3164,-1000.12,-0.21,61.26,0.01,-1000.12,-0.21,-2339.09,-23.39
313,매도 진입,2023-05-01 18:30,S2,1982.985,240.24,476392.3164,-1000.12,-0.21,61.26,0.01,-1000.12,-0.21,-2339.09,-23.39
314,매도 청산,2023-05-01 19:10,XS3,1987.148,308.88,612790.1208,-1000.15,-0.16,0,0.00,-1000.15,-0.16,-3339.24,-33.39
314,매도 진입,2023-05-01 18:40,S3,1983.91,308.88,612790.1208,-1000.15,-0.16,0,0.00,-1000.15,-0.16,-3339.24,-33.39
315,매도 청산,2023-05-01 19:10,XS4,1987.148,432.43,858302.1991,-1000.21,-0.12,393.51,0.05,-1000.21,-0.12,-4339.45,-43.39
315,매도 진입,2023-05-01 18:40,S4,1984.835,432.43,858302.1991,-1000.21,-0.12,393.51,0.05,-1000.21,-0.12,-4339.45,-43.39
316,매도 청산,2023-05-01 19:10,XS5,1987.148,720.72,1431176.947,-1000.36,-0.07,0,0.00,-1000.36,-0.07,-5339.81,-53.40
316,매도 진입,2023-05-01 19:00,S5,1985.76,720.72,1431176.947,-1000.36,-0.07,0,0.00,-1000.36,-0.07,-5339.81,-53.40
317,매도 청산,2023-05-01 19:10,XS6,1987.148,2162.16,4295530.84,-1001.08,-0.02,1870.27,0.04,-1001.08,-0.02,-6340.89,-63.41
317,매도 진입,2023-05-01 19:00,S6,1986.685,2162.16,4295530.84,-1001.08,-0.02,1870.27,0.04,-1001.08,-0.02,-6340.89,-63.41
318,매수 청산,2023-05-01 23:00,XL1,1995.513,196.56,393610.4172,-1372.38,-0.35,288.94,0.07,-1372.38,-0.35,-7713.27,-77.13
318,매수 진입,2023-05-01 22:30,L1,2002.495,196.56,393610.4172,-1372.38,-0.35,288.94,0.07,-1372.38,-0.35,-7713.27,-77.13
319,매수 청산,2023-05-01 23:00,XL2,1995.513,240.24,480857.1768,-1455.13,-0.30,575.37,0.12,-1455.13,-0.30,-9168.41,-91.68
319,매수 진입,2023-05-01 22:30,L2,2001.57,240.24,480857.1768,-1455.13,-0.30,575.37,0.12,-1455.13,-0.30,-9168.41,-91.68
320,매수 청산,2023-05-01 23:00,XL2,1995.513,240.24,480734.8946,-1332.85,-0.28,697.66,0.15,-1332.85,-0.28,-10501.26,-105.01
320,매수 진입,2023-05-01 22:30,L2,2001.061,240.24,480734.8946,-1332.85,-0.28,697.66,0.15,-1332.85,-0.28,-10501.26,-105.01
321,매수 청산,2023-05-01 23:00,XL2,1995.513,240.24,480522.042,-1120,-0.23,910.51,0.19,-1120,-0.23,-11621.26,-116.21
321,매수 진입,2023-05-01 22:30,L2,2000.175,240.24,480522.042,-1120,-0.23,910.51,0.19,-1120,-0.23,-11621.26,-116.21
322,매수 청산,2023-05-01 23:00,XL2,1995.513,240.24,480549.6696,-1147.63,-0.24,882.88,0.18,-1147.63,-0.24,-12768.88,-127.69
322,매수 진입,2023-05-01 22:30,L2,2000.29,240.24,480549.6696,-1147.63,-0.24,882.88,0.18,-1147.63,-0.24,-12768.88,-127.69
323,매수 청산,2023-05-01 23:00,XL2,1995.513,240.24,480513.8738,-1111.83,-0.23,918.68,0.19,-1111.83,-0.23,-13880.71,-138.81
323,매수 진입,2023-05-01 22:30,L2,2000.141,240.24,480513.8738,-1111.83,-0.23,918.68,0.19,-1111.83,-0.23,-13880.71,-138.81
324,매수 청산,2023-05-01 23:00,XL3,1995.513,308.88,617517.8381,-1143.78,-0.19,1466.87,0.24,-1143.78,-0.19,-15024.5,-150.24
324,매수 진입,2023-05-01 22:30,L3,1999.216,308.88,617517.8381,-1143.78,-0.19,1466.87,0.24,-1143.78,-0.19,-15024.5,-150.24
325,매도 청산,2023-05-02 20:40,반대신호정리,1987.555,43.54,86343.0855,-195.06,-0.23,198.32,0.23,-311.53,-0.36,-15219.56,-152.20
325,매도 진입,2023-05-02 03:20,S1,1983.075,43.54,86343.0855,-195.06,-0.23,198.32,0.23,-311.53,-0.36,-15219.56,-152.20
326,매도 청산,2023-05-02 20:40,반대신호정리,1987.555,53.22,105761.445,-16.23,-0.02,51.62,0.05,-158.6,-0.15,-15235.79,-152.36
326,매도 진입,2023-05-02 19:30,S2,1987.25,53.22,105761.445,-16.23,-0.02,51.62,0.05,-158.6,-0.15,-15235.79,-152.36
327,매수 청산,2023-05-02 22:30,XL1,1987.28,97.22,193121.6968,81.66,0.04,163.82,0.08,-187.15,-0.10,-15154.12,-151.54
327,매수 진입,2023-05-02 21:00,L1,1986.44,97.22,193121.6968,81.66,0.04,163.82,0.08,-187.15,-0.10,-15154.12,-151.54
328,매수 청산,2023-05-02 22:30,XL2,1987.28,118.83,235826.4531,322.03,0.14,422.44,0.18,-6.54,0.00,-14832.09,-148.32
328,매수 진입,2023-05-02 22:10,L2,1984.57,118.83,235826.4531,322.03,0.14,422.44,0.18,-6.54,0.00,-14832.09,-148.32
329,매수 청산,2023-05-04 04:50,XL1,2031.53,51.14,103347.0361,545.41,0.53,545.41,0.53,-84.13,-0.08,-14286.69,-142.87
329,매수 진입,2023-05-04 03:40,L1,2020.865,51.14,103347.0361,545.41,0.53,545.41,0.53,-84.13,-0.08,-14286.69,-142.87
330,매도 청산,2023-05-04 21:20,반대신호정리,2040.98,35.3,71932.575,-114.02,-0.16,44.83,0.06,-254.34,-0.35,-14400.7,-144.01
330,매도 진입,2023-05-04 18:40,S1,2037.75,35.3,71932.575,-114.02,-0.16,44.83,0.06,-254.34,-0.35,-14400.7,-144.01
331,매도 청산,2023-05-04 21:20,반대신호정리,2040.98,43.14,88130.706,82.83,0.09,169.32,0.19,-88.65,-0.10,-14317.88,-143.18
331,매도 진입,2023-05-04 20:00,S2,2042.9,43.14,88130.706,82.83,0.09,169.32,0.19,-88.65,-0.10,-14317.88,-143.18
332,매수 청산,2023-05-08 18:30,XL1,2023.73,92.76,187721.1948,0,0.00,100.64,0.05,-345.99,-0.18,-14317.88,-143.18
332,매수 진입,2023-05-08 14:00,L1,2023.73,92.76,187721.1948,0,0.00,100.64,0.05,-345.99,-0.18,-14317.88,-143.18
333,매수 청산,2023-05-08 18:30,XL2,2023.73,113.37,229208.0649,222.21,0.10,222.21,0.10,-200.66,-0.09,-14095.67,-140.96
333,매수 진입,2023-05-08 14:40,L2,2021.77,113.37,229208.0649,222.21,0.10,222.21,0.10,-200.66,-0.09,-14095.67,-140.96
334,매수 청산,2023-05-08 21:10,XL1,2023.085,156.06,315668.0241,54.62,0.02,92.08,0.03,-184.93,-0.06,-14041.05,-140.41
334,매수 진입,2023-05-08 20:50,L1,2022.735,156.06,315668.0241,54.62,0.02,92.08,0.03,-184.93,-0.06,-14041.05,-140.41
335,매수 청산,2023-05-08 21:10,XL2,2023.085,190.74,385594.2618,288.97,0.07,334.75,0.09,-3.81,0.00,-13752.08,-137.52
335,매수 진입,2023-05-08 20:50,L2,2021.57,190.74,385594.2618,288.97,0.07,334.75,0.09,-3.81,0.00,-13752.08,-137.52
336,매수 청산,2023-05-09 07:50,반대신호정리,2022.075,38.15,77240.20675,-98.05,-0.13,181.4,0.23,-167.1,-0.22,-13850.12,-138.50
336,매수 진입,2023-05-08 23:40,L1,2024.645,38.15,77240.20675,-98.05,-0.13,181.4,0.23,-167.1,-0.22,-13850.12,-138.50
337,매수 청산,2023-05-10 01:10,XL1,2031.23,77.53,157481.2619,0,0.00,71.33,0.05,-638.07,-0.41,-13850.12,-138.50
337,매수 진입,2023-05-09 20:50,L1,2031.23,77.53,157481.2619,0,0.00,71.33,0.05,-638.07,-0.41,-13850.12,-138.50
338,매수 청산,2023-05-10 01:10,XL2,2031.23,94.76,192257.1426,222.21,0.12,237.37,0.12,-557.66,-0.29,-13627.91,-136.28
338,매수 진입,2023-05-09 21:20,L2,2028.885,94.76,192257.1426,222.21,0.12,237.37,0.12,-557.66,-0.29,-13627.91,-136.28
339,매수 청산,2023-05-10 01:10,XL3,2031.23,121.83,246893.3682,571.38,0.23,571.38,0.23,-431.28,-0.17,-13056.53,-130.57
339,매수 진입,2023-05-09 22:00,L3,2026.54,121.83,246893.3682,571.38,0.23,571.38,0.23,-431.28,-0.17,-13056.53,-130.57
340,매수 청산,2023-05-10 01:10,XL4,2031.23,170.57,345266.9411,1199.96,0.35,1199.96,0.35,-203.83,-0.06,-11856.57,-118.57
340,매수 진입,2023-05-09 22:00,L4,2024.195,170.57,345266.9411,1199.96,0.35,1199.96,0.35,-203.83,-0.06,-11856.57,-118.57
341,매도 청산,2023-05-10 17:30,XS1,2027.945,75.28,152845.5008,181.8,0.12,181.8,0.12,-127.6,-0.08,-11674.77,-116.75
341,매도 진입,2023-05-10 16:50,S1,2030.36,75.28,152845.5008,181.8,0.12,181.8,0.12,-127.6,-0.08,-11674.77,-116.75
342,매도 청산,2023-05-11 07:00,반대신호정리,2029.74,31.02,62862.6504,-99.88,-0.16,8.38,0.01,-237.61,-0.38,-11774.65,-117.75
342,매도 진입,2023-05-11 01:40,S1,2026.52,31.02,62862.6504,-99.88,-0.16,8.38,0.01,-237.61,-0.38,-11774.65,-117.75
343,매도 청산,2023-05-11 07:00,반대신호정리,2029.74,37.92,77067.8496,100.11,0.13,121.53,0.16,-68.26,-0.09,-11674.54,-116.75
343,매도 진입,2023-05-11 02:40,S2,2032.38,37.92,77067.8496,100.11,0.13,121.53,0.16,-68.26,-0.09,-11674.54,-116.75
344,매수 청산,2023-05-11 18:10,반대신호정리,2024.015,89.34,181504.0374,-678.54,-0.37,104.97,0.06,-883.57,-0.49,-12353.08,-123.53
344,매수 진입,2023-05-11 15:10,L1,2031.61,89.34,181504.0374,-678.54,-0.37,104.97,0.06,-883.57,-0.49,-12353.08,-123.53
345,매수 청산,2023-05-11 18:10,반대신호정리,2024.015,109.2,221629.59,-607.15,-0.27,70.98,0.03,-857.77,-0.39,-12960.23,-129.60
345,매수 진입,2023-05-11 15:30,L2,2029.575,109.2,221629.59,-607.15,-0.27,70.98,0.03,-857.77,-0.39,-12960.23,-129.60
346,매도 청산,2023-05-12 23:10,XS1,2015.14,36.14,72827.1596,0,0.00,512.47,0.70,-268.88,-0.37,-12960.23,-129.60
346,매도 진입,2023-05-12 04:20,S1,2015.14,36.14,72827.1596,0,0.00,512.47,0.70,-268.88,-0.37,-12960.23,-129.60
347,매도 청산,2023-05-12 23:10,XS2,2015.14,44.17,89230.9089,222.18,0.25,222.18,0.25,-106.45,-0.12,-12738.06,-127.38
347,매도 진입,2023-05-12 22:00,S2,2020.17,44.17,89230.9089,222.18,0.25,222.18,0.25,-106.45,-0.12,-12738.06,-127.38
348,매수 청산,2023-05-16 09:30,반대신호정리,2014.805,52.62,105979.8372,39.2,0.04,423.85,0.40,-132.87,-0.13,-12698.86,-126.99
348,매수 진입,2023-05-15 13:20,L1,2014.06,52.62,105979.8372,39.2,0.04,423.85,0.40,-132.87,-0.13,-12698.86,-126.99
349,매도 청산,2023-05-16 11:00,XS1,2016.228,223.08,449680.2024,-99.94,-0.02,84.77,0.02,-582.24,-0.13,-12798.8,-127.99
349,매도 진입,2023-05-16 10:00,S1,2015.78,223.08,449680.2024,-99.94,-0.02,84.77,0.02,-582.24,-0.13,-12798.8,-127.99
350,매도 청산,2023-05-16 11:00,XS2,2016.228,272.66,549844.7927,100.07,0.02,256.3,0.05,-489.42,-0.09,-12698.73,-126.99
350,매도 진입,2023-05-16 10:00,S2,2016.595,272.66,549844.7927,100.07,0.02,256.3,0.05,-489.42,-0.09,-12698.73,-126.99
351,매도 청산,2023-05-16 11:00,XS2,2016.228,272.66,549967.217,222.49,0.04,222.49,0.04,-367,-0.07,-12476.24,-124.76
351,매도 진입,2023-05-16 10:10,S2,2017.044,272.66,549967.217,222.49,0.04,222.49,0.04,-367,-0.07,-12476.24,-124.76
352,매도 청산,2023-05-16 11:00,XS3,2016.228,350.56,707380.651,571.76,0.08,571.76,0.08,-186.15,-0.03,-11904.48,-119.04
352,매도 진입,2023-05-16 10:10,S3,2017.859,350.56,707380.651,571.76,0.08,571.76,0.08,-186.15,-0.03,-11904.48,-119.04
353,매도 청산,2023-05-16 19:30,XS1,2007.91,84.37,169407.3667,0,0.00,52.31,0.03,-209.66,-0.12,-11904.48,-119.04
353,매도 진입,2023-05-16 16:30,S1,2007.91,84.37,169407.3667,0,0.00,52.31,0.03,-209.66,-0.12,-11904.48,-119.04
354,매도 청산,2023-05-16 19:30,XS2,2007.91,103.11,207257.8022,222.2,0.11,222.2,0.11,-34.03,-0.02,-11682.27,-116.82
354,매도 진입,2023-05-16 16:50,S2,2010.065,103.11,207257.8022,222.2,0.11,222.2,0.11,-34.03,-0.02,-11682.27,-116.82
355,매도 청산,2023-05-16 20:30,XS1,2006.13,84.37,169439.0055,181.82,0.11,181.82,0.11,-8.44,0.00,-11500.46,-115.00
355,매도 진입,2023-05-16 20:10,S1,2008.285,84.37,169439.0055,181.82,0.11,181.82,0.11,-8.44,0.00,-11500.46,-115.00
356,매도 청산,2023-05-17 21:10,XS1,1986.95,181.81,361429.1895,181.81,0.05,181.81,0.05,-126.36,-0.03,-11318.65,-113.19
356,매도 진입,2023-05-17 20:50,S1,1987.95,181.81,361429.1895,181.81,0.05,181.81,0.05,-126.36,-0.03,-11318.65,-113.19
357,매도 청산,2023-05-18 15:50,XS1,1977.72,149.64,296491.4586,545.44,0.18,545.44,0.18,-32.92,-0.01,-10773.21,-107.73
357,매도 진입,2023-05-18 15:30,S1,1981.365,149.64,296491.4586,545.44,0.18,545.44,0.18,-32.92,-0.01,-10773.21,-107.73
358,매수 청산,2023-05-20 00:10,XL1,1964.77,51.14,100478.3378,0,0.00,180.78,0.18,-383.04,-0.38,-10773.21,-107.73
358,매수 진입,2023-05-19 18:00,L1,1964.77,51.14,100478.3378,0,0.00,180.78,0.18,-383.04,-0.38,-10773.21,-107.73
359,매수 청산,2023-05-20 00:10,XL2,1964.77,62.5,122575.9375,222.19,0.18,222.19,0.18,-245.94,-0.20,-10551.02,-105.51
359,매수 진입,2023-05-19 21:30,L2,1961.215,62.5,122575.9375,222.19,0.18,222.19,0.18,-245.94,-0.20,-10551.02,-105.51
360,매수 청산,2023-05-20 00:10,XL3,1964.77,80.36,157317.5576,571.36,0.36,571.36,0.36,-30.54,-0.02,-9979.66,-99.80
360,매수 진입,2023-05-19 23:40,L3,1957.66,80.36,157317.5576,571.36,0.36,571.36,0.36,-30.54,-0.02,-9979.66,-99.80
361,매수 청산,2023-05-20 05:50,XL1,1979.115,44.83,88723.72545,0,0.00,0,0.00,-213.84,-0.24,-9979.66,-99.80
361,매수 진입,2023-05-20 03:50,L1,1979.115,44.83,88723.72545,0,0.00,0,0.00,-213.84,-0.24,-9979.66,-99.80
362,매수 청산,2023-05-20 05:50,XL2,1979.115,54.8,108233.288,222.21,0.21,222.21,0.21,-39.18,-0.04,-9757.45,-97.57
362,매수 진입,2023-05-20 04:40,L2,1975.06,54.8,108233.288,222.21,0.21,222.21,0.21,-39.18,-0.04,-9757.45,-97.57
363,매도 청산,2023-05-23 10:30,XS1,1963.96,45.74,90376.9799,545.45,0.60,545.45,0.60,-140.42,-0.16,-9212,-92.12
363,매도 진입,2023-05-22 23:10,S1,1975.885,45.74,90376.9799,545.45,0.60,545.45,0.60,-140.42,-0.16,-9212,-92.12
364,매도 청산,2023-05-23 11:30,XS2,1962.46,491.4,964171.026,-181.82,-0.02,240.79,0.02,-181.82,-0.02,-9393.82,-93.94
364,매도 진입,2023-05-23 11:30,S1,1962.09,491.4,964171.026,-181.82,-0.02,240.79,0.02,-181.82,-0.02,-9393.82,-93.94
365,매도 청산,2023-05-23 11:30,XS2,1962.46,109.2,214300.632,0,0.00,0,0.00,0,0.00,-9393.82,-93.94
365,매도 진입,2023-05-23 11:30,S2,1962.46,109.2,214300.632,0,0.00,0,0.00,0,0.00,-9393.82,-93.94
366,매도 청산,2023-05-23 12:00,XS1,1962.46,491.4,964352.844,0,0.00,326.78,0.03,-941.03,-0.10,-9393.82,-93.94
366,매도 진입,2023-05-23 11:30,S2,1962.46,491.4,964352.844,0,0.00,326.78,0.03,-941.03,-0.10,-9393.82,-93.94
367,매도 청산,2023-05-23 12:00,XS2,1962.46,600.6,1178875.698,222.22,0.02,222.22,0.02,-927.93,-0.08,-9171.59,-91.72
367,매도 진입,2023-05-23 11:40,S2,1962.83,600.6,1178875.698,222.22,0.02,222.22,0.02,-927.93,-0.08,-9171.59,-91.72
368,매도 청산,2023-05-23 12:00,XS3,1962.46,772.2,1515983.04,571.43,0.04,571.43,0.04,-907.33,-0.06,-8600.17,-86.00
368,매도 진입,2023-05-23 11:40,S3,1963.2,772.2,1515983.04,571.43,0.04,571.43,0.04,-907.33,-0.06,-8600.17,-86.00
369,매도 청산,2023-05-23 12:00,XS4,1962.46,1081.08,2122776.256,1200,0.06,1200,0.06,-870.27,-0.04,-7400.17,-74.00
369,매도 진입,2023-05-23 11:40,S4,1963.57,1081.08,2122776.256,1200,0.06,1200,0.06,-870.27,-0.04,-7400.17,-74.00
370,매도 청산,2023-05-23 12:00,XS5,1962.46,1801.8,3538627.092,2666.66,0.08,2666.66,0.08,-783.78,-0.02,-4733.5,-47.34
370,매도 진입,2023-05-23 11:50,S5,1963.94,1801.8,3538627.092,2666.66,0.08,2666.66,0.08,-783.78,-0.02,-4733.5,-47.34
371,매도 청산,2023-05-23 12:00,XS6,1962.46,5405.4,10617881.27,9999.99,0.09,9999.99,0.09,-351.35,0.00,5266.49,52.66
371,매도 진입,2023-05-23 11:50,S6,1964.31,5405.4,10617881.27,9999.99,0.09,9999.99,0.09,-351.35,0.00,5266.49,52.66
372,매도 청산,2023-05-25 03:50,XS1,1961.805,61.21,120082.0841,0,0.00,37.03,0.03,-215.15,-0.18,5266.49,52.66
372,매도 진입,2023-05-25 02:20,S1,1961.805,61.21,120082.0841,0,0.00,37.03,0.03,-215.15,-0.18,5266.49,52.66
373,매도 청산,2023-05-25 03:50,XS2,1961.805,74.82,147004.4655,222.22,0.15,222.22,0.15,-40.78,-0.03,5488.7,54.89
373,매도 진입,2023-05-25 03:10,S2,1964.775,74.82,147004.4655,222.22,0.15,222.22,0.15,-40.78,-0.03,5488.7,54.89
374,매도 청산,2023-05-25 20:10,반대신호정리,1961.355,61.21,119988.4328,-66.11,-0.06,321.05,0.27,-276.06,-0.23,5422.59,54.23
374,매도 진입,2023-05-25 04:40,S1,1960.275,61.21,119988.4328,-66.11,-0.06,321.05,0.27,-276.06,-0.23,5422.59,54.23
375,매도 청산,2023-05-25 20:10,반대신호정리,1961.355,74.82,146889.9909,141.41,0.10,204.63,0.14,-115.22,-0.08,5564,55.64
375,매도 진입,2023-05-25 17:20,S2,1963.245,74.82,146889.9909,141.41,0.10,204.63,0.14,-115.22,-0.08,5564,55.64
376,매수 청산,2023-05-26 18:30,XL1,1954.05,131.75,257264.2725,181.82,0.07,181.82,0.07,-116.6,-0.05,5745.82,57.46
376,매수 진입,2023-05-26 18:00,L1,1952.67,131.75,257264.2725,181.82,0.07,181.82,0.07,-116.6,-0.05,5745.82,57.46
377,매수 청산,2023-05-26 20:00,XL1,1953.565,131.75,257200.3737,181.82,0.07,181.82,0.07,-27.01,-0.01,5927.64,59.28
377,매수 진입,2023-05-26 19:40,L1,1952.185,131.75,257200.3737,181.82,0.07,181.82,0.07,-27.01,-0.01,5927.64,59.28
378,매수 청산,2023-05-26 21:10,XL1,1953.485,131.75,257136.475,235.17,0.09,295.12,0.11,-81.68,-0.03,6162.81,61.63
378,매수 진입,2023-05-26 20:50,L1,1951.7,131.75,257136.475,235.17,0.09,295.12,0.11,-81.68,-0.03,6162.81,61.63
379,매수 청산,2023-05-29 23:10,XL1,1947.8,148.42,289092.476,0,0.00,76.44,0.03,-388.12,-0.13,6162.81,61.63
379,매수 진입,2023-05-29 22:30,L1,1947.8,148.42,289092.476,0,0.00,76.44,0.03,-388.12,-0.13,6162.81,61.63
380,매수 청산,2023-05-29 23:10,XL2,1947.8,181.4,353108.705,222.22,0.06,222.22,0.06,-252.15,-0.07,6385.02,63.85
380,매수 진입,2023-05-29 22:40,L2,1946.575,181.4,353108.705,222.22,0.06,222.22,0.06,-252.15,-0.07,6385.02,63.85
381,매수 청산,2023-05-29 23:10,XL3,1947.8,233.23,453713.9805,571.41,0.13,571.41,0.13,-38.48,-0.01,6956.44,69.56
381,매수 진입,2023-05-29 22:40,L3,1945.35,233.23,453713.9805,571.41,0.13,571.41,0.13,-38.48,-0.01,6956.44,69.56
382,매도 청산,2023-05-30 09:30,XS1,1941.52,293.25,569661.585,310.85,0.05,439.88,0.08,-200.88,-0.04,7267.28,72.67
382,매도 진입,2023-05-30 08:50,S1,1942.58,293.25,569661.585,310.85,0.05,439.88,0.08,-200.88,-0.04,7267.28,72.67
383,매도 청산,2023-05-30 09:30,XS2,1941.52,358.42,696481.744,602.15,0.09,759.85,0.11,-23.3,0.00,7869.43,78.69
383,매도 진입,2023-05-30 09:10,S2,1943.2,358.42,696481.744,602.15,0.09,759.85,0.11,-23.3,0.00,7869.43,78.69
384,매도 청산,2023-05-30 15:30,XS3,1937.155,293.25,567522.3263,-548.38,-0.10,51.32,0.01,-548.38,-0.10,7321.05,73.21
384,매도 진입,2023-05-30 15:30,S1,1935.285,293.25,567522.3263,-548.38,-0.10,51.32,0.01,-548.38,-0.10,7321.05,73.21
385,매도 청산,2023-05-30 15:30,XS3,1937.155,167.57,324399.6008,-209.46,-0.06,8.38,0.00,-209.46,-0.06,7111.59,71.12
385,매도 진입,2023-05-30 15:30,S2,1935.905,167.57,324399.6008,-209.46,-0.06,8.38,0.00,-209.46,-0.06,7111.59,71.12
386,매도 청산,2023-05-30 15:50,XS1,1936.13,190.85,369467.4692,-42.94,-0.01,22.9,0.01,-285.32,-0.08,7068.65,70.69
386,매도 진입,2023-05-30 15:30,S2,1935.905,190.85,369467.4692,-42.94,-0.01,22.9,0.01,-285.32,-0.08,7068.65,70.69
387,매도 청산,2023-05-30 15:50,XS1,1936.13,102.4,198291.456,31.74,0.02,67.07,0.03,-98.3,-0.05,7100.39,71.00
387,매도 진입,2023-05-30 15:30,S2,1936.44,102.4,198291.456,31.74,0.02,67.07,0.03,-98.3,-0.05,7100.39,71.00
388,매도 청산,2023-05-30 15:50,XS2,1936.13,256.02,495767.3688,79.37,0.02,167.69,0.03,-245.78,-0.05,7179.76,71.80
388,매도 진입,2023-05-30 15:30,S2,1936.44,256.02,495767.3688,79.37,0.02,167.69,0.03,-245.78,-0.05,7179.76,71.80
389,매도 청산,2023-05-30 15:50,XS2,1936.13,102.4,198301.184,41.47,0.02,76.8,0.04,-88.58,-0.04,7221.23,72.21
389,매도 진입,2023-05-30 15:30,S2,1936.535,102.4,198301.184,41.47,0.02,76.8,0.04,-88.58,-0.04,7221.23,72.21
390,매도 청산,2023-05-30 15:50,XS2,1936.13,256.02,495791.6907,103.69,0.02,192.02,0.04,-221.46,-0.04,7324.92,73.25
390,매도 진입,2023-05-30 15:30,S2,1936.535,256.02,495791.6907,103.69,0.02,192.02,0.04,-221.46,-0.04,7324.92,73.25
391,매도 청산,2023-05-30 15:50,XS2,1936.13,102.4,198364.672,104.96,0.05,140.29,0.07,-25.09,-0.01,7429.88,74.30
391,매도 진입,2023-05-30 15:30,S3,1937.155,102.4,198364.672,104.96,0.05,140.29,0.07,-25.09,-0.01,7429.88,74.30
392,매도 청산,2023-05-30 15:50,XS2,1936.13,358.42,694315.0951,367.38,0.05,491.04,0.07,-87.81,-0.01,7797.26,77.97
392,매도 진입,2023-05-30 15:30,S3,1937.155,358.42,694315.0951,367.38,0.05,491.04,0.07,-87.81,-0.01,7797.26,77.97
393,매도 청산,2023-05-30 15:50,XS2,1936.13,358.42,694401.1159,453.4,0.07,577.06,0.08,-1.79,0.00,8250.66,82.51
393,매도 진입,2023-05-30 15:30,S2,1937.395,358.42,694401.1159,453.4,0.07,577.06,0.08,-1.79,0.00,8250.66,82.51
394,매수 청산,2023-05-30 23:00,XL1,1956.575,110.86,216905.9045,0,0.00,190.12,0.09,-653.52,-0.30,8250.66,82.51
394,매수 진입,2023-05-30 22:10,L1,1956.575,110.86,216905.9045,0,0.00,190.12,0.09,-653.52,-0.30,8250.66,82.51
395,매수 청산,2023-05-30 23:00,XL2,1956.575,135.5,264893.6925,222.22,0.08,247.29,0.09,-576.55,-0.22,8472.88,84.73
395,매수 진입,2023-05-30 22:30,L2,1954.935,135.5,264893.6925,222.22,0.08,247.29,0.09,-576.55,-0.22,8472.88,84.73
396,매수 청산,2023-05-30 23:00,XL3,1956.575,174.21,340283.522,571.41,0.17,571.41,0.17,-455.56,-0.13,9044.29,90.44
396,매수 진입,2023-05-30 22:50,L3,1953.295,174.21,340283.522,571.41,0.17,571.41,0.17,-455.56,-0.13,9044.29,90.44
397,매수 청산,2023-05-30 23:00,XL4,1956.575,243.9,476008.6545,1199.99,0.25,1199.99,0.25,-237.8,-0.05,10244.28,102.44
397,매수 진입,2023-05-30 23:00,L4,1951.655,243.9,476008.6545,1199.99,0.25,1199.99,0.25,-237.8,-0.05,10244.28,102.44
398,매수 청산,2023-06-01 02:40,XL1,1968.64,73.46,144616.2944,0,0.00,45.55,0.03,-403.3,-0.28,10244.28,102.44
398,매수 진입,2023-06-01 01:00,L1,1968.64,73.46,144616.2944,0,0.00,45.55,0.03,-403.3,-0.28,10244.28,102.44
399,매수 청산,2023-06-01 02:40,XL2,1968.64,89.78,176522.2937,222.21,0.13,222.21,0.13,-270.69,-0.15,10466.48,104.66
399,매수 진입,2023-06-01 01:10,L2,1966.165,89.78,176522.2937,222.21,0.13,222.21,0.13,-270.69,-0.15,10466.48,104.66
400,매수 청산,2023-06-01 02:40,XL3,1968.64,115.44,226688.3736,571.43,0.25,571.43,0.25,-62.34,-0.03,11037.91,110.38
400,매수 진입,2023-06-01 02:20,L3,1963.69,115.44,226688.3736,571.43,0.25,571.43,0.25,-62.34,-0.03,11037.91,110.38
401,매수 청산,2023-06-01 11:00,XL1,1965.675,73.46,144326.1274,72.36,0.05,209.73,0.15,-188.06,-0.13,11110.27,111.10
401,매수 진입,2023-06-01 03:50,L1,1964.69,73.46,144326.1274,72.36,0.05,209.73,0.15,-188.06,-0.13,11110.27,111.10
402,매수 청산,2023-06-01 11:00,XL2,1965.675,89.78,176167.6627,310.64,0.18,351.04,0.20,-7.63,0.00,11420.91,114.21
402,매수 진입,2023-06-01 10:40,L2,1962.215,89.78,176167.6627,310.64,0.18,351.04,0.20,-7.63,0.00,11420.91,114.21
403,매도 청산,2023-06-01 22:50,XS1,1974.248,54.84,107267.8626,-999.9,-0.93,140.94,0.13,-999.9,-0.93,10421.01,104.21
403,매도 진입,2023-06-01 17:20,S1,1956.015,54.84,107267.8626,-999.9,-0.93,140.94,0.13,-999.9,-0.93,10421.01,104.21
404,매도 청산,2023-06-01 22:50,XS2,1974.248,67.03,131333.8899,-999.95,-0.76,59.32,0.05,-999.95,-0.76,9421.06,94.21
404,매도 진입,2023-06-01 18:40,S2,1959.33,67.03,131333.8899,-999.95,-0.76,59.32,0.05,-999.95,-0.76,9421.06,94.21
405,매도 청산,2023-06-01 22:50,XS3,1974.248,86.18,169140.7461,-999.95,-0.59,334.38,0.20,-999.95,-0.59,8421.11,84.21
405,매도 진입,2023-06-01 19:20,S3,1962.645,86.18,169140.7461,-999.95,-0.59,334.38,0.20,-999.95,-0.59,8421.11,84.21
406,매도 청산,2023-06-01 22:50,XS4,1974.248,120.66,237212.7336,-1000.03,-0.42,868.15,0.37,-1000.03,-0.42,7421.08,74.21
406,매도 진입,2023-06-01 19:40,S4,1965.96,120.66,237212.7336,-1000.03,-0.42,868.15,0.37,-1000.03,-0.42,7421.08,74.21
407,매수 청산,2023-06-02 14:40,XL1,1980.955,149.64,296238.567,191.54,0.06,205.01,0.07,-196.03,-0.07,7612.62,76.13
407,매수 진입,2023-06-02 14:20,L1,1979.675,149.64,296238.567,191.54,0.06,205.01,0.07,-196.03,-0.07,7612.62,76.13
408,매수 청산,2023-06-02 14:40,XL2,1980.955,182.89,361840.5494,456.31,0.13,472.77,0.13,-17.37,0.00,8068.93,80.69
408,매수 진입,2023-06-02 14:20,L2,1978.46,182.89,361840.5494,456.31,0.13,472.77,0.13,-17.37,0.00,8068.93,80.69
409,매도 청산,2023-06-05 15:20,XS1,1942.375,116.92,227647.9168,545.43,0.24,545.43,0.24,-160.18,-0.07,8614.36,86.14
409,매도 진입,2023-06-05 10:20,S1,1947.04,116.92,227647.9168,545.43,0.24,545.43,0.24,-160.18,-0.07,8614.36,86.14
410,매수 청산,2023-06-06 04:20,XL1,1963.03,77.2,151000.498,545.42,0.36,545.42,0.36,0,0.00,9159.78,91.60
410,매수 진입,2023-06-06 00:40,L1,1955.965,77.2,151000.498,545.42,0.36,545.42,0.36,0,0.00,9159.78,91.60
411,매수 청산,2023-06-07 17:10,반대신호정리,1958.285,26.81,52658.5934,-156.97,-0.30,71.05,0.13,-244.64,-0.46,9002.81,90.03
411,매수 진입,2023-06-07 03:30,L1,1964.14,26.81,52658.5934,-156.97,-0.30,71.05,0.13,-244.64,-0.46,9002.81,90.03
412,매도 청산,2023-06-07 20:50,XS1,1961.7,102.72,201505.824,0,0.00,21.57,0.01,-489.97,-0.24,9002.81,90.03
412,매도 진입,2023-06-07 18:00,S1,1961.7,102.72,201505.824,0,0.00,21.57,0.01,-489.97,-0.24,9002.81,90.03
413,매도 청산,2023-06-07 20:50,XS2,1961.7,125.54,246494.0238,222.21,0.09,222.21,0.09,-376.62,-0.15,9225.01,92.25
413,매도 진입,2023-06-07 18:30,S2,1963.47,125.54,246494.0238,222.21,0.09,222.21,0.09,-376.62,-0.15,9225.01,92.25
414,매도 청산,2023-06-07 20:50,XS3,1961.7,161.42,317229.0408,571.43,0.18,571.43,0.18,-198.55,-0.06,9796.44,97.96
414,매도 진입,2023-06-07 19:00,S3,1965.24,161.42,317229.0408,571.43,0.18,571.43,0.18,-198.55,-0.06,9796.44,97.96
415,매도 청산,2023-06-07 22:30,XS1,1959.1,102.72,201186.3648,-52.39,-0.03,31.84,0.02,-219.31,-0.11,9744.05,97.44
415,매도 진입,2023-06-07 22:10,S1,1958.59,102.72,201186.3648,-52.39,-0.03,31.84,0.02,-219.31,-0.11,9744.05,97.44
416,매도 청산,2023-06-07 22:30,XS2,1959.1,125.54,246103.5944,158.18,0.06,166.34,0.07,-45.82,-0.02,9902.23,99.02
416,매도 진입,2023-06-07 22:10,S2,1960.36,125.54,246103.5944,158.18,0.06,166.34,0.07,-45.82,-0.02,9902.23,99.02
417,매도 청산,2023-06-08 01:00,XS1,1945.4,46.92,91823.613,545.45,0.59,545.45,0.59,-15.72,-0.02,10447.68,104.48
417,매도 진입,2023-06-08 00:20,S1,1957.025,46.92,91823.613,545.45,0.59,545.45,0.59,-15.72,-0.02,10447.68,104.48
418,매수 청산,2023-06-09 19:30,반대신호정리,1964.095,28.65,56349.53625,-78.21,-0.14,71.2,0.13,-175.77,-0.31,10369.46,103.69
418,매수 진입,2023-06-09 00:30,L1,1966.825,28.65,56349.53625,-78.21,-0.14,71.2,0.13,-175.77,-0.31,10369.46,103.69
419,매도 청산,2023-06-09 20:40,XS1,1965.775,120.01,235822.6503,-90.01,-0.04,13.2,0.01,-198.02,-0.08,10279.45,102.79
419,매도 진입,2023-06-09 20:20,S1,1965.025,120.01,235822.6503,-90.01,-0.04,13.2,0.01,-198.02,-0.08,10279.45,102.79
420,매도 청산,2023-06-09 20:40,XS2,1965.775,146.68,288452.0872,112.21,0.04,233.22,0.08,-19.8,-0.01,10391.66,103.92
420,매도 진입,2023-06-09 20:20,S2,1966.54,146.68,288452.0872,112.21,0.04,233.22,0.08,-19.8,-0.01,10391.66,103.92
421,매도 청산,2023-06-12 18:40,반대신호정리,1965.385,41.18,80820.2798,-114.27,-0.14,342,0.42,-125.19,-0.15,10277.39,102.77
421,매도 진입,2023-06-10 02:30,S1,1962.61,41.18,80820.2798,-114.27,-0.14,342,0.42,-125.19,-0.15,10277.39,102.77
422,매수 청산,2023-06-12 21:10,XL1,1965.25,95.19,187072.1475,0,0.00,168.01,0.09,-328.88,-0.18,10277.39,102.77
422,매수 진입,2023-06-12 19:00,L1,1965.25,95.19,187072.1475,0,0.00,168.01,0.09,-328.88,-0.18,10277.39,102.77
423,매수 청산,2023-06-12 21:10,XL2,1965.25,116.34,228414.9756,222.21,0.10,222.21,0.10,-179.75,-0.08,10499.6,105.00
423,매수 진입,2023-06-12 20:20,L2,1963.34,116.34,228414.9756,222.21,0.10,222.21,0.10,-179.75,-0.08,10499.6,105.00
424,매수 청산,2023-06-13 15:20,XL1,1960.435,202.02,396047.0787,0,0.00,36.36,0.01,-430.3,-0.11,10499.6,105.00
424,매수 진입,2023-06-13 14:30,L1,1960.435,202.02,396047.0787,0,0.00,36.36,0.01,-430.3,-0.11,10499.6,105.00
425,매수 청산,2023-06-13 15:20,XL2,1960.435,246.91,483828.7869,222.22,0.05,222.22,0.05,-303.7,-0.06,10721.82,107.22
425,매수 진입,2023-06-13 14:40,L2,1959.535,246.91,483828.7869,222.22,0.05,222.22,0.05,-303.7,-0.06,10721.82,107.22
426,매수 청산,2023-06-13 15:20,XL3,1960.435,317.46,621788.2671,571.43,0.09,571.43,0.09,-104.76,-0.02,11293.25,112.93
426,매수 진입,2023-06-13 14:40,L3,1958.635,317.46,621788.2671,571.43,0.09,571.43,0.09,-104.76,-0.02,11293.25,112.93
427,매수 청산,2023-06-13 19:40,XL1,1965.265,80.09,157216.2695,181.8,0.12,181.8,0.12,-114.13,-0.07,11475.05,114.75
427,매수 진입,2023-06-13 16:50,L1,1962.995,80.09,157216.2695,181.8,0.12,181.8,0.12,-114.13,-0.07,11475.05,114.75
428,매수 청산,2023-06-13 21:30,XL1,1951.775,80.09,157317.5834,-999.92,-0.64,46.45,0.03,-999.92,-0.64,10475.13,104.75
428,매수 진입,2023-06-13 20:50,L1,1964.26,80.09,157317.5834,-999.92,-0.64,46.45,0.03,-999.92,-0.64,10475.13,104.75
429,매수 청산,2023-06-13 21:30,XL2,1951.775,97.89,192059.2011,-999.95,-0.52,111.59,0.06,-999.95,-0.52,9475.18,94.75
429,매수 진입,2023-06-13 21:10,L2,1961.99,97.89,192059.2011,-999.95,-0.52,111.59,0.06,-999.95,-0.52,9475.18,94.75
430,매수 청산,2023-06-13 21:30,XL3,1951.775,125.86,246650.3592,-999.96,-0.41,429.18,0.17,-999.96,-0.41,8475.22,84.75
430,매수 진입,2023-06-13 21:10,L3,1959.72,125.86,246650.3592,-999.96,-0.41,429.18,0.17,-999.96,-0.41,8475.22,84.75
431,매수 청산,2023-06-13 21:30,XL4,1951.775,176.21,344922.2645,-999.99,-0.29,0,0.00,-999.99,-0.29,7475.23,74.75
431,매수 진입,2023-06-13 21:30,L4,1957.45,176.21,344922.2645,-999.99,-0.29,0,0.00,-999.99,-0.29,7475.23,74.75
432,매수 청산,2023-06-13 21:30,XL5,1951.775,293.68,574197.2624,-999.98,-0.17,0,0.00,-999.98,-0.17,6475.25,64.75
432,매수 진입,2023-06-13 21:30,L5,1955.18,293.68,574197.2624,-999.98,-0.17,0,0.00,-999.98,-0.17,6475.25,64.75
433,매수 청산,2023-06-13 21:30,XL6,1951.775,881.05,1720611.356,-999.99,-0.06,0,0.00,-999.99,-0.06,5475.26,54.75
433,매수 진입,2023-06-13 21:30,L6,1952.91,881.05,1720611.356,-999.99,-0.06,0,0.00,-999.99,-0.06,5475.26,54.75
434,매도 청산,2023-06-14 19:10,반대신호정리,1950.52,30.97,60192.6726,-214.93,-0.36,44.13,0.07,-290.03,-0.48,5260.33,52.60
434,매도 진입,2023-06-14 05:00,S1,1943.58,30.97,60192.6726,-214.93,-0.36,44.13,0.07,-290.03,-0.48,5260.33,52.60
435,매도 청산,2023-06-14 19:10,반대신호정리,1950.52,37.85,73786.6825,-40.5,-0.05,156.89,0.21,-132.29,-0.18,5219.83,52.20
435,매도 진입,2023-06-14 12:50,S2,1949.45,37.85,73786.6825,-40.5,-0.05,156.89,0.21,-132.29,-0.18,5219.83,52.20
436,매수 청산,2023-06-14 21:20,XL1,1949.095,127.14,247807.9383,0,0.00,3.81,0.00,-411.3,-0.17,5219.83,52.20
436,매수 진입,2023-06-14 19:40,L1,1949.095,127.14,247807.9383,0,0.00,3.81,0.00,-411.3,-0.17,5219.83,52.20
437,매수 청산,2023-06-14 21:20,XL2,1949.095,155.4,302667.141,222.22,0.07,222.22,0.07,-280.5,-0.09,5442.05,54.42
437,매수 진입,2023-06-14 20:00,L2,1947.665,155.4,302667.141,222.22,0.07,222.22,0.07,-280.5,-0.09,5442.05,54.42
438,매수 청산,2023-06-14 21:20,XL3,1949.095,199.8,388857.753,571.43,0.15,571.43,0.15,-74.92,-0.02,6013.48,60.13
438,매수 진입,2023-06-14 20:20,L3,1946.235,199.8,388857.753,571.43,0.15,571.43,0.15,-74.92,-0.02,6013.48,60.13
439,매수 청산,2023-06-15 03:00,XL1,1942.335,68.35,133758.5577,-999.96,-0.75,36.23,0.03,-999.96,-0.75,5013.52,50.14
439,매수 진입,2023-06-15 00:40,L1,1956.965,68.35,133758.5577,-999.96,-0.75,36.23,0.03,-999.96,-0.75,5013.52,50.14
440,매수 청산,2023-06-15 03:00,XL2,1942.335,83.54,163262.6397,-999.97,-0.61,124.89,0.08,-999.97,-0.61,4013.54,40.14
440,매수 진입,2023-06-15 02:00,L2,1954.305,83.54,163262.6397,-999.97,-0.61,124.89,0.08,-999.97,-0.61,4013.54,40.14
441,매수 청산,2023-06-15 03:00,XL3,1942.335,107.41,209626.1895,-999.99,-0.48,0,0.00,-999.99,-0.48,3013.56,30.14
441,매수 진입,2023-06-15 03:00,L3,1951.645,107.41,209626.1895,-999.99,-0.48,0,0.00,-999.99,-0.48,3013.56,30.14
442,매수 청산,2023-06-15 03:00,XL4,1942.335,150.37,293068.8745,-999.96,-0.34,0,0.00,-999.96,-0.34,2013.6,20.14
442,매수 진입,2023-06-15 03:00,L4,1948.985,150.37,293068.8745,-999.96,-0.34,0,0.00,-999.96,-0.34,2013.6,20.14
443,매수 청산,2023-06-15 03:00,XL5,1942.335,250.62,487787.9715,-999.97,-0.21,481.19,0.10,-999.97,-0.21,1013.62,10.14
443,매수 진입,2023-06-15 03:00,L5,1946.325,250.62,487787.9715,-999.97,-0.21,481.19,0.10,-999.97,-0.21,1013.62,10.14
444,매수 청산,2023-06-15 03:00,XL6,1942.335,751.87,1461383.404,-999.99,-0.07,2067.64,0.14,-999.99,-0.07,13.63,0.14
444,매수 진입,2023-06-15 03:00,L6,1943.665,751.87,1461383.404,-999.99,-0.07,2067.64,0.14,-999.99,-0.07,13.63,0.14
445,매도 청산,2023-06-15 15:10,XS1,1935.445,44.34,85817.6313,0,0.00,204.85,0.24,-196.65,-0.23,13.63,0.14
445,매도 진입,2023-06-15 13:40,S1,1935.445,44.34,85817.6313,0,0.00,204.85,0.24,-196.65,-0.23,13.63,0.14
446,매도 청산,2023-06-15 15:10,XS2,1935.445,54.2,105123.339,222.22,0.21,222.22,0.21,-18.16,-0.02,235.85,2.36
446,매도 진입,2023-06-15 14:50,S2,1939.545,54.2,105123.339,222.22,0.21,222.22,0.21,-18.16,-0.02,235.85,2.36
447,매수 청산,2023-06-16 16:40,XL1,1961.6,102.72,201313.7376,181.81,0.09,181.81,0.09,-48.79,-0.02,417.67,4.18
447,매수 진입,2023-06-16 16:20,L1,1959.83,102.72,201313.7376,181.81,0.09,181.81,0.09,-48.79,-0.02,417.67,4.18
448,매도 청산,2023-06-20 19:20,반대신호정리,1952.075,43.54,85216.488,223.14,0.26,521.83,0.61,-111.24,-0.13,640.81,6.41
448,매도 진입,2023-06-17 02:10,S1,1957.2,43.54,85216.488,223.14,0.26,521.83,0.61,-111.24,-0.13,640.81,6.41
449,매도 청산,2023-06-21 16:40,XS1,1935.025,131.75,254939.5438,0,0.00,142.29,0.06,-312.91,-0.12,640.81,6.41
449,매도 진입,2023-06-21 16:00,S1,1935.025,131.75,254939.5438,0,0.00,142.29,0.06,-312.91,-0.12,640.81,6.41
450,매도 청산,2023-06-21 16:40,XS2,1935.025,161.03,311819.2971,222.22,0.07,222.22,0.07,-160.22,-0.05,863.03,8.63
450,매도 진입,2023-06-21 16:20,S2,1936.405,161.03,311819.2971,222.22,0.07,222.22,0.07,-160.22,-0.05,863.03,8.63
451,매도 청산,2023-06-22 17:20,XS1,1928.93,153.43,295955.7299,0,0.00,62.14,0.02,-395.08,-0.13,863.03,8.63
451,매도 진입,2023-06-22 16:40,S1,1928.93,153.43,295955.7299,0,0.00,62.14,0.02,-395.08,-0.13,863.03,8.63
452,매도 청산,2023-06-22 17:20,XS2,1928.93,187.52,361935.1648,222.21,0.06,222.21,0.06,-260.65,-0.07,1085.24,10.85
452,매도 진입,2023-06-22 16:50,S2,1930.115,187.52,361935.1648,222.21,0.06,222.21,0.06,-260.65,-0.07,1085.24,10.85
453,매도 청산,2023-06-22 17:20,XS3,1928.93,241.1,465636.43,571.41,0.12,571.41,0.12,-49.43,-0.01,1656.65,16.57
453,매도 진입,2023-06-22 17:10,S3,1931.3,241.1,465636.43,571.41,0.12,571.41,0.12,-49.43,-0.01,1656.65,16.57
454,매도 청산,2023-06-22 18:50,XS1,1928.606,153.43,295806.1357,-99.88,-0.03,21.48,0.01,-244.72,-0.08,1556.77,15.57
454,매도 진입,2023-06-22 18:30,S1,1927.955,153.43,295806.1357,-99.88,-0.03,21.48,0.01,-244.72,-0.08,1556.77,15.57
455,매도 청산,2023-06-22 18:50,XS2,1928.606,187.52,361752.3328,100.14,0.03,123.76,0.03,-76.88,-0.02,1656.9,16.57
455,매도 진입,2023-06-22 18:30,S2,1929.14,187.52,361752.3328,100.14,0.03,123.76,0.03,-76.88,-0.02,1656.9,16.57
456,매도 청산,2023-06-22 20:20,XS1,1927.53,153.43,295922.7425,181.81,0.06,375.75,0.13,-171.07,-0.06,1838.72,18.39
456,매도 진입,2023-06-22 20:00,S1,1928.715,153.43,295922.7425,181.81,0.06,375.75,0.13,-171.07,-0.06,1838.72,18.39
457,매수 청산,2023-06-23 23:10,XL2,1928.43,50.22,97027.551,-181.8,-0.19,54.74,0.06,-181.8,-0.19,1656.92,16.57
457,매수 진입,2023-06-23 23:10,L1,1932.05,50.22,97027.551,-181.8,-0.19,54.74,0.06,-181.8,-0.19,1656.92,16.57
458,매수 청산,2023-06-23 23:10,XL2,1928.43,11.16,21521.2788,0,0.00,0,0.00,0,0.00,1656.92,16.57
458,매수 진입,2023-06-23 23:10,L2,1928.43,11.16,21521.2788,0,0.00,0,0.00,0,0.00,1656.92,16.57
459,매수 청산,2023-06-26 10:30,XL1,1928.43,50.22,96845.7546,0,0.00,69.55,0.07,-524.05,-0.54,1656.92,16.57
459,매수 진입,2023-06-23 23:10,L2,1928.43,50.22,96845.7546,0,0.00,69.55,0.07,-524.05,-0.54,1656.92,16.57
460,매수 청산,2023-06-26 10:30,XL2,1928.43,61.38,118144.8378,222.2,0.19,222.2,0.19,-418.3,-0.35,1879.12,18.79
460,매수 진입,2023-06-23 23:40,L2,1924.81,61.38,118144.8378,222.2,0.19,222.2,0.19,-418.3,-0.35,1879.12,18.79
461,매수 청산,2023-06-26 10:30,XL3,1928.43,78.92,151620.3148,571.38,0.38,571.38,0.38,-252.15,-0.17,2450.5,24.50
461,매수 진입,2023-06-24 00:30,L3,1921.19,78.92,151620.3148,571.38,0.38,571.38,0.38,-252.15,-0.17,2450.5,24.50
462,매수 청산,2023-06-27 05:40,반대신호정리,1923.29,38.89,74882.695,-85.95,-0.11,307.04,0.41,-154.2,-0.21,2364.55,23.65
462,매수 진입,2023-06-26 11:00,L1,1925.5,38.89,74882.695,-85.95,-0.11,307.04,0.41,-154.2,-0.21,2364.55,23.65
463,매도 청산,2023-06-28 22:40,XS1,1903.045,47.47,90882.97645,545.43,0.60,545.43,0.60,-130.54,-0.14,2909.98,29.10
463,매도 진입,2023-06-28 02:30,S1,1914.535,47.47,90882.97645,545.43,0.60,545.43,0.60,-130.54,-0.14,2909.98,29.10
464,매도 청산,2023-06-29 04:00,반대신호정리,1912.24,49.27,94104.7146,-111.35,-0.12,233.54,0.25,-170.23,-0.18,2798.63,27.99
464,매도 진입,2023-06-28 23:00,S1,1909.98,49.27,94104.7146,-111.35,-0.12,233.54,0.25,-170.23,-0.18,2798.63,27.99
465,매도 청산,2023-06-29 17:30,XS1,1906.005,88.26,168224.0013,0,0.00,131.51,0.08,-187.99,-0.11,2798.63,27.99
465,매도 진입,2023-06-29 16:40,S1,1906.005,88.26,168224.0013,0,0.00,131.51,0.08,-187.99,-0.11,2798.63,27.99
466,매도 청산,2023-06-29 17:30,XS2,1906.005,107.87,205822.9716,222.21,0.11,222.21,0.11,-7.55,0.00,3020.84,30.21
466,매도 진입,2023-06-29 17:10,S2,1908.065,107.87,205822.9716,222.21,0.11,222.21,0.11,-7.55,0.00,3020.84,30.21
467,매도 청산,2023-06-30 17:00,XS1,1904.89,151.51,288791.6959,181.81,0.06,247.72,0.09,-50,-0.02,3202.66,32.03
467,매도 진입,2023-06-30 16:40,S1,1906.09,151.51,288791.6959,181.81,0.06,247.72,0.09,-50,-0.02,3202.66,32.03
468,매도 청산,2023-06-30 21:30,XS1,1909.77,151.51,288349.2867,-999.97,-0.35,88.63,0.03,-999.97,-0.35,2202.69,22.03
468,매도 진입,2023-06-30 18:10,S1,1903.17,151.51,288349.2867,-999.97,-0.35,88.63,0.03,-999.97,-0.35,2202.69,22.03
469,매도 청산,2023-06-30 21:30,XS2,1909.77,185.18,352651.2366,-999.97,-0.28,207.4,0.06,-999.97,-0.28,1202.72,12.03
469,매도 진입,2023-06-30 18:30,S2,1904.37,185.18,352651.2366,-999.97,-0.28,207.4,0.06,-999.97,-0.28,1202.72,12.03
470,매도 청산,2023-06-30 21:30,XS3,1909.77,238.09,453697.1613,-999.98,-0.22,279.76,0.06,-999.98,-0.22,202.74,2.03
470,매도 진입,2023-06-30 19:10,S3,1905.57,238.09,453697.1613,-999.98,-0.22,279.76,0.06,-999.98,-0.22,202.74,2.03
471,매도 청산,2023-06-30 21:30,XS4,1909.77,333.33,635583.6441,-999.99,-0.16,679.99,0.11,-999.99,-0.16,-797.25,-7.97
471,매도 진입,2023-06-30 21:10,S4,1906.77,333.33,635583.6441,-999.99,-0.16,679.99,0.11,-999.99,-0.16,-797.25,-7.97
472,매도 청산,2023-06-30 21:30,XS5,1909.77,555.55,1059972.733,-999.99,-0.09,0,0.00,-999.99,-0.09,-1797.24,-17.97
472,매도 진입,2023-06-30 21:30,S5,1907.97,555.55,1059972.733,-999.99,-0.09,0,0.00,-999.99,-0.09,-1797.24,-17.97
473,매도 청산,2023-06-30 21:30,XS6,1909.77,1666.66,3181937.272,-1000,-0.03,558.33,0.02,-1000,-0.03,-2797.24,-27.97
473,매도 진입,2023-06-30 21:30,S6,1909.17,1666.66,3181937.272,-1000,-0.03,558.33,0.02,-1000,-0.03,-2797.24,-27.97
474,매수 청산,2023-07-03 20:50,반대신호정리,1913.07,44.5,85328.9725,-197.36,-0.23,234.74,0.28,-330.41,-0.39,-2994.59,-29.95
474,매수 진입,2023-07-01 00:30,L1,1917.505,44.5,85328.9725,-197.36,-0.23,234.74,0.28,-330.41,-0.39,-2994.59,-29.95
475,매수 청산,2023-07-03 20:50,반대신호정리,1913.07,54.39,104070.9138,-19.04,-0.02,55.75,0.05,-181.66,-0.17,-3013.63,-30.14
475,매수 진입,2023-07-03 16:40,L2,1913.42,54.39,104070.9138,-19.04,-0.02,55.75,0.05,-181.66,-0.17,-3013.63,-30.14
476,매수 청산,2023-07-04 15:10,XL1,1924.235,353.04,679218.9516,112.97,0.02,312.44,0.05,-204.76,-0.03,-2900.66,-29.01
476,매수 진입,2023-07-04 14:50,L1,1923.915,353.04,679218.9516,112.97,0.02,312.44,0.05,-204.76,-0.03,-2900.66,-29.01
477,매수 청산,2023-07-04 15:10,XL2,1924.235,431.49,829927.866,360.29,0.04,604.09,0.07,-28.05,0.00,-2540.36,-25.40
477,매수 진입,2023-07-04 14:50,L2,1923.4,431.49,829927.866,360.29,0.04,604.09,0.07,-28.05,0.00,-2540.36,-25.40
478,매도 청산,2023-07-05 15:00,XS1,1924.815,200.9,386695.3335,0,0.00,10.05,0.00,-343.54,-0.09,-2540.36,-25.40
478,매도 진입,2023-07-05 13:10,S1,1924.815,200.9,386695.3335,0,0.00,10.05,0.00,-343.54,-0.09,-2540.36,-25.40
479,매도 청산,2023-07-05 15:00,XS2,1924.815,245.54,472841.2888,222.21,0.05,222.21,0.05,-197.66,-0.04,-2318.15,-23.18
479,매도 진입,2023-07-05 13:40,S2,1925.72,245.54,472841.2888,222.21,0.05,222.21,0.05,-197.66,-0.04,-2318.15,-23.18
480,매도 청산,2023-07-05 19:40,반대신호정리,1928.25,91.36,175713.6016,-451.32,-0.26,14.16,0.01,-576.02,-0.33,-2769.47,-27.69
480,매도 진입,2023-07-05 16:10,S1,1923.31,91.36,175713.6016,-451.32,-0.26,14.16,0.01,-576.02,-0.33,-2769.47,-27.69
481,매도 청산,2023-07-05 19:40,반대신호정리,1928.25,111.66,214978.998,-329.4,-0.15,4.47,0.00,-481.81,-0.22,-3098.87,-30.99
481,매도 진입,2023-07-05 16:40,S2,1925.3,111.66,214978.998,-329.4,-0.15,4.47,0.00,-481.81,-0.22,-3098.87,-30.99
482,매도 청산,2023-07-05 19:40,반대신호정리,1928.25,143.57,276701.0253,-137.83,-0.05,291.45,0.11,-333.8,-0.12,-3236.69,-32.37
482,매도 진입,2023-07-05 16:50,S3,1927.29,143.57,276701.0253,-137.83,-0.05,291.45,0.11,-333.8,-0.12,-3236.69,-32.37
483,매도 청산,2023-07-07 16:00,반대신호정리,1913.415,47.65,91054.62325,-119.6,-0.13,111.74,0.12,-218.95,-0.24,-3356.29,-33.56
483,매도 진입,2023-07-07 00:40,S1,1910.905,47.65,91054.62325,-119.6,-0.13,111.74,0.12,-218.95,-0.24,-3356.29,-33.56
484,매도 청산,2023-07-07 16:00,반대신호정리,1913.415,58.24,111513.2928,76,0.07,98.43,0.09,-45.43,-0.04,-3280.29,-32.80
484,매도 진입,2023-07-07 15:10,S2,1914.72,58.24,111513.2928,76,0.07,98.43,0.09,-45.43,-0.04,-3280.29,-32.80
485,매수 청산,2023-07-10 19:30,반대신호정리,1924.31,41.6,80191.904,-140.61,-0.18,69.68,0.09,-343.62,-0.43,-3420.9,-34.21
485,매수 진입,2023-07-08 01:00,L1,1927.69,41.6,80191.904,-140.61,-0.18,69.68,0.09,-343.62,-0.43,-3420.9,-34.21
486,매수 청산,2023-07-10 19:30,반대신호정리,1924.31,50.85,97800.822,50.34,0.05,186.11,0.19,-197.81,-0.20,-3370.56,-33.71
486,매수 진입,2023-07-10 09:10,L2,1923.32,50.85,97800.822,50.34,0.05,186.11,0.19,-197.81,-0.20,-3370.56,-33.71
487,매도 청산,2023-07-10 21:10,XS1,1922.11,94.2,181244.568,181.81,0.10,181.81,0.10,-166.26,-0.09,-3188.75,-31.89
487,매도 진입,2023-07-10 20:20,S1,1924.04,94.2,181244.568,181.81,0.10,181.81,0.10,-166.26,-0.09,-3188.75,-31.89
488,매도 청산,2023-07-11 07:20,반대신호정리,1925.17,48.54,93354.555,-93.2,-0.10,50.24,0.05,-176.2,-0.19,-3281.95,-32.82
488,매도 진입,2023-07-11 00:20,S1,1923.25,48.54,93354.555,-93.2,-0.10,50.24,0.05,-176.2,-0.19,-3281.95,-32.82
489,매수 청산,2023-07-11 13:20,XL1,1927.735,559.44,1077906.614,545.45,0.05,545.45,0.05,-165.03,-0.02,-2736.49,-27.36
489,매수 진입,2023-07-11 13:00,L1,1926.76,559.44,1077906.614,545.45,0.05,545.45,0.05,-165.03,-0.02,-2736.49,-27.36
490,매수 청산,2023-07-12 13:50,XL1,1938.72,374.88,726787.3536,0,0.00,438.61,0.06,-389.88,-0.05,-2736.49,-27.36
490,매수 진입,2023-07-12 12:10,L1,1938.72,374.88,726787.3536,0,0.00,438.61,0.06,-389.88,-0.05,-2736.49,-27.36
491,매수 청산,2023-07-12 13:50,XL2,1938.72,458.19,888079.8946,222.22,0.03,222.22,0.03,-254.3,-0.03,-2514.27,-25.14
491,매수 진입,2023-07-12 13:10,L2,1938.235,458.19,888079.8946,222.22,0.03,222.22,0.03,-254.3,-0.03,-2514.27,-25.14
492,매수 청산,2023-07-12 13:50,XL3,1938.72,589.1,1141528.525,571.43,0.05,571.43,0.05,-41.24,0.00,-1942.85,-19.43
492,매수 진입,2023-07-12 13:20,L3,1937.75,589.1,1141528.525,571.43,0.05,571.43,0.05,-41.24,0.00,-1942.85,-19.43
493,매수 청산,2023-07-14 04:30,반대신호정리,1960.335,49.74,97221.0579,286.01,0.29,455.12,0.47,-105.2,-0.11,-1656.84,-16.57
493,매수 진입,2023-07-12 23:30,L1,1954.585,49.74,97221.0579,286.01,0.29,455.12,0.47,-105.2,-0.11,-1656.84,-16.57
494,매수 청산,2023-07-14 14:40,XL1,1959.187,413.22,810675.657,-1100.4,-0.14,16.53,0.00,-1100.4,-0.14,-2757.24,-27.57
494,매수 진입,2023-07-14 13:10,L1,1961.85,413.22,810675.657,-1100.4,-0.14,16.53,0.00,-1100.4,-0.14,-2757.24,-27.57
495,매수 청산,2023-07-14 14:40,XL2,1959.187,505.05,990610.1205,-1122.73,-0.11,15.15,0.00,-1122.73,-0.11,-3879.97,-38.80
495,매수 진입,2023-07-14 13:10,L2,1961.41,505.05,990610.1205,-1122.73,-0.11,15.15,0.00,-1122.73,-0.11,-3879.97,-38.80
496,매수 청산,2023-07-14 14:40,XL2,1959.187,505.05,990487.3934,-1000,-0.10,132.83,0.01,-1000,-0.10,-4879.97,-48.80
496,매수 진입,2023-07-14 13:20,L2,1961.167,505.05,990487.3934,-1000,-0.10,132.83,0.01,-1000,-0.10,-4879.97,-48.80
497,매수 청산,2023-07-14 14:40,XL3,1959.187,649.35,1273198.077,-1000,-0.08,456.49,0.04,-1000,-0.08,-5879.97,-58.80
497,매수 진입,2023-07-14 13:20,L3,1960.727,649.35,1273198.077,-1000,-0.08,456.49,0.04,-1000,-0.08,-5879.97,-58.80
498,매수 청산,2023-07-14 14:40,XL4,1959.187,909.09,1782077.309,-1000,-0.06,975.45,0.05,-1000,-0.06,-6879.97,-68.80
498,매수 진입,2023-07-14 14:00,L4,1960.287,909.09,1782077.309,-1000,-0.06,975.45,0.05,-1000,-0.06,-6879.97,-68.80
499,매수 청산,2023-07-14 14:40,XL5,1959.187,1515.15,2969462.182,-1000,-0.03,2292.42,0.08,-1000,-0.03,-7879.97,-78.80
499,매수 진입,2023-07-14 14:00,L5,1959.847,1515.15,2969462.182,-1000,-0.03,2292.42,0.08,-1000,-0.03,-7879.97,-78.80
500,매수 청산,2023-07-14 14:40,XL6,1959.187,4545.45,8906386.548,-1000,-0.01,0,0.00,-1000,-0.01,-8879.97,-88.80
500,매수 진입,2023-07-14 14:40,L6,1959.407,4545.45,8906386.548,-1000,-0.01,0,0.00,-1000,-0.01,-8879.97,-88.80
501,매도 청산,2023-07-14 17:00,XS2,1958.21,138.79,271598.151,-181.81,-0.07,11.1,0.00,-181.81,-0.07,-9061.78,-90.62
501,매도 진입,2023-07-14 17:00,S1,1956.9,138.79,271598.151,-181.81,-0.07,11.1,0.00,-181.81,-0.07,-9061.78,-90.62
502,매도 청산,2023-07-14 17:00,XS2,1958.21,30.84,60391.1964,0,0.00,0,0.00,0,0.00,-9061.78,-90.62
502,매도 진입,2023-07-14 17:00,S2,1958.21,30.84,60391.1964,0,0.00,0,0.00,0,0.00,-9061.78,-90.62
503,매도 청산,2023-07-14 17:20,XS1,1956.485,138.79,271779.9659,239.41,0.09,239.41,0.09,-9.72,0.00,-8822.37,-88.22
503,매도 진입,2023-07-14 17:00,S2,1958.21,138.79,271779.9659,239.41,0.09,239.41,0.09,-9.72,0.00,-8822.37,-88.22
504,매도 청산,2023-07-14 21:30,XS1,1957.035,138.79,271616.8876,0,0.00,42.33,0.02,-800.12,-0.29,-8822.37,-88.22
504,매도 진입,2023-07-14 20:10,S1,1957.035,138.79,271616.8876,0,0.00,42.33,0.02,-800.12,-0.29,-8822.37,-88.22
505,매도 청산,2023-07-14 21:30,XS2,1957.035,169.63,332194.0624,222.22,0.07,222.22,0.07,-755.7,-0.23,-8600.15,-86.00
505,매도 진입,2023-07-14 20:20,S2,1958.345,169.63,332194.0624,222.22,0.07,222.22,0.07,-755.7,-0.23,-8600.15,-86.00
506,매도 청산,2023-07-14 21:30,XS3,1957.035,218.1,427400.7555,571.42,0.13,571.42,0.13,-685.92,-0.16,-8028.73,-80.29
506,매도 진입,2023-07-14 20:20,S3,1959.655,218.1,427400.7555,571.42,0.13,571.42,0.13,-685.92,-0.16,-8028.73,-80.29
507,매도 청산,2023-07-14 21:30,XS4,1957.035,305.34,598761.0531,1199.99,0.20,1199.99,0.20,-560.3,-0.09,-6828.74,-68.29
507,매도 진입,2023-07-14 21:20,S4,1960.965,305.34,598761.0531,1199.99,0.20,1199.99,0.20,-560.3,-0.09,-6828.74,-68.29
508,매도 청산,2023-07-14 21:30,XS5,1957.035,508.9,998601.7475,2666.64,0.27,2666.64,0.27,-267.17,-0.03,-4162.11,-41.62
508,매도 진입,2023-07-14 21:20,S5,1962.275,508.9,998601.7475,2666.64,0.27,2666.64,0.27,-267.17,-0.03,-4162.11,-41.62
509,매도 청산,2023-07-15 04:00,반대신호정리,1959.33,64.36,126116.638,14.16,0.01,150.92,0.12,-161.22,-0.13,-4147.95,-41.48
509,매도 진입,2023-07-14 23:50,S1,1959.55,64.36,126116.638,14.16,0.01,150.92,0.12,-161.22,-0.13,-4147.95,-41.48
510,매도 청산,2023-07-17 10:50,XS1,1952.7,98.81,192946.287,0,0.00,20.75,0.01,-328.05,-0.17,-4147.95,-41.48
510,매도 진입,2023-07-17 08:50,S1,1952.7,98.81,192946.287,0,0.00,20.75,0.01,-328.05,-0.17,-4147.95,-41.48
511,매도 청산,2023-07-17 10:50,XS2,1952.7,120.77,236049.7958,222.22,0.09,222.22,0.09,-178.74,-0.08,-3925.73,-39.26
511,매도 진입,2023-07-17 09:50,S2,1954.54,120.77,236049.7958,222.22,0.09,222.22,0.09,-178.74,-0.08,-3925.73,-39.26
512,매수 청산,2023-07-17 23:00,XL1,1951.2,84.76,165929.1426,-545.43,-0.33,160.2,0.10,-999.74,-0.60,-4471.16,-44.71
512,매수 진입,2023-07-17 19:50,L1,1957.635,84.76,165929.1426,-545.43,-0.33,160.2,0.10,-999.74,-0.60,-4471.16,-44.71
513,매수 청산,2023-07-17 23:00,XL2,1951.2,103.6,202588.764,-444.44,-0.22,41.96,0.02,-999.74,-0.49,-4915.61,-49.16
513,매수 진입,2023-07-17 21:20,L2,1955.49,103.6,202588.764,-444.44,-0.22,41.96,0.02,-999.74,-0.49,-4915.61,-49.16
514,매수 청산,2023-07-17 23:00,XL3,1951.2,133.2,260185.554,-285.71,-0.11,339.66,0.13,-999.67,-0.38,-5201.32,-52.01
514,매수 진입,2023-07-17 21:20,L3,1953.345,133.2,260185.554,-285.71,-0.11,339.66,0.13,-999.67,-0.38,-5201.32,-52.01
515,매수 청산,2023-07-17 23:00,XL4,1951.2,186.48,363859.776,0,0.00,225.64,0.06,-999.53,-0.27,-5201.32,-52.01
515,매수 진입,2023-07-17 21:40,L4,1951.2,186.48,363859.776,0,0.00,225.64,0.06,-999.53,-0.27,-5201.32,-52.01
516,매수 청산,2023-07-17 23:00,XL5,1951.2,310.8,605766.294,666.67,0.11,823.62,0.14,-999.22,-0.16,-4534.66,-45.35
516,매수 진입,2023-07-17 21:40,L5,1949.055,310.8,605766.294,666.67,0.11,823.62,0.14,-999.22,-0.16,-4534.66,-45.35
517,매수 청산,2023-07-17 23:00,XL6,1951.2,932.4,1815298.884,4000,0.22,4000,0.22,-997.67,-0.05,-534.66,-5.35
517,매수 진입,2023-07-17 22:30,L6,1946.91,932.4,1815298.884,4000,0.22,4000,0.22,-997.67,-0.05,-534.66,-5.35
518,매수 청산,2023-07-18 14:20,XL1,1961.37,378.78,742382.2854,545.44,0.07,545.44,0.07,-96.59,-0.01,10.78,0.11
518,매수 진입,2023-07-18 13:50,L1,1959.93,378.78,742382.2854,545.44,0.07,545.44,0.07,-96.59,-0.01,10.78,0.11
519,매도 청산,2023-07-20 04:50,반대신호정리,1978.195,52.7,104127.822,-123.05,-0.12,0,0.00,-165.74,-0.16,-112.27,-1.12
519,매도 진입,2023-07-20 01:40,S1,1975.86,52.7,104127.822,-123.05,-0.12,0,0.00,-165.74,-0.16,-112.27,-1.12
520,매수 청산,2023-07-20 21:40,XL1,1973.682,83.98,166749.8482,-1000.03,-0.60,39.05,0.02,-1000.03,-0.60,-1112.3,-11.12
520,매수 진입,2023-07-20 12:40,L1,1985.59,83.98,166749.8482,-1000.03,-0.60,39.05,0.02,-1000.03,-0.60,-1112.3,-11.12
521,매수 청산,2023-07-20 21:40,XL2,1973.682,102.64,203578.742,-1000.02,-0.49,70.82,0.03,-1000.02,-0.49,-2112.33,-21.12
521,매수 진입,2023-07-20 14:20,L2,1983.425,102.64,203578.742,-1000.02,-0.49,70.82,0.03,-1000.02,-0.49,-2112.33,-21.12
522,매수 청산,2023-07-20 21:40,XL3,1973.682,131.96,261447.0696,-999.99,-0.38,350.35,0.13,-999.99,-0.38,-3112.32,-31.12
522,매수 진입,2023-07-20 14:40,L3,1981.26,131.96,261447.0696,-999.99,-0.38,350.35,0.13,-999.99,-0.38,-3112.32,-31.12
523,매수 청산,2023-07-20 21:40,XL4,1973.682,184.75,365637.8013,-1000.05,-0.27,890.5,0.24,-1000.05,-0.27,-4112.37,-41.12
523,매수 진입,2023-07-20 15:10,L4,1979.095,184.75,365637.8013,-1000.05,-0.27,890.5,0.24,-1000.05,-0.27,-4112.37,-41.12
524,매수 청산,2023-07-20 21:40,XL5,1973.682,307.92,608736.2856,-1000.12,-0.16,103.15,0.02,-1000.12,-0.16,-5112.49,-51.12
524,매수 진입,2023-07-20 21:30,L5,1976.93,307.92,608736.2856,-1000.12,-0.16,103.15,0.02,-1000.12,-0.16,-5112.49,-51.12
525,매수 청산,2023-07-20 21:40,XL6,1973.682,923.78,1824248.412,-1000.45,-0.05,2309.45,0.13,-1000.45,-0.05,-6112.95,-61.13
525,매수 진입,2023-07-20 21:30,L6,1974.765,923.78,1824248.412,-1000.45,-0.05,2309.45,0.13,-1000.45,-0.05,-6112.95,-61.13
526,매도 청산,2023-07-21 21:30,XS1,1963.905,101.85,200023.7242,0,0.00,167.03,0.08,-435.92,-0.22,-6112.95,-61.13
526,매도 진입,2023-07-21 20:00,S1,1963.905,101.85,200023.7242,0,0.00,167.03,0.08,-435.92,-0.22,-6112.95,-61.13
527,매도 청산,2023-07-21 21:30,XS2,1963.905,124.49,244708.7481,222.21,0.09,222.21,0.09,-310.6,-0.13,-5890.73,-58.91
527,매도 진입,2023-07-21 20:40,S2,1965.69,124.49,244708.7481,222.21,0.09,222.21,0.09,-310.6,-0.13,-5890.73,-58.91
528,매도 청산,2023-07-21 21:30,XS3,1963.905,160.06,314914.0485,571.41,0.18,571.41,0.18,-113.64,-0.04,-5319.32,-53.19
528,매도 진입,2023-07-21 21:20,S3,1967.475,160.06,314914.0485,571.41,0.18,571.41,0.18,-113.64,-0.04,-5319.32,-53.19
529,매도 청산,2023-07-24 14:30,XS1,1960.67,153.43,300825.5981,0,0.00,78.25,0.03,-229.38,-0.08,-5319.32,-53.19
529,매도 진입,2023-07-24 13:50,S1,1960.67,153.43,300825.5981,0,0.00,78.25,0.03,-229.38,-0.08,-5319.32,-53.19
530,매도 청산,2023-07-24 14:30,XS2,1960.67,187.52,367887.0496,222.21,0.06,222.21,0.06,-58.13,-0.02,-5097.11,-50.97
530,매도 진입,2023-07-24 14:10,S2,1961.855,187.52,367887.0496,222.21,0.06,222.21,0.06,-58.13,-0.02,-5097.11,-50.97
531,매수 청산,2023-07-24 20:30,XL1,1967.115,69.26,136060.5774,181.81,0.13,181.81,0.13,-40.17,-0.03,-4915.3,-49.15
531,매수 진입,2023-07-24 19:30,L1,1964.49,69.26,136060.5774,181.81,0.13,181.81,0.13,-40.17,-0.03,-4915.3,-49.15
532,매수 청산,2023-07-24 21:30,XL1,1967.665,69.26,136098.6704,181.81,0.13,181.81,0.13,-72.03,-0.05,-4733.49,-47.33
532,매수 진입,2023-07-24 21:00,L1,1965.04,69.26,136098.6704,181.81,0.13,181.81,0.13,-72.03,-0.05,-4733.49,-47.33
533,매도 청산,2023-07-25 04:10,XS1,1953.735,86.16,168879.2004,545.39,0.32,545.39,0.32,-121.05,-0.07,-4188.1,-41.88
533,매도 진입,2023-07-25 01:40,S1,1960.065,86.16,168879.2004,545.39,0.32,545.39,0.32,-121.05,-0.07,-4188.1,-41.88
534,매도 청산,2023-07-25 13:50,반대신호정리,1961.15,86.16,168430.3068,-542.38,-0.32,135.27,0.08,-755.62,-0.45,-4730.48,-47.30
534,매도 진입,2023-07-25 05:20,S1,1954.855,86.16,168430.3068,-542.38,-0.32,135.27,0.08,-755.62,-0.45,-4730.48,-47.30
535,매도 청산,2023-07-25 13:50,반대신호정리,1961.15,105.31,206087.9842,-440.72,-0.21,19.48,0.01,-701.36,-0.34,-5171.2,-51.71
535,매도 진입,2023-07-25 10:00,S2,1956.965,105.31,206087.9842,-440.72,-0.21,19.48,0.01,-701.36,-0.34,-5171.2,-51.71
536,매도 청산,2023-07-25 13:50,반대신호정리,1961.15,135.4,265258.755,-280.95,-0.11,3.39,0.00,-616.07,-0.23,-5452.16,-54.52
536,매도 진입,2023-07-25 10:20,S3,1959.075,135.4,265258.755,-280.95,-0.11,3.39,0.00,-616.07,-0.23,-5452.16,-54.52
537,매도 청산,2023-07-25 13:50,반대신호정리,1961.15,189.57,371781.8404,6.63,0.00,158.29,0.04,-462.55,-0.12,-5445.52,-54.46
537,매도 진입,2023-07-25 10:30,S4,1961.185,189.57,371781.8404,6.63,0.00,158.29,0.04,-462.55,-0.12,-5445.52,-54.46
538,매도 청산,2023-07-25 13:50,반대신호정리,1961.15,315.95,620303.0552,677.71,0.11,688.77,0.11,-104.26,-0.02,-4767.81,-47.68
538,매도 진입,2023-07-25 11:40,S5,1963.295,315.95,620303.0552,677.71,0.11,688.77,0.11,-104.26,-0.02,-4767.81,-47.68
539,매수 청산,2023-07-25 17:40,XL1,1962.72,183.65,360453.528,0,0.00,272.72,0.08,-607.88,-0.17,-4767.81,-47.68
539,매수 진입,2023-07-25 15:20,L1,1962.72,183.65,360453.528,0,0.00,272.72,0.08,-607.88,-0.17,-4767.81,-47.68
540,매수 청산,2023-07-25 17:40,XL2,1962.72,224.46,440329.9158,222.22,0.05,241.29,0.05,-520.75,-0.12,-4545.59,-45.46
540,매수 진입,2023-07-25 16:00,L2,1961.73,224.46,440329.9158,222.22,0.05,241.29,0.05,-520.75,-0.12,-4545.59,-45.46
541,매수 청산,2023-07-25 17:40,XL3,1962.72,288.6,565869.564,571.43,0.10,571.43,0.10,-383.84,-0.07,-3974.16,-39.74
541,매수 진입,2023-07-25 16:20,L3,1960.74,288.6,565869.564,571.43,0.10,571.43,0.10,-383.84,-0.07,-3974.16,-39.74
542,매수 청산,2023-07-25 17:40,XL4,1962.72,404.04,791817.39,1200,0.15,1200,0.15,-137.37,-0.02,-2774.17,-27.74
542,매수 진입,2023-07-25 17:10,L4,1959.75,404.04,791817.39,1200,0.15,1200,0.15,-137.37,-0.02,-2774.17,-27.74
543,매수 청산,2023-07-25 21:00,XL1,1962.215,84.96,166709.7864,0,0.00,47.58,0.03,-768.46,-0.46,-2774.17,-27.74
543,매수 진입,2023-07-25 18:40,L1,1962.215,84.96,166709.7864,0,0.00,47.58,0.03,-768.46,-0.46,-2774.17,-27.74
544,매수 청산,2023-07-25 21:00,XL2,1962.215,103.84,203534.188,222.22,0.11,222.22,0.11,-717.02,-0.35,-2551.95,-25.52
544,매수 진입,2023-07-25 19:50,L2,1960.075,103.84,203534.188,222.22,0.11,222.22,0.11,-717.02,-0.35,-2551.95,-25.52
545,매수 청산,2023-07-25 21:00,XL3,1962.215,133.51,261403.9018,571.42,0.22,571.42,0.22,-636.18,-0.24,-1980.52,-19.81
545,매수 진입,2023-07-25 20:00,L3,1957.935,133.51,261403.9018,571.42,0.22,571.42,0.22,-636.18,-0.24,-1980.52,-19.81
546,매수 청산,2023-07-25 21:00,XL4,1962.215,186.91,365557.6435,1199.96,0.33,1199.96,0.33,-490.64,-0.13,-780.56,-7.81
546,매수 진입,2023-07-25 20:10,L4,1955.795,186.91,365557.6435,1199.96,0.33,1199.96,0.33,-490.64,-0.13,-780.56,-7.81
547,매수 청산,2023-07-25 21:00,XL5,1962.215,311.52,608602.6056,2666.61,0.44,2666.61,0.44,-151.09,-0.02,1886.05,18.86
547,매수 진입,2023-07-25 20:20,L5,1953.655,311.52,608602.6056,2666.61,0.44,2666.61,0.44,-151.09,-0.02,1886.05,18.86
548,매수 청산,2023-07-27 00:20,XL1,1974.985,52.02,102193.29,545.43,0.53,545.43,0.53,-126.67,-0.12,2431.48,24.31
548,매수 진입,2023-07-26 05:00,L1,1964.5,52.02,102193.29,545.43,0.53,545.43,0.53,-126.67,-0.12,2431.48,24.31
549,매수 청산,2023-07-27 11:00,XL1,1979.205,51.8,101977.365,545.45,0.53,545.45,0.53,-158.77,-0.16,2976.93,29.77
549,매수 진입,2023-07-27 02:10,L1,1968.675,51.8,101977.365,545.45,0.53,545.45,0.53,-158.77,-0.16,2976.93,29.77
550,매수 청산,2023-07-27 15:30,XL1,1977.15,90.68,179287.962,0,0.00,149.62,0.08,-273.4,-0.15,2976.93,29.77
550,매수 진입,2023-07-27 12:50,L1,1977.15,90.68,179287.962,0,0.00,149.62,0.08,-273.4,-0.15,2976.93,29.77
551,매수 청산,2023-07-27 15:30,XL2,1977.15,110.83,218905.3203,222.21,0.10,222.21,0.10,-111.94,-0.05,3199.15,31.99
551,매수 진입,2023-07-27 14:40,L2,1975.145,110.83,218905.3203,222.21,0.10,222.21,0.10,-111.94,-0.05,3199.15,31.99
552,매수 청산,2023-07-27 18:10,XL1,1978.125,98.54,194742.6312,181.81,0.09,181.81,0.09,-163.08,-0.08,3380.95,33.81
552,매수 진입,2023-07-27 17:40,L1,1976.28,98.54,194742.6312,181.81,0.09,181.81,0.09,-163.08,-0.08,3380.95,33.81
553,매도 청산,2023-07-28 18:10,반대신호정리,1949.29,22.62,44003.1384,-89.8,-0.20,60.51,0.14,-260.47,-0.59,3291.15,32.91
553,매도 진입,2023-07-28 00:40,S1,1945.32,22.62,44003.1384,-89.8,-0.20,60.51,0.14,-260.47,-0.59,3291.15,32.91
554,매도 청산,2023-07-28 18:10,반대신호정리,1949.29,27.65,54010.26575,112.4,0.21,151.25,0.28,-96.22,-0.18,3403.55,34.04
554,매도 진입,2023-07-28 12:00,S2,1953.355,27.65,54010.26575,112.4,0.21,151.25,0.28,-96.22,-0.18,3403.55,34.04
555,매수 청산,2023-07-28 22:30,XL1,1955.525,89.78,175385.23,181.8,0.10,286.85,0.16,-4.04,0.00,3585.35,35.85
555,매수 진입,2023-07-28 22:10,L1,1953.5,89.78,175385.23,181.8,0.10,286.85,0.16,-4.04,0.00,3585.35,35.85
556,매수 청산,2023-08-01 13:00,반대신호정리,1962.265,55.77,109698.4746,-262.96,-0.24,300.04,0.27,-442.81,-0.40,3322.4,33.22
556,매수 진입,2023-07-31 23:30,L1,1966.98,55.77,109698.4746,-262.96,-0.24,300.04,0.27,-442.81,-0.40,3322.4,33.22
557,매수 청산,2023-08-01 13:00,반대신호정리,1962.265,68.16,133847.1552,-99.17,-0.07,29.65,0.02,-318.99,-0.24,3223.22,32.23
557,매수 진입,2023-08-01 09:20,L2,1963.72,68.16,133847.1552,-99.17,-0.07,29.65,0.02,-318.99,-0.24,3223.22,32.23
558,매수 청산,2023-08-01 13:00,반대신호정리,1962.265,87.64,171814.7144,158.19,0.09,208.58,0.12,-124.45,-0.07,3381.41,33.81
558,매수 진입,2023-08-01 11:00,L3,1960.46,87.64,171814.7144,158.19,0.09,208.58,0.12,-124.45,-0.07,3381.41,33.81
559,매도 청산,2023-08-01 20:10,XS1,1954.065,97.22,190156.0007,181.8,0.10,181.8,0.10,-178.4,-0.09,3563.22,35.63
559,매도 진입,2023-08-01 17:20,S1,1955.935,97.22,190156.0007,181.8,0.10,181.8,0.10,-178.4,-0.09,3563.22,35.63
560,매도 청산,2023-08-01 23:00,XS1,1946.61,97.22,189431.2256,181.8,0.10,386.45,0.20,-533.25,-0.28,3745.02,37.45
560,매도 진입,2023-08-01 22:30,S1,1948.48,97.22,189431.2256,181.8,0.10,386.45,0.20,-533.25,-0.28,3745.02,37.45
561,매도 청산,2023-08-01 23:00,XS2,1946.61,118.83,231760.0905,444.42,0.19,444.42,0.19,-429.57,-0.19,4189.44,41.89
561,매도 진입,2023-08-01 23:00,S2,1950.35,118.83,231760.0905,444.42,0.19,444.42,0.19,-429.57,-0.19,4189.44,41.89
562,매도 청산,2023-08-01 23:00,XS3,1946.61,152.78,298260.1716,857.1,0.29,857.1,0.29,-266.6,-0.09,5046.54,50.47
562,매도 진입,2023-08-01 23:00,S3,1952.22,152.78,298260.1716,857.1,0.29,857.1,0.29,-266.6,-0.09,5046.54,50.47
563,매도 청산,2023-08-03 21:10,반대신호정리,1932.625,65.28,126523.0848,361.32,0.29,471,0.37,-65.61,-0.05,5407.86,54.08
563,매도 진입,2023-08-03 01:10,S1,1938.16,65.28,126523.0848,361.32,0.29,471,0.37,-65.61,-0.05,5407.86,54.08
564,매도 청산,2023-08-04 11:30,반대신호정리,1935.425,36.65,70871.2045,-62.12,-0.09,9.53,0.01,-158.51,-0.22,5345.74,53.46
564,매도 진입,2023-08-04 04:40,S1,1933.73,36.65,70871.2045,-62.12,-0.09,9.53,0.01,-158.51,-0.22,5345.74,53.46
565,매도 청산,2023-08-07 16:40,XS1,1935.68,166.04,321669.292,268.98,0.08,297.21,0.09,-22.42,-0.01,5614.73,56.15
565,매도 진입,2023-08-07 16:20,S1,1937.3,166.04,321669.292,268.98,0.08,297.21,0.09,-22.42,-0.01,5614.73,56.15
566,매도 청산,2023-08-07 22:30,XS1,1938.925,166.04,322120.9208,181.81,0.06,181.81,0.06,-290.57,-0.09,5796.54,57.97
566,매도 진입,2023-08-07 22:10,S1,1940.02,166.04,322120.9208,181.81,0.06,181.81,0.06,-290.57,-0.09,5796.54,57.97
567,매도 청산,2023-08-07 22:30,XS2,1938.925,202.94,393929.8781,444.44,0.11,444.44,0.11,-132.93,-0.03,6240.98,62.41
567,매도 진입,2023-08-07 22:20,S2,1941.115,202.94,393929.8781,444.44,0.11,444.44,0.11,-132.93,-0.03,6240.98,62.41
568,매도 청산,2023-08-08 09:10,반대신호정리,1936.195,71.58,138505.8684,-86.97,-0.06,59.05,0.04,-227.27,-0.16,6154.01,61.54
568,매도 진입,2023-08-08 02:10,S1,1934.98,71.58,138505.8684,-86.97,-0.06,59.05,0.04,-227.27,-0.16,6154.01,61.54
569,매도 청산,2023-08-08 09:10,반대신호정리,1936.195,87.48,169494.2496,115.91,0.07,159.65,0.09,-55.55,-0.03,6269.92,62.70
569,매도 진입,2023-08-08 04:10,S2,1937.52,87.48,169494.2496,115.91,0.07,159.65,0.09,-55.55,-0.03,6269.92,62.70
570,매수 청산,2023-08-09 15:40,XL1,1930.73,343.05,662035.0425,301.88,0.05,471.69,0.07,-403.08,-0.06,6571.8,65.72
570,매수 진입,2023-08-09 15:20,L1,1929.85,343.05,662035.0425,301.88,0.05,471.69,0.07,-403.08,-0.06,6571.8,65.72
571,매수 청산,2023-08-09 15:40,XL2,1930.73,419.28,808925.2896,591.18,0.07,798.73,0.10,-270.44,-0.03,7162.99,71.63
571,매수 진입,2023-08-09 15:20,L2,1929.32,419.28,808925.2896,591.18,0.07,798.73,0.10,-270.44,-0.03,7162.99,71.63
572,매수 청산,2023-08-09 15:40,XL2,1930.73,419.28,808703.0712,813.4,0.10,1020.95,0.13,-48.22,-0.01,7976.39,79.76
572,매수 진입,2023-08-09 15:20,L3,1928.79,419.28,808703.0712,813.4,0.10,1020.95,0.13,-48.22,-0.01,7976.39,79.76
573,매수 청산,2023-08-09 15:40,XL3,1930.73,119.8,231069.042,232.41,0.10,291.71,0.13,-13.78,-0.01,8208.8,82.09
573,매수 진입,2023-08-09 15:20,L3,1928.79,119.8,231069.042,232.41,0.10,291.71,0.13,-13.78,-0.01,8208.8,82.09
574,매수 청산,2023-08-09 15:40,XL3,1930.73,419.28,808654.854,861.62,0.11,1069.16,0.13,0,0.00,9070.42,90.70
574,매수 진입,2023-08-09 15:20,L2,1928.675,419.28,808654.854,861.62,0.11,1069.16,0.13,0,0.00,9070.42,90.70
575,매수 청산,2023-08-09 20:50,반대신호정리,1925.7,111.2,214570.408,-432.57,-0.20,138.44,0.06,-695.56,-0.32,8637.86,86.38
575,매수 진입,2023-08-09 16:50,L1,1929.59,111.2,214570.408,-432.57,-0.20,138.44,0.06,-695.56,-0.32,8637.86,86.38
576,매수 청산,2023-08-09 20:50,반대신호정리,1925.7,135.91,262028.364,-306.48,-0.12,150.18,0.06,-627.9,-0.24,8331.38,83.31
576,매수 진입,2023-08-09 17:20,L2,1927.955,135.91,262028.364,-306.48,-0.12,150.18,0.06,-627.9,-0.24,8331.38,83.31
577,매수 청산,2023-08-09 20:50,반대신호정리,1925.7,174.74,336605.1568,-108.34,-0.03,69.9,0.02,-521.6,-0.15,8223.04,82.23
577,매수 진입,2023-08-09 18:50,L3,1926.32,174.74,336605.1568,-108.34,-0.03,69.9,0.02,-521.6,-0.15,8223.04,82.23
578,매수 청산,2023-08-09 20:50,반대신호정리,1925.7,244.64,470854.9384,248.31,0.05,398.76,0.08,-330.26,-0.07,8471.35,84.71
578,매수 진입,2023-08-09 19:50,L4,1924.685,244.64,470854.9384,248.31,0.05,398.76,0.08,-330.26,-0.07,8471.35,84.71
579,매도 청산,2023-08-10 20:20,반대신호정리,1921.895,66.11,126763.6111,-292.87,-0.23,220.81,0.17,-349.39,-0.28,8178.48,81.78
579,매도 진입,2023-08-10 01:10,S1,1917.465,66.11,126763.6111,-292.87,-0.23,220.81,0.17,-349.39,-0.28,8178.48,81.78
580,매도 청산,2023-08-10 20:20,반대신호정리,1921.895,80.8,155153.372,-135.74,-0.09,166.85,0.11,-204.83,-0.13,8042.74,80.43
580,매도 진입,2023-08-10 16:00,S2,1920.215,80.8,155153.372,-135.74,-0.09,166.85,0.11,-204.83,-0.13,8042.74,80.43
581,매수 청산,2023-08-10 21:30,XL1,1924.875,57.17,109863.3031,181.8,0.17,181.8,0.17,-29.73,-0.03,8224.54,82.25
581,매수 진입,2023-08-10 20:40,L1,1921.695,57.17,109863.3031,181.8,0.17,181.8,0.17,-29.73,-0.03,8224.54,82.25
582,매수 청산,2023-08-11 01:00,XL1,1920.45,57.17,109792.1265,0,0.00,280.42,0.26,-429.63,-0.39,8224.54,82.25
582,매수 진입,2023-08-10 22:30,L1,1920.45,57.17,109792.1265,0,0.00,280.42,0.26,-429.63,-0.39,8224.54,82.25
583,매수 청산,2023-08-11 01:00,XL2,1920.45,69.88,133978.8276,222.22,0.17,222.22,0.17,-302.93,-0.23,8446.76,84.47
583,매수 진입,2023-08-10 23:10,L2,1917.27,69.88,133978.8276,222.22,0.17,222.22,0.17,-302.93,-0.23,8446.76,84.47
584,매수 청산,2023-08-11 01:00,XL3,1920.45,89.84,171961.8456,571.38,0.33,571.38,0.33,-103.77,-0.06,9018.14,90.18
584,매수 진입,2023-08-10 23:50,L3,1914.09,89.84,171961.8456,571.38,0.33,571.38,0.33,-103.77,-0.06,9018.14,90.18
585,매수 청산,2023-08-11 18:00,XL1,1919.475,128.49,246451.5294,181.81,0.07,181.81,0.07,-32.76,-0.01,9199.95,92.00
585,매수 진입,2023-08-11 17:40,L1,1918.06,128.49,246451.5294,181.81,0.07,181.81,0.07,-32.76,-0.01,9199.95,92.00
586,매수 청산,2023-08-11 20:40,XL1,1918.925,128.49,246380.8599,181.81,0.07,181.81,0.07,-41.76,-0.02,9381.77,93.82
586,매수 진입,2023-08-11 18:30,L1,1917.51,128.49,246380.8599,181.81,0.07,181.81,0.07,-41.76,-0.02,9381.77,93.82
587,매도 청산,2023-08-14 11:00,XS1,1911.54,205.44,392706.7776,0,0.00,286.59,0.07,-312.27,-0.08,9381.77,93.82
587,매도 진입,2023-08-14 10:10,S1,1911.54,205.44,392706.7776,0,0.00,286.59,0.07,-312.27,-0.08,9381.77,93.82
588,매도 청산,2023-08-14 11:00,XS2,1911.54,251.09,480190.7932,222.21,0.05,222.21,0.05,-159.44,-0.03,9603.98,96.04
588,매도 진입,2023-08-14 10:40,S2,1912.425,251.09,480190.7932,222.21,0.05,222.21,0.05,-159.44,-0.03,9603.98,96.04
589,매도 청산,2023-08-15 00:00,XS1,1908.54,82.27,157070.2954,54.71,0.03,123.41,0.08,-200.33,-0.13,9658.69,96.59
589,매도 진입,2023-08-14 23:20,S1,1909.205,82.27,157070.2954,54.71,0.03,123.41,0.08,-200.33,-0.13,9658.69,96.59
590,매도 청산,2023-08-15 00:00,XS2,1908.54,100.55,192192.7783,289.08,0.15,331.82,0.17,-22.62,-0.01,9947.77,99.48
590,매도 진입,2023-08-14 23:40,S2,1911.415,100.55,192192.7783,289.08,0.15,331.82,0.17,-22.62,-0.01,9947.77,99.48
591,매도 청산,2023-08-15 03:00,XS1,1910.12,82.27,157145.5724,0,0.00,27.15,0.02,-257.92,-0.16,9947.77,99.48
591,매도 진입,2023-08-15 00:30,S1,1910.12,82.27,157145.5724,0,0.00,27.15,0.02,-257.92,-0.16,9947.77,99.48
592,매도 청산,2023-08-15 03:00,XS2,1910.12,100.55,192284.7815,222.22,0.12,222.22,0.12,-93.01,-0.05,10169.99,101.70
592,매도 진입,2023-08-15 01:00,S2,1912.33,100.55,192284.7815,222.22,0.12,222.22,0.12,-93.01,-0.05,10169.99,101.70
593,매도 청산,2023-08-15 21:20,XS1,1901.185,82.27,156955.9401,545.45,0.35,545.45,0.35,-41.55,-0.03,10715.44,107.15
593,매도 진입,2023-08-15 05:30,S1,1907.815,82.27,156955.9401,545.45,0.35,545.45,0.35,-41.55,-0.03,10715.44,107.15
594,매도 청산,2023-08-16 16:30,반대신호정리,1903.545,42.53,80962.6598,4.89,0.01,140.99,0.17,-124.83,-0.15,10720.33,107.20
594,매도 진입,2023-08-16 04:40,S1,1903.66,42.53,80962.6598,4.89,0.01,140.99,0.17,-124.83,-0.15,10720.33,107.20
595,매수 청산,2023-08-16 19:10,XL1,1906.615,205.44,391513.1712,181.81,0.05,181.81,0.05,-3.08,0.00,10902.14,109.02
595,매수 진입,2023-08-16 18:50,L1,1905.73,205.44,391513.1712,181.81,0.05,181.81,0.05,-3.08,0.00,10902.14,109.02
596,매수 청산,2023-08-16 21:50,XL1,1900.797,205.44,391499.8176,-1000.08,-0.26,18.49,0.00,-1000.08,-0.26,9902.06,99.02
596,매수 진입,2023-08-16 20:20,L1,1905.665,205.44,391499.8176,-1000.08,-0.26,18.49,0.00,-1000.08,-0.26,9902.06,99.02
597,매수 청산,2023-08-16 21:50,XL2,1900.797,251.09,478271.2102,-1000.09,-0.21,0,0.00,-1000.09,-0.21,8901.97,89.02
597,매수 진입,2023-08-16 20:40,L2,1904.78,251.09,478271.2102,-1000.09,-0.21,0,0.00,-1000.09,-0.21,8901.97,89.02
598,매수 청산,2023-08-16 21:50,XL3,1900.797,322.84,614653.4618,-1000.16,-0.16,111.38,0.02,-1000.16,-0.16,7901.81,79.02
598,매수 진입,2023-08-16 20:40,L3,1903.895,322.84,614653.4618,-1000.16,-0.16,111.38,0.02,-1000.16,-0.16,7901.81,79.02
599,매수 청산,2023-08-16 21:50,XL4,1900.797,451.97,860103.4297,-1000.21,-0.12,555.92,0.06,-1000.21,-0.12,6901.6,69.02
599,매수 진입,2023-08-16 21:00,L4,1903.01,451.97,860103.4297,-1000.21,-0.12,555.92,0.06,-1000.21,-0.12,6901.6,69.02
600,매수 청산,2023-08-16 21:50,XL5,1900.797,753.29,1432851.741,-1000.37,-0.07,1593.21,0.11,-1000.37,-0.07,5901.23,59.01
600,매수 진입,2023-08-16 21:20,L5,1902.125,753.29,1432851.741,-1000.37,-0.07,1593.21,0.11,-1000.37,-0.07,5901.23,59.01
601,매수 청산,2023-08-16 21:50,XL6,1900.797,2259.88,4296574.251,-1001.13,-0.02,6779.64,0.16,-1001.13,-0.02,4900.1,49.00
601,매수 진입,2023-08-16 21:20,L6,1901.24,2259.88,4296574.251,-1001.13,-0.02,6779.64,0.16,-1001.13,-0.02,4900.1,49.00
602,매도 청산,2023-08-17 21:40,반대신호정리,1900.075,53.24,100817.926,-342.07,-0.34,215.09,0.21,-475.97,-0.47,4558.04,45.58
602,매도 진입,2023-08-17 05:30,S1,1893.65,53.24,100817.926,-342.07,-0.34,215.09,0.21,-475.97,-0.47,4558.04,45.58
603,매도 청산,2023-08-17 21:40,반대신호정리,1900.075,65.07,123442.0195,-195.86,-0.16,218.64,0.18,-359.51,-0.29,4362.18,43.62
603,매도 진입,2023-08-17 15:50,S2,1897.065,65.07,123442.0195,-195.86,-0.16,218.64,0.18,-359.51,-0.29,4362.18,43.62
604,매수 청산,2023-08-18 04:10,반대신호정리,1888.525,44.83,85022.11235,-359.54,-0.42,77.78,0.09,-513.75,-0.60,4002.64,40.03
604,매수 진입,2023-08-17 22:50,L1,1896.545,44.83,85022.11235,-359.54,-0.42,77.78,0.09,-513.75,-0.60,4002.64,40.03
605,매수 청산,2023-08-18 04:10,반대신호정리,1888.525,54.8,103708.452,-217.28,-0.21,0,0.00,-405.79,-0.39,3785.36,37.85
605,매수 진입,2023-08-18 00:40,L2,1892.49,54.8,103708.452,-217.28,-0.21,0,0.00,-405.79,-0.39,3785.36,37.85
606,매도 청산,2023-08-18 17:40,반대신호정리,1891.94,44.83,84693.7326,-121.94,-0.14,36.31,0.04,-269.43,-0.32,3663.42,36.63
606,매도 진입,2023-08-18 04:50,S1,1889.22,44.83,84693.7326,-121.94,-0.14,36.31,0.04,-269.43,-0.32,3663.42,36.63
607,매도 청산,2023-08-18 17:40,반대신호정리,1891.94,54.8,103751.47,73.16,0.07,111.79,0.11,-107.13,-0.10,3736.58,37.37
607,매도 진입,2023-08-18 09:40,S2,1893.275,54.8,103751.47,73.16,0.07,111.79,0.11,-107.13,-0.10,3736.58,37.37
608,매도 청산,2023-08-21 14:20,XS1,1892.81,121.61,229471.3814,-713.24,-0.31,4.86,0.00,-880.46,-0.38,3023.34,30.23
608,매도 진입,2023-08-21 11:20,S1,1886.945,121.61,229471.3814,-713.24,-0.31,4.86,0.00,-880.46,-0.38,3023.34,30.23
609,매도 청산,2023-08-21 14:20,XS2,1892.81,148.64,280697.7216,-649.56,-0.23,0,0.00,-853.94,-0.30,2373.78,23.74
609,매도 진입,2023-08-21 11:20,S2,1888.44,148.64,280697.7216,-649.56,-0.23,0,0.00,-853.94,-0.30,2373.78,23.74
610,매도 청산,2023-08-21 14:20,XS2,1892.81,148.64,280831.4976,-515.78,-0.18,133.03,0.05,-720.16,-0.26,1858,18.58
610,매도 진입,2023-08-21 11:20,S2,1889.34,148.64,280831.4976,-515.78,-0.18,133.03,0.05,-720.16,-0.26,1858,18.58
611,매도 청산,2023-08-21 14:20,XS2,1892.81,148.64,280902.9934,-444.28,-0.16,34.34,0.01,-648.66,-0.23,1413.71,14.14
611,매도 진입,2023-08-21 11:30,S2,1889.821,148.64,280902.9934,-444.28,-0.16,34.34,0.01,-648.66,-0.23,1413.71,14.14
612,매도 청산,2023-08-21 14:20,XS3,1892.81,191.11,361449.4008,-285.52,-0.08,121.55,0.03,-548.29,-0.15,1128.2,11.28
612,매도 진입,2023-08-21 11:50,S3,1891.316,191.11,361449.4008,-285.52,-0.08,121.55,0.03,-548.29,-0.15,1128.2,11.28
613,매도 청산,2023-08-21 14:20,XS4,1892.81,267.55,506421.5831,0.27,0.00,570.15,0.11,-367.61,-0.07,1128.46,11.28
613,매도 진입,2023-08-21 11:50,S4,1892.811,267.55,506421.5831,0.27,0.00,570.15,0.11,-367.61,-0.07,1128.46,11.28
614,매수 청산,2023-08-22 01:40,XL1,1891.97,43.65,82584.4905,0,0.00,24.66,0.03,-290.71,-0.35,1128.46,11.28
614,매수 진입,2023-08-21 22:40,L1,1891.97,43.65,82584.4905,0,0.00,24.66,0.03,-290.71,-0.35,1128.46,11.28
615,매수 청산,2023-08-22 01:40,XL2,1891.97,53.35,100714.3967,222.2,0.22,222.2,0.22,-133.11,-0.13,1350.67,13.51
615,매수 진입,2023-08-21 23:10,L2,1887.805,53.35,100714.3967,222.2,0.22,222.2,0.22,-133.11,-0.13,1350.67,13.51
616,매수 청산,2023-08-22 23:10,XL1,1894.775,43.65,82706.92875,0,0.00,426.68,0.52,-243.57,-0.29,1350.67,13.51
616,매수 진입,2023-08-22 03:40,L1,1894.775,43.65,82706.92875,0,0.00,426.68,0.52,-243.57,-0.29,1350.67,13.51
617,매수 청산,2023-08-22 23:10,XL2,1894.775,53.35,100864.0435,222.2,0.22,222.2,0.22,-75.49,-0.07,1572.87,15.73
617,매수 진입,2023-08-22 22:50,L2,1890.61,53.35,100864.0435,222.2,0.22,222.2,0.22,-75.49,-0.07,1572.87,15.73
618,매수 청산,2023-08-23 08:30,반대신호정리,1898.18,93.72,177789.6516,107.78,0.06,117.15,0.07,-56.7,-0.03,1680.65,16.81
618,매수 진입,2023-08-23 03:20,L1,1897.03,93.72,177789.6516,107.78,0.06,117.15,0.07,-56.7,-0.03,1680.65,16.81
619,매수 청산,2023-08-24 23:10,XL1,1918.55,66.84,128235.882,0,0.00,297.44,0.23,-448.16,-0.35,1680.65,16.81
619,매수 진입,2023-08-24 10:10,L1,1918.55,66.84,128235.882,0,0.00,297.44,0.23,-448.16,-0.35,1680.65,16.81
620,매수 청산,2023-08-24 23:10,XL2,1918.55,81.69,156504.1527,222.2,0.14,222.2,0.14,-325.53,-0.21,1902.84,19.03
620,매수 진입,2023-08-24 21:00,L2,1915.83,81.69,156504.1527,222.2,0.14,222.2,0.14,-325.53,-0.21,1902.84,19.03
621,매도 청산,2023-08-25 15:10,XS1,1913.75,300.52,575219.3216,99.17,0.02,291.5,0.05,-207.36,-0.04,2002.02,20.02
621,매도 진입,2023-08-25 13:20,S1,1914.08,300.52,575219.3216,99.17,0.02,291.5,0.05,-207.36,-0.04,2002.02,20.02
622,매도 청산,2023-08-25 15:10,XS2,1913.75,367.3,703263.8005,343.43,0.05,435.25,0.06,-31.22,0.00,2345.44,23.45
622,매도 진입,2023-08-25 14:50,S2,1914.685,367.3,703263.8005,343.43,0.05,435.25,0.06,-31.22,0.00,2345.44,23.45
623,매도 청산,2023-08-28 13:30,반대신호정리,1915.32,79.22,151307.4273,-424.22,-0.28,183.39,0.12,-600.09,-0.40,1921.22,19.21
623,매도 진입,2023-08-26 00:40,S1,1909.965,79.22,151307.4273,-424.22,-0.28,183.39,0.12,-600.09,-0.40,1921.22,19.21
624,매도 청산,2023-08-28 13:30,반대신호정리,1915.32,96.82,185145.0132,-296.27,-0.16,171.86,0.09,-511.21,-0.28,1624.95,16.25
624,매도 진입,2023-08-26 02:20,S2,1912.26,96.82,185145.0132,-296.27,-0.16,171.86,0.09,-511.21,-0.28,1624.95,16.25
625,매도 청산,2023-08-28 13:30,반대신호정리,1915.32,124.49,238342.9519,-95.23,-0.04,296.29,0.12,-371.6,-0.16,1529.71,15.30
625,매도 진입,2023-08-26 03:30,S3,1914.555,124.49,238342.9519,-95.23,-0.04,296.29,0.12,-371.6,-0.16,1529.71,15.30
626,매수 청산,2023-08-29 02:50,XL1,1920.725,55.09,105812.7403,0,0.00,0,0.00,-208.24,-0.20,1529.71,15.30
626,매수 진입,2023-08-29 02:00,L1,1920.725,55.09,105812.7403,0,0.00,0,0.00,-208.24,-0.20,1529.71,15.30
627,매수 청산,2023-08-29 02:50,XL2,1920.725,67.34,129119.3995,222.22,0.17,222.22,0.17,-32.32,-0.03,1751.94,17.52
627,매수 진입,2023-08-29 02:10,L2,1917.425,67.34,129119.3995,222.22,0.17,222.22,0.17,-32.32,-0.03,1751.94,17.52
628,매수 청산,2023-08-29 13:20,XL1,1924.924,310.8,598366.146,-99.77,-0.02,65.27,0.01,-390.05,-0.07,1652.17,16.52
628,매수 진입,2023-08-29 13:10,L1,1925.245,310.8,598366.146,-99.77,-0.02,65.27,0.01,-390.05,-0.07,1652.17,16.52
629,매수 청산,2023-08-29 13:20,XL2,1924.924,379.86,731101.3476,100.28,0.01,100.28,0.01,-254.51,-0.03,1752.45,17.52
629,매수 진입,2023-08-29 13:10,L2,1924.66,379.86,731101.3476,100.28,0.01,100.28,0.01,-254.51,-0.03,1752.45,17.52
630,매수 청산,2023-08-29 13:20,XL2,1924.924,379.86,730979.0327,222.6,0.03,222.6,0.03,-132.19,-0.02,1975.05,19.75
630,매수 진입,2023-08-29 13:20,L2,1924.338,379.86,730979.0327,222.6,0.03,222.6,0.03,-132.19,-0.02,1975.05,19.75
631,매수 청산,2023-08-30 21:10,XL1,1940.96,80.62,155934.8009,545.39,0.35,545.39,0.35,-5.24,0.00,2520.44,25.20
631,매수 진입,2023-08-30 01:20,L1,1934.195,80.62,155934.8009,545.39,0.35,545.39,0.35,-5.24,0.00,2520.44,25.20
632,매수 청산,2023-08-31 18:50,반대신호정리,1944.71,73.46,142816.1571,42.24,0.03,269.6,0.19,-145.45,-0.10,2562.68,25.63
632,매수 진입,2023-08-31 01:10,L1,1944.135,73.46,142816.1571,42.24,0.03,269.6,0.19,-145.45,-0.10,2562.68,25.63
633,매수 청산,2023-09-01 20:30,XL1,1945.465,172.33,335080.1753,181.81,0.05,181.81,0.05,-150.79,-0.05,2744.49,27.44
633,매수 진입,2023-09-01 19:10,L1,1944.41,172.33,335080.1753,181.81,0.05,181.81,0.05,-150.79,-0.05,2744.49,27.44
634,매수 청산,2023-09-02 01:20,XL1,1939.884,38.8,75549.226,-281.73,-0.37,0,0.00,-491.79,-0.65,2462.77,24.63
634,매수 진입,2023-09-01 22:40,L1,1947.145,38.8,75549.226,-281.73,-0.37,0,0.00,-491.79,-0.65,2462.77,24.63
635,매수 청산,2023-09-02 01:20,XL2,1939.884,47.43,92130.8778,-122.18,-0.13,93.67,0.10,-378.97,-0.41,2340.59,23.41
635,매수 진입,2023-09-01 22:40,L2,1942.46,47.43,92130.8778,-122.18,-0.13,93.67,0.10,-378.97,-0.41,2340.59,23.41
636,매수 청산,2023-09-02 01:20,XL2,1939.884,47.43,92008.65069,0.05,0.00,132.19,0.14,-256.74,-0.28,2340.63,23.41
636,매수 진입,2023-09-01 23:00,L2,1939.883,47.43,92008.65069,0.05,0.00,132.19,0.14,-256.74,-0.28,2340.63,23.41
637,매수 청산,2023-09-02 01:20,XL3,1939.884,60.98,118008.374,285.75,0.24,327.89,0.28,-44.39,-0.04,2626.39,26.26
637,매수 진입,2023-09-01 23:30,L3,1935.198,60.98,118008.374,285.75,0.24,327.89,0.28,-44.39,-0.04,2626.39,26.26
638,매도 청산,2023-09-05 10:50,XS1,1935.625,184.58,357823.0964,545.43,0.15,545.43,0.15,-65.53,-0.02,3171.82,31.72
638,매도 진입,2023-09-05 02:30,S1,1938.58,184.58,357823.0964,545.43,0.15,545.43,0.15,-65.53,-0.02,3171.82,31.72
639,매도 청산,2023-09-05 16:10,XS1,1937.323,336.7,652132.3445,-164.31,-0.03,3.37,0.00,-491.58,-0.08,3007.51,30.08
639,매도 진입,2023-09-05 16:00,S1,1936.835,336.7,652132.3445,-164.31,-0.03,3.37,0.00,-491.58,-0.08,3007.51,30.08
640,매도 청산,2023-09-05 16:10,XS2,1937.323,411.52,797268.56,21.4,0.00,203.7,0.03,-378.6,-0.05,3028.91,30.29
640,매도 진입,2023-09-05 16:00,S2,1937.375,411.52,797268.56,21.4,0.00,203.7,0.03,-378.6,-0.05,3028.91,30.29
641,매도 청산,2023-09-05 16:10,XS2,1937.323,411.52,797390.7814,143.62,0.02,143.62,0.02,-256.38,-0.03,3172.53,31.73
641,매도 진입,2023-09-05 16:00,S2,1937.672,411.52,797390.7814,143.62,0.02,143.62,0.02,-256.38,-0.03,3172.53,31.73
642,매도 청산,2023-09-05 16:10,XS2,1937.323,411.52,797469.7933,222.63,0.03,222.63,0.03,-177.37,-0.02,3395.16,33.95
642,매도 진입,2023-09-05 16:10,S2,1937.864,411.52,797469.7933,222.63,0.03,222.63,0.03,-177.37,-0.02,3395.16,33.95
643,매도 청산,2023-09-06 16:20,XS1,1924.72,204.29,393201.0488,0,0.00,0,0.00,-776.3,-0.20,3395.16,33.95
643,매도 진입,2023-09-06 11:10,S1,1924.72,204.29,393201.0488,0,0.00,0,0.00,-776.3,-0.20,3395.16,33.95
644,매도 청산,2023-09-06 16:20,XS2,1924.72,249.68,480786.3048,222.22,0.05,222.22,0.05,-726.57,-0.15,3617.38,36.17
644,매도 진입,2023-09-06 11:20,S2,1925.61,249.68,480786.3048,222.22,0.05,222.22,0.05,-726.57,-0.15,3617.38,36.17
645,매도 청산,2023-09-06 16:20,XS3,1924.72,321.02,618445.03,571.42,0.09,571.42,0.09,-648.46,-0.10,4188.79,41.89
645,매도 진입,2023-09-06 11:50,S3,1926.5,321.02,618445.03,571.42,0.09,571.42,0.09,-648.46,-0.10,4188.79,41.89
646,매도 청산,2023-09-06 16:20,XS4,1924.72,449.43,866226.8877,1199.98,0.14,1199.98,0.14,-507.86,-0.06,5388.77,53.89
646,매도 진입,2023-09-06 13:50,S4,1927.39,449.43,866226.8877,1199.98,0.14,1199.98,0.14,-507.86,-0.06,5388.77,53.89
647,매도 청산,2023-09-06 16:20,XS5,1924.72,749.06,1444397.417,2666.65,0.18,2666.65,0.18,-179.77,-0.01,8055.42,80.55
647,매도 진입,2023-09-06 14:30,S5,1928.28,749.06,1444397.417,2666.65,0.18,2666.65,0.18,-179.77,-0.01,8055.42,80.55
648,매수 청산,2023-09-07 23:40,XL1,1920.445,64.7,124252.7915,0,0.00,130.05,0.10,-205.42,-0.17,8055.42,80.55
648,매수 진입,2023-09-07 22:40,L1,1920.445,64.7,124252.7915,0,0.00,130.05,0.10,-205.42,-0.17,8055.42,80.55
649,매수 청산,2023-09-07 23:40,XL2,1920.445,79.08,151646.5758,222.21,0.15,222.21,0.15,-28.86,-0.02,8277.64,82.78
649,매수 진입,2023-09-07 23:20,L2,1917.635,79.08,151646.5758,222.21,0.15,222.21,0.15,-28.86,-0.02,8277.64,82.78
650,매수 청산,2023-09-08 14:10,XL1,1925.215,661.15,1272525.322,330.58,0.03,330.58,0.03,-251.24,-0.02,8608.21,86.08
650,매수 진입,2023-09-08 13:40,L1,1924.715,661.15,1272525.322,330.58,0.03,330.58,0.03,-251.24,-0.02,8608.21,86.08
651,매수 청산,2023-09-08 14:10,XL2,1925.215,808.08,1555101.475,626.26,0.04,626.26,0.04,-84.85,-0.01,9234.48,92.34
651,매수 진입,2023-09-08 13:50,L2,1924.44,808.08,1555101.475,626.26,0.04,626.26,0.04,-84.85,-0.01,9234.48,92.34
652,매수 청산,2023-09-08 17:50,XL1,1924.775,212.65,409303.4038,0,0.00,127.59,0.03,-281.76,-0.07,9234.48,92.34
652,매수 진입,2023-09-08 16:30,L1,1924.775,212.65,409303.4038,0,0.00,127.59,0.03,-281.76,-0.07,9234.48,92.34
653,매수 청산,2023-09-08 17:50,XL2,1924.775,259.9,500026.808,222.21,0.04,222.21,0.04,-122.15,-0.02,9456.69,94.57
653,매수 진입,2023-09-08 17:10,L2,1923.92,259.9,500026.808,222.21,0.04,222.21,0.04,-122.15,-0.02,9456.69,94.57
654,매수 청산,2023-09-08 21:00,XL1,1923.8,212.65,409096.07,0,0.00,42.53,0.01,-237.1,-0.06,9456.69,94.57
654,매수 진입,2023-09-08 19:40,L1,1923.8,212.65,409096.07,0,0.00,42.53,0.01,-237.1,-0.06,9456.69,94.57
655,매수 청산,2023-09-08 21:00,XL2,1923.8,259.9,499773.4055,222.21,0.04,222.21,0.04,-67.57,-0.01,9678.9,96.79
655,매수 진입,2023-09-08 20:40,L2,1922.945,259.9,499773.4055,222.21,0.04,222.21,0.04,-67.57,-0.01,9678.9,96.79
656,매도 청산,2023-09-11 22:50,반대신호정리,1925.015,54.6,104797.329,-308.49,-0.29,149.33,0.14,-623.26,-0.59,9370.41,93.70
656,매도 진입,2023-09-09 05:40,S1,1919.365,54.6,104797.329,-308.49,-0.29,149.33,0.14,-623.26,-0.59,9370.41,93.70
657,매도 청산,2023-09-11 22:50,반대신호정리,1925.015,66.73,128301.4374,-154.81,-0.12,59.72,0.05,-539.51,-0.42,9215.6,92.16
657,매도 진입,2023-09-11 10:40,S2,1922.695,66.73,128301.4374,-154.81,-0.12,59.72,0.05,-539.51,-0.42,9215.6,92.16
658,매수 청산,2023-09-12 04:30,반대신호정리,1922.385,67.96,130708.8272,-63.54,-0.05,126.41,0.10,-128.1,-0.10,9152.06,91.52
658,매수 진입,2023-09-11 23:40,L1,1923.32,67.96,130708.8272,-63.54,-0.05,126.41,0.10,-128.1,-0.10,9152.06,91.52
659,매도 청산,2023-09-12 10:30,XS1,1921.64,213.9,411038.796,0,0.00,101.6,0.02,-408.55,-0.10,9152.06,91.52
659,매도 진입,2023-09-12 09:30,S1,1921.64,213.9,411038.796,0,0.00,101.6,0.02,-408.55,-0.10,9152.06,91.52
660,매도 청산,2023-09-12 10:30,XS2,1921.64,261.43,502596.5607,222.22,0.04,328.09,0.07,-277.12,-0.06,9374.27,93.74
660,매도 진입,2023-09-12 10:10,S2,1922.49,261.43,502596.5607,222.22,0.04,328.09,0.07,-277.12,-0.06,9374.27,93.74
661,매도 청산,2023-09-12 10:30,XS3,1921.64,336.13,646492.2742,571.42,0.09,707.55,0.11,-70.59,-0.01,9945.69,99.46
661,매도 진입,2023-09-12 10:10,S3,1923.34,336.13,646492.2742,571.42,0.09,707.55,0.11,-70.59,-0.01,9945.69,99.46
662,매도 청산,2023-09-12 17:40,XS1,1920.832,295.63,567643.5975,-211.97,-0.04,101.99,0.02,-379.88,-0.07,9733.73,97.34
662,매도 진입,2023-09-12 17:20,S1,1920.115,295.63,567643.5975,-211.97,-0.04,101.99,0.02,-379.88,-0.07,9733.73,97.34
663,매도 청산,2023-09-12 17:40,XS2,1920.832,361.33,694017.3709,-36.86,-0.01,16.26,0.00,-242.09,-0.03,9696.87,96.97
663,매도 진입,2023-09-12 17:20,S2,1920.73,361.33,694017.3709,-36.86,-0.01,16.26,0.00,-242.09,-0.03,9696.87,96.97
664,매도 청산,2023-09-12 17:40,XS2,1920.832,361.33,694139.8618,85.64,0.01,111.65,0.02,-119.6,-0.02,9782.51,97.83
664,매도 진입,2023-09-12 17:20,S2,1921.069,361.33,694139.8618,85.64,0.01,111.65,0.02,-119.6,-0.02,9782.51,97.83
665,매도 청산,2023-09-12 17:40,XS2,1920.832,361.33,694218.6317,164.41,0.02,190.42,0.03,-40.83,-0.01,9946.91,99.47
665,매도 진입,2023-09-12 17:20,S2,1921.287,361.33,694218.6317,164.41,0.02,190.42,0.03,-40.83,-0.01,9946.91,99.47
666,매도 청산,2023-09-13 15:00,XS1,1910.25,466.2,890803.305,244.76,0.03,671.33,0.08,-244.75,-0.03,10191.67,101.92
666,매도 진입,2023-09-13 14:40,S1,1910.775,466.2,890803.305,244.76,0.03,671.33,0.08,-244.75,-0.03,10191.67,101.92
667,매도 청산,2023-09-13 15:00,XS2,1910.25,569.8,1088981.817,521.37,0.05,1042.73,0.10,-76.92,-0.01,10713.04,107.13
667,매도 진입,2023-09-13 14:40,S2,1911.165,569.8,1088981.817,521.37,0.05,1042.73,0.10,-76.92,-0.01,10713.04,107.13
668,매도 청산,2023-09-14 20:40,XS1,1907.36,110.52,210801.4272,0,0.00,234.3,0.11,-198.94,-0.09,10713.04,107.13
668,매도 진입,2023-09-14 16:00,S1,1907.36,110.52,210801.4272,0,0.00,234.3,0.11,-198.94,-0.09,10713.04,107.13
669,매도 청산,2023-09-14 20:40,XS2,1907.36,135.08,257868.3954,222.21,0.09,222.21,0.09,-20.94,-0.01,10935.24,109.35
669,매도 진입,2023-09-14 19:50,S2,1909.005,135.08,257868.3954,222.21,0.09,222.21,0.09,-20.94,-0.01,10935.24,109.35
670,매수 청산,2023-09-15 15:10,XL1,1917.785,234.6,449366.916,545.45,0.12,545.45,0.12,-109.09,-0.02,11480.69,114.81
670,매수 진입,2023-09-15 13:20,L1,1915.46,234.6,449366.916,545.45,0.12,545.45,0.12,-109.09,-0.02,11480.69,114.81
671,매수 청산,2023-09-18 11:40,XL1,1928.33,150.26,289205.422,545.44,0.19,545.44,0.19,-102.18,-0.04,12026.13,120.26
671,매수 진입,2023-09-18 10:40,L1,1924.7,150.26,289205.422,545.44,0.19,545.44,0.19,-102.18,-0.04,12026.13,120.26
672,매도 청산,2023-09-21 03:10,반대신호정리,1940.905,61.52,118902.4724,-502,-0.42,292.22,0.25,-905.57,-0.76,11524.13,115.24
672,매도 진입,2023-09-20 02:30,S1,1932.745,61.52,118902.4724,-502,-0.42,292.22,0.25,-905.57,-0.76,11524.13,115.24
673,매수 청산,2023-09-21 04:50,XL2,1934.1,54.27,105145.4115,-181.8,-0.17,27.41,0.03,-181.8,-0.17,11342.32,113.42
673,매수 진입,2023-09-21 04:40,L1,1937.45,54.27,105145.4115,-181.8,-0.17,27.41,0.03,-181.8,-0.17,11342.32,113.42
674,매수 청산,2023-09-21 04:50,XL2,1934.1,12.06,23325.246,0,0.00,0,0.00,0,0.00,11342.32,113.42
674,매수 진입,2023-09-21 04:50,L2,1934.1,12.06,23325.246,0,0.00,0,0.00,0,0.00,11342.32,113.42
675,매수 청산,2023-09-21 12:10,반대신호정리,1927.53,54.27,104963.607,-356.55,-0.34,14.11,0.01,-534.29,-0.51,10985.77,109.86
675,매수 진입,2023-09-21 04:50,L2,1934.1,54.27,104963.607,-356.55,-0.34,14.11,0.01,-534.29,-0.51,10985.77,109.86
676,매수 청산,2023-09-21 12:10,반대신호정리,1927.53,85.28,164654.36,-274.6,-0.17,156.49,0.10,-553.89,-0.34,10711.17,107.11
676,매수 진입,2023-09-21 05:10,L3,1930.75,85.28,164654.36,-274.6,-0.17,156.49,0.10,-553.89,-0.34,10711.17,107.11
677,매도 청산,2023-09-21 20:20,XS1,1920.79,61.84,119327.0824,545.43,0.46,545.43,0.46,-59.68,-0.05,11256.6,112.57
677,매도 진입,2023-09-21 15:20,S1,1929.61,61.84,119327.0824,545.43,0.46,545.43,0.46,-59.68,-0.05,11256.6,112.57
678,매도 청산,2023-09-21 23:20,XS2,1920.79,99.35,190719.7112,-110.78,-0.06,71.04,0.04,-265.26,-0.14,11145.82,111.46
678,매도 진입,2023-09-21 23:10,S1,1919.675,99.35,190719.7112,-110.78,-0.06,71.04,0.04,-265.26,-0.14,11145.82,111.46
679,매도 청산,2023-09-21 23:20,XS2,1920.79,22.08,42426.8304,15.79,0.04,15.79,0.04,-18.55,-0.04,11161.61,111.62
679,매도 진입,2023-09-21 23:10,S2,1921.505,22.08,42426.8304,15.79,0.04,15.79,0.04,-18.55,-0.04,11161.61,111.62
680,매도 청산,2023-09-21 23:40,XS1,1920.681,99.35,190901.5218,81.86,0.04,81.86,0.04,-234.47,-0.12,11243.47,112.43
680,매도 진입,2023-09-21 23:10,S2,1921.505,99.35,190901.5218,81.86,0.04,81.86,0.04,-234.47,-0.12,11243.47,112.43
681,매도 청산,2023-09-21 23:40,XS2,1920.681,121.43,233450.6322,222.34,0.10,222.34,0.10,-164.29,-0.07,11465.81,114.66
681,매도 진입,2023-09-21 23:30,S2,1922.512,121.43,233450.6322,222.34,0.10,222.34,0.10,-164.29,-0.07,11465.81,114.66
682,매수 청산,2023-09-22 12:40,XL1,1924.005,427.8,823089.339,0,0.00,278.07,0.03,-592.5,-0.07,11465.81,114.66
682,매수 진입,2023-09-22 12:00,L1,1924.005,427.8,823089.339,0,0.00,278.07,0.03,-592.5,-0.07,11465.81,114.66
683,매수 청산,2023-09-22 12:40,XL2,1924.005,522.87,1005782.275,222.22,0.02,222.22,0.02,-501.96,-0.05,11688.03,116.88
683,매수 진입,2023-09-22 12:10,L2,1923.58,522.87,1005782.275,222.22,0.02,222.22,0.02,-501.96,-0.05,11688.03,116.88
684,매수 청산,2023-09-22 12:40,XL3,1924.005,672.26,1292860.18,571.42,0.04,571.42,0.04,-359.66,-0.03,12259.45,122.59
684,매수 진입,2023-09-22 12:20,L3,1923.155,672.26,1292860.18,571.42,0.04,571.42,0.04,-359.66,-0.03,12259.45,122.59
685,매수 청산,2023-09-22 12:40,XL4,1924.005,941.17,1809615.794,1199.99,0.07,1199.99,0.07,-103.53,-0.01,13459.44,134.59
685,매수 진입,2023-09-22 12:20,L4,1922.73,941.17,1809615.794,1199.99,0.07,1199.99,0.07,-103.53,-0.01,13459.44,134.59
686,매수 청산,2023-09-22 15:00,XL1,1925.265,427.8,823082.922,545.45,0.07,545.45,0.07,-100.53,-0.01,14004.89,140.05
686,매수 진입,2023-09-22 14:30,L1,1923.99,427.8,823082.922,545.45,0.07,545.45,0.07,-100.53,-0.01,14004.89,140.05
687,매수 청산,2023-09-22 22:00,XL1,1926.89,124.96,240602.3576,181.82,0.08,181.82,0.08,-156.2,-0.06,14186.71,141.87
687,매수 진입,2023-09-22 19:00,L1,1925.435,124.96,240602.3576,181.82,0.08,181.82,0.08,-156.2,-0.06,14186.71,141.87
688,매도 청산,2023-09-25 16:20,XS1,1924.91,118.83,228737.0553,0,0.00,470.57,0.21,-277.47,-0.12,14186.71,141.87
688,매도 진입,2023-09-25 09:50,S1,1924.91,118.83,228737.0553,0,0.00,470.57,0.21,-277.47,-0.12,14186.71,141.87
689,매도 청산,2023-09-25 16:20,XS2,1924.91,145.24,279796.1456,222.22,0.08,222.22,0.08,-116.92,-0.04,14408.92,144.09
689,매도 진입,2023-09-25 16:00,S2,1926.44,145.24,279796.1456,222.22,0.08,222.22,0.08,-116.92,-0.04,14408.92,144.09
690,매도 청산,2023-09-26 15:40,XS1,1911.315,99.9,191485.8225,545.45,0.28,545.45,0.28,-91.41,-0.05,14954.38,149.54
690,매도 진입,2023-09-26 02:00,S1,1916.775,99.9,191485.8225,545.45,0.28,545.45,0.28,-91.41,-0.05,14954.38,149.54
691,매도 청산,2023-09-26 19:10,XS1,1911.625,87.2,166875.512,181.81,0.11,181.81,0.11,-175.71,-0.11,15136.19,151.36
691,매도 진입,2023-09-26 17:00,S1,1913.71,87.2,166875.512,181.81,0.11,181.81,0.11,-175.71,-0.11,15136.19,151.36
692,매도 청산,2023-09-26 23:10,XS2,1909.075,98.28,187442.073,-181.82,-0.10,69.29,0.04,-181.82,-0.10,14954.37,149.54
692,매도 진입,2023-09-26 23:10,S1,1907.225,98.28,187442.073,-181.82,-0.10,69.29,0.04,-181.82,-0.10,14954.37,149.54
693,매도 청산,2023-09-26 23:10,XS2,1909.075,21.84,41694.198,0,0.00,0,0.00,0,0.00,14954.37,149.54
693,매도 진입,2023-09-26 23:10,S2,1909.075,21.84,41694.198,0,0.00,0,0.00,0,0.00,14954.37,149.54
694,매도 청산,2023-09-27 00:00,XS1,1903.525,98.28,187623.891,545.45,0.29,545.45,0.29,-38.82,-0.02,15499.82,155.00
694,매도 진입,2023-09-26 23:10,S2,1909.075,98.28,187623.891,545.45,0.29,545.45,0.29,-38.82,-0.02,15499.82,155.00
695,매도 청산,2023-09-27 15:00,XS2,1898.625,219.05,415711.9948,-181.81,-0.04,419.48,0.10,-181.81,-0.04,15318.01,153.18
695,매도 진입,2023-09-27 14:50,S1,1897.795,219.05,415711.9948,-181.81,-0.04,419.48,0.10,-181.81,-0.04,15318.01,153.18
696,매도 청산,2023-09-27 15:00,XS2,1898.625,48.68,92425.065,0,0.00,0,0.00,0,0.00,15318.01,153.18
696,매도 진입,2023-09-27 15:00,S2,1898.625,48.68,92425.065,0,0.00,0,0.00,0,0.00,15318.01,153.18
697,매도 청산,2023-09-27 17:20,XS1,1895.305,219.05,415893.8063,727.25,0.17,727.25,0.17,-106.24,-0.03,16045.26,160.45
697,매도 진입,2023-09-27 15:00,S2,1898.625,219.05,415893.8063,727.25,0.17,727.25,0.17,-106.24,-0.03,16045.26,160.45
698,매도 청산,2023-09-28 15:10,XS1,1874.775,86.37,161924.3168,0,0.00,89.39,0.06,-257.81,-0.16,16045.26,160.45
698,매도 진입,2023-09-28 11:30,S1,1874.775,86.37,161924.3168,0,0.00,89.39,0.06,-257.81,-0.16,16045.26,160.45
699,매도 청산,2023-09-28 15:10,XS2,1874.775,105.56,198123.4528,222.2,0.11,222.2,0.11,-92.89,-0.05,16267.46,162.67
699,매도 진입,2023-09-28 14:30,S2,1876.88,105.56,198123.4528,222.2,0.11,222.2,0.11,-92.89,-0.05,16267.46,162.67
700,매수 청산,2023-09-29 20:10,XL2,1868.415,104.49,195412.4959,-181.81,-0.09,0,0.00,-181.81,-0.09,16085.65,160.86
700,매수 진입,2023-09-29 20:10,L1,1870.155,104.49,195412.4959,-181.81,-0.09,0,0.00,-181.81,-0.09,16085.65,160.86
701,매수 청산,2023-09-29 20:10,XL2,1868.415,23.22,43384.5963,0,0.00,0,0.00,0,0.00,16085.65,160.86
701,매수 진입,2023-09-29 20:10,L2,1868.415,23.22,43384.5963,0,0.00,0,0.00,0,0.00,16085.65,160.86
702,매수 청산,2023-09-29 21:10,XL1,1870.155,104.49,195230.6833,181.81,0.09,181.81,0.09,-83.59,-0.04,16267.46,162.67
702,매수 진입,2023-09-29 20:10,L2,1868.415,104.49,195230.6833,181.81,0.09,181.81,0.09,-83.59,-0.04,16267.46,162.67
703,매도 청산,2023-10-02 09:50,XS1,1845.285,50.64,93990.6252,545.39,0.58,545.39,0.58,-23.55,-0.03,16812.86,168.13
703,매도 진입,2023-09-30 01:30,S1,1856.055,50.64,93990.6252,545.39,0.58,545.39,0.58,-23.55,-0.03,16812.86,168.13
704,매도 청산,2023-10-02 18:00,XS1,1838.075,81.53,150403.6905,545.44,0.36,545.44,0.36,-125.96,-0.08,17358.29,173.58
704,매도 진입,2023-10-02 12:40,S1,1844.765,81.53,150403.6905,545.44,0.36,545.44,0.36,-125.96,-0.08,17358.29,173.58
705,매도 청산,2023-10-03 11:10,XS1,1820.75,147.81,269670.4764,545.42,0.20,545.42,0.20,-107.16,-0.04,17903.71,179.04
705,매도 진입,2023-10-03 09:50,S1,1824.44,147.81,269670.4764,545.42,0.20,545.42,0.20,-107.16,-0.04,17903.71,179.04
706,매도 청산,2023-10-04 14:10,XS1,1822,156.73,285562.06,0,0.00,65.83,0.02,-289.95,-0.10,17903.71,179.04
706,매도 진입,2023-10-04 13:10,S1,1822,156.73,285562.06,0,0.00,65.83,0.02,-289.95,-0.10,17903.71,179.04
707,매도 청산,2023-10-04 14:10,XS2,1822,191.57,349262.7612,222.22,0.06,222.22,0.06,-132.18,-0.04,18125.93,181.26
707,매도 진입,2023-10-04 13:40,S2,1823.16,191.57,349262.7612,222.22,0.06,222.22,0.06,-132.18,-0.04,18125.93,181.26
708,매수 청산,2023-10-05 18:30,반대신호정리,1821.93,114.71,209621.054,-627.46,-0.30,29.25,0.01,-881.55,-0.42,17498.47,174.98
708,매수 진입,2023-10-05 14:40,L1,1827.4,114.71,209621.054,-627.46,-0.30,29.25,0.01,-881.55,-0.42,17498.47,174.98
709,매수 청산,2023-10-05 18:30,반대신호정리,1821.93,140.2,255979.263,-544.68,-0.21,0,0.00,-855.22,-0.33,16953.79,169.54
709,매수 진입,2023-10-05 15:00,L2,1825.815,140.2,255979.263,-544.68,-0.21,0,0.00,-855.22,-0.33,16953.79,169.54
710,매수 청산,2023-10-05 18:30,반대신호정리,1821.93,180.26,328835.6998,-414.6,-0.13,27.04,0.01,-813.87,-0.25,16539.19,165.39
710,매수 진입,2023-10-05 15:10,L3,1824.23,180.26,328835.6998,-414.6,-0.13,27.04,0.01,-813.87,-0.25,16539.19,165.39
711,매수 청산,2023-10-05 18:30,반대신호정리,1821.93,252.36,459962.6922,-180.44,-0.04,60.57,0.01,-739.41,-0.16,16358.76,163.59
711,매수 진입,2023-10-05 15:50,L4,1822.645,252.36,459962.6922,-180.44,-0.04,60.57,0.01,-739.41,-0.16,16358.76,163.59
712,매수 청산,2023-10-05 18:30,반대신호정리,1821.93,420.6,765937.836,365.92,0.05,607.77,0.08,-565.71,-0.07,16724.68,167.25
712,매수 진입,2023-10-05 16:10,L5,1821.06,420.6,765937.836,365.92,0.05,607.77,0.08,-565.71,-0.07,16724.68,167.25
713,매도 청산,2023-10-05 22:40,XS1,1820.369,131.75,239669.06,-164.56,-0.07,54.68,0.02,-365.61,-0.15,16560.12,165.60
713,매도 진입,2023-10-05 22:30,S1,1819.12,131.75,239669.06,-164.56,-0.07,54.68,0.02,-365.61,-0.15,16560.12,165.60
714,매도 청산,2023-10-05 22:40,XS2,1820.369,161.03,293155.115,21.09,0.01,218.2,0.07,-224.64,-0.08,16581.22,165.81
714,매도 진입,2023-10-05 22:30,S2,1820.5,161.03,293155.115,21.09,0.01,218.2,0.07,-224.64,-0.08,16581.22,165.81
715,매도 청산,2023-10-05 22:40,XS2,1820.369,161.03,293277.4978,143.48,0.05,340.58,0.12,-102.25,-0.03,16724.69,167.25
715,매도 진입,2023-10-05 22:30,S2,1821.26,161.03,293277.4978,143.48,0.05,340.58,0.12,-102.25,-0.03,16724.69,167.25
716,매도 청산,2023-10-05 22:40,XS2,1820.369,161.03,293356.4025,222.38,0.08,222.38,0.08,-23.35,-0.01,16947.08,169.47
716,매도 진입,2023-10-05 22:40,S2,1821.75,161.03,293356.4025,222.38,0.08,222.38,0.08,-23.35,-0.01,16947.08,169.47
717,매도 청산,2023-10-06 15:10,반대신호정리,1821.405,68.61,124781.6931,-184.9,-0.15,2.4,0.00,-405.49,-0.32,16762.17,167.62
717,매도 진입,2023-10-06 03:10,S1,1818.71,68.61,124781.6931,-184.9,-0.15,2.4,0.00,-405.49,-0.32,16762.17,167.62
718,매도 청산,2023-10-06 15:10,반대신호정리,1821.405,83.85,152721.036,-3.77,0.00,135.84,0.09,-273.35,-0.18,16758.4,167.58
718,매도 진입,2023-10-06 07:10,S2,1821.36,83.85,152721.036,-3.77,0.00,135.84,0.09,-273.35,-0.18,16758.4,167.58
719,매수 청산,2023-10-06 21:30,XL1,1818.112,220.38,401675.607,-1000.08,-0.25,41.87,0.01,-1000.08,-0.25,15758.31,157.58
719,매수 진입,2023-10-06 19:50,L1,1822.65,220.38,401675.607,-1000.08,-0.25,41.87,0.01,-1000.08,-0.25,15758.31,157.58
720,매수 청산,2023-10-06 21:30,XL2,1818.112,269.36,490726.782,-1000.13,-0.20,199.33,0.04,-1000.13,-0.20,14758.18,147.58
720,매수 진입,2023-10-06 20:00,L2,1821.825,269.36,490726.782,-1000.13,-0.20,199.33,0.04,-1000.13,-0.20,14758.18,147.58
721,매수 청산,2023-10-06 21:30,XL3,1818.112,346.32,630648.72,-1000.17,-0.16,486.58,0.08,-1000.17,-0.16,13758.01,137.58
721,매수 진입,2023-10-06 20:30,L3,1821,346.32,630648.72,-1000.17,-0.16,486.58,0.08,-1000.17,-0.16,13758.01,137.58
722,매수 청산,2023-10-06 21:30,XL4,1818.112,484.84,882493.647,-1000.22,-0.11,254.54,0.03,-1000.22,-0.11,12757.78,127.58
722,매수 진입,2023-10-06 21:20,L4,1820.175,484.84,882493.647,-1000.22,-0.11,254.54,0.03,-1000.22,-0.11,12757.78,127.58
723,매수 청산,2023-10-06 21:30,XL5,1818.112,808.08,1470180.348,-1000.4,-0.07,985.86,0.07,-1000.4,-0.07,11757.38,117.57
723,매수 진입,2023-10-06 21:20,L5,1819.35,808.08,1470180.348,-1000.4,-0.07,985.86,0.07,-1000.4,-0.07,11757.38,117.57
724,매수 청산,2023-10-06 21:30,XL6,1818.112,2424.24,4408541.046,-1001.21,-0.02,0,0.00,-1001.21,-0.02,10756.17,107.56
724,매수 진입,2023-10-06 21:30,L6,1818.525,2424.24,4408541.046,-1001.21,-0.02,0,0.00,-1001.21,-0.02,10756.17,107.56
725,매수 청산,2023-10-09 07:00,XL1,1848.105,29.3,53604.057,545.42,1.02,545.42,1.02,-14.21,-0.03,11301.59,113.02
725,매수 진입,2023-10-07 05:00,L1,1829.49,29.3,53604.057,545.42,1.02,545.42,1.02,-14.21,-0.03,11301.59,113.02
726,매수 청산,2023-10-10 23:40,반대신호정리,1855.29,96.71,180031.4676,-606.37,-0.34,377.17,0.21,-823.49,-0.46,10695.22,106.95
726,매수 진입,2023-10-10 05:30,L1,1861.56,96.71,180031.4676,-606.37,-0.34,377.17,0.21,-823.49,-0.46,10695.22,106.95
727,매수 청산,2023-10-10 23:40,반대신호정리,1855.29,118.2,219814.176,-518.9,-0.24,23.64,0.01,-784.26,-0.36,10176.32,101.76
727,매수 진입,2023-10-10 15:00,L2,1859.68,118.2,219814.176,-518.9,-0.24,23.64,0.01,-784.26,-0.36,10176.32,101.76
728,매수 청산,2023-10-10 23:40,반대신호정리,1855.29,151.97,282329.866,-381.44,-0.14,316.1,0.11,-722.62,-0.26,9794.88,97.95
728,매수 진입,2023-10-10 15:10,L3,1857.8,151.97,282329.866,-381.44,-0.14,316.1,0.11,-722.62,-0.26,9794.88,97.95
729,매수 청산,2023-10-10 23:40,반대신호정리,1855.29,212.76,394865.5392,-134.04,-0.03,842.53,0.21,-611.68,-0.15,9660.84,96.61
729,매수 진입,2023-10-10 15:40,L4,1855.92,212.76,394865.5392,-134.04,-0.03,842.53,0.21,-611.68,-0.15,9660.84,96.61
730,매도 청산,2023-10-11 07:40,반대신호정리,1859.835,54.03,100522.815,35.93,0.04,125.62,0.12,-125.62,-0.12,9696.77,96.97
730,매도 진입,2023-10-11 00:40,S1,1860.5,54.03,100522.815,35.93,0.04,125.62,0.12,-125.62,-0.12,9696.77,96.97
731,매수 청산,2023-10-12 15:40,XL1,1882.135,124.53,233836.8302,545.44,0.23,545.44,0.23,-114.57,-0.05,10242.21,102.42
731,매수 진입,2023-10-12 13:00,L1,1877.755,124.53,233836.8302,545.44,0.23,545.44,0.23,-114.57,-0.05,10242.21,102.42
732,매도 청산,2023-10-13 15:10,반대신호정리,1876.53,57.72,107877.5256,-435.79,-0.40,15.01,0.01,-526.41,-0.49,9806.42,98.06
732,매도 진입,2023-10-13 05:50,S1,1868.98,57.72,107877.5256,-435.79,-0.40,15.01,0.01,-526.41,-0.49,9806.42,98.06
733,매도 청산,2023-10-13 15:10,반대신호정리,1876.53,70.54,132060.0502,-310.38,-0.24,136.14,0.10,-421.12,-0.32,9496.05,94.96
733,매도 진입,2023-10-13 09:20,S2,1872.13,70.54,132060.0502,-310.38,-0.24,136.14,0.10,-421.12,-0.32,9496.05,94.96
734,매도 청산,2023-10-13 15:10,반대신호정리,1876.53,90.7,170087.896,-113.37,-0.07,40.36,0.02,-255.77,-0.15,9382.67,93.83
734,매도 진입,2023-10-13 13:20,S3,1875.28,90.7,170087.896,-113.37,-0.07,40.36,0.02,-255.77,-0.15,9382.67,93.83
735,매수 청산,2023-10-13 18:30,XL1,1886.355,145.45,273877.2592,493.08,0.18,548.35,0.20,-70.54,-0.03,9875.75,98.76
735,매수 진입,2023-10-13 18:10,L1,1882.965,145.45,273877.2592,493.08,0.18,548.35,0.20,-70.54,-0.03,9875.75,98.76
736,매수 청산,2023-10-13 22:20,XL2,1906.825,145.45,277529.5087,-181.81,-0.07,122.18,0.04,-181.81,-0.07,9693.93,96.94
736,매수 진입,2023-10-13 22:20,L1,1908.075,145.45,277529.5087,-181.81,-0.07,122.18,0.04,-181.81,-0.07,9693.93,96.94
737,매수 청산,2023-10-13 22:20,XL2,1906.825,32.32,61628.584,0,0.00,0,0.00,0,0.00,9693.93,96.94
737,매수 진입,2023-10-13 22:20,L2,1906.825,32.32,61628.584,0,0.00,0,0.00,0,0.00,9693.93,96.94
738,매수 청산,2023-10-13 22:40,XL1,1908.075,145.45,277347.6962,181.81,0.07,589.07,0.21,-142.54,-0.05,9875.75,98.76
738,매수 진입,2023-10-13 22:20,L2,1906.825,145.45,277347.6962,181.81,0.07,589.07,0.21,-142.54,-0.05,9875.75,98.76
739,매도 청산,2023-10-17 01:40,반대신호정리,1921.045,53.63,103007.6773,-17.97,-0.02,38.61,0.04,-89.03,-0.09,9857.78,98.58
739,매도 진입,2023-10-17 00:10,S1,1920.71,53.63,103007.6773,-17.97,-0.02,38.61,0.04,-89.03,-0.09,9857.78,98.58
740,매수 청산,2023-10-17 21:10,XL1,1926.615,58.74,112987.5648,181.8,0.16,181.8,0.16,-76.07,-0.07,10039.58,100.40
740,매수 진입,2023-10-17 20:00,L1,1923.52,58.74,112987.5648,181.8,0.16,181.8,0.16,-76.07,-0.07,10039.58,100.40
741,매수 청산,2023-10-18 12:00,XL2,1936.535,237.67,460438.091,-181.82,-0.04,97.44,0.02,-181.82,-0.04,9857.76,98.58
741,매수 진입,2023-10-18 12:00,L1,1937.3,237.67,460438.091,-181.82,-0.04,97.44,0.02,-181.82,-0.04,9857.76,98.58
742,매수 청산,2023-10-18 12:00,XL2,1936.535,52.81,102268.4134,0,0.00,0,0.00,0,0.00,9857.76,98.58
742,매수 진입,2023-10-18 12:00,L2,1936.535,52.81,102268.4134,0,0.00,0,0.00,0,0.00,9857.76,98.58
743,매수 청산,2023-10-18 12:30,XL1,1936.535,237.67,460256.2734,0,0.00,123.59,0.03,-294.71,-0.06,9857.76,98.58
743,매수 진입,2023-10-18 12:00,L2,1936.535,237.67,460256.2734,0,0.00,123.59,0.03,-294.71,-0.06,9857.76,98.58
744,매수 청산,2023-10-18 12:30,XL2,1936.535,290.48,562302.4696,222.22,0.04,255.62,0.05,-137.98,-0.02,10079.98,100.80
744,매수 진입,2023-10-18 12:10,L2,1935.77,290.48,562302.4696,222.22,0.04,255.62,0.05,-137.98,-0.02,10079.98,100.80
745,매수 청산,2023-10-20 02:20,XL1,1966.845,36,70261.02,545.4,0.78,545.4,0.78,-68.04,-0.10,10625.38,106.25
745,매수 진입,2023-10-19 23:20,L1,1951.695,36,70261.02,545.4,0.78,545.4,0.78,-68.04,-0.10,10625.38,106.25
746,매수 청산,2023-10-20 23:00,XL1,1989.595,36,71080.02,545.4,0.77,545.4,0.77,-85.86,-0.12,11170.78,111.71
746,매수 진입,2023-10-20 05:00,L1,1974.445,36,71080.02,545.4,0.77,545.4,0.77,-85.86,-0.12,11170.78,111.71
747,매수 청산,2023-10-21 03:30,XL1,1978.745,79.74,157880.0169,-94.89,-0.06,35.88,0.02,-302.21,-0.19,11075.89,110.76
747,매수 진입,2023-10-21 03:10,L1,1979.935,79.74,157880.0169,-94.89,-0.06,35.88,0.02,-302.21,-0.19,11075.89,110.76
748,매수 청산,2023-10-21 03:30,XL2,1978.745,97.46,192742.2563,106.23,0.06,140.34,0.07,-147.16,-0.08,11182.12,111.82
748,매수 진입,2023-10-21 03:10,L2,1977.655,97.46,192742.2563,106.23,0.06,140.34,0.07,-147.16,-0.08,11182.12,111.82
749,매수 청산,2023-10-21 03:30,XL2,1978.745,97.46,192620.0415,228.45,0.12,262.56,0.14,-24.95,-0.01,11410.57,114.11
749,매수 진입,2023-10-21 03:10,L2,1976.401,97.46,192620.0415,228.45,0.12,262.56,0.14,-24.95,-0.01,11410.57,114.11
750,매도 청산,2023-10-23 18:40,반대신호정리,1979.865,20.05,39463.51275,-232.78,-0.59,40.9,0.10,-293.13,-0.74,11177.79,111.78
750,매도 진입,2023-10-23 10:40,S1,1968.255,20.05,39463.51275,-232.78,-0.59,40.9,0.10,-293.13,-0.74,11177.79,111.78
751,매도 청산,2023-10-23 18:40,반대신호정리,1979.865,24.51,48464.1132,-62.38,-0.13,67.77,0.14,-136.15,-0.28,11115.41,111.15
751,매도 진입,2023-10-23 15:20,S2,1977.32,24.51,48464.1132,-62.38,-0.13,67.77,0.14,-136.15,-0.28,11115.41,111.15
752,매수 청산,2023-10-24 15:00,XL1,1976.56,136.19,269164.5541,23.15,0.01,145.72,0.05,-251.95,-0.09,11138.56,111.39
752,매수 진입,2023-10-24 13:10,L1,1976.39,136.19,269164.5541,23.15,0.01,145.72,0.05,-251.95,-0.09,11138.56,111.39
753,매수 청산,2023-10-24 15:00,XL2,1976.56,166.45,328747.9047,250.51,0.08,283.8,0.09,-85.72,-0.03,11389.07,113.89
753,매수 진입,2023-10-24 14:40,L2,1975.055,166.45,328747.9047,250.51,0.08,283.8,0.09,-85.72,-0.03,11389.07,113.89
754,매수 청산,2023-10-24 19:20,XL1,1964.6,104.49,206281.0233,-999.97,-0.48,109.71,0.05,-999.97,-0.48,10389.1,103.89
754,매수 진입,2023-10-24 17:20,L1,1974.17,104.49,206281.0233,-999.97,-0.48,109.71,0.05,-999.97,-0.48,10389.1,103.89
755,매수 청산,2023-10-24 19:20,XL2,1964.6,127.71,251899.0353,-999.97,-0.40,127.71,0.05,-999.97,-0.40,9389.13,93.89
755,매수 진입,2023-10-24 17:40,L2,1972.43,127.71,251899.0353,-999.97,-0.40,127.71,0.05,-999.97,-0.40,9389.13,93.89
756,매수 청산,2023-10-24 19:20,XL3,1964.6,164.2,323587.298,-999.98,-0.31,449.91,0.14,-999.98,-0.31,8389.15,83.89
756,매수 진입,2023-10-24 17:40,L3,1970.69,164.2,323587.298,-999.98,-0.31,449.91,0.14,-999.98,-0.31,8389.15,83.89
757,매수 청산,2023-10-25 10:50,XL1,1976.725,124.1,244766.153,545.42,0.22,545.42,0.22,-28.54,-0.01,8934.57,89.35
757,매수 진입,2023-10-25 09:50,L1,1972.33,124.1,244766.153,545.42,0.22,545.42,0.22,-28.54,-0.01,8934.57,89.35
758,매수 청산,2023-10-26 00:40,XL1,1983.425,49.47,97574.628,545.41,0.56,545.41,0.56,-10.88,-0.01,9479.98,94.80
758,매수 진입,2023-10-26 00:10,L1,1972.4,49.47,97574.628,545.41,0.56,545.41,0.56,-10.88,-0.01,9479.98,94.80
759,매수 청산,2023-10-26 02:20,XL1,1981.895,49.47,97975.8297,68.52,0.07,189.47,0.19,-192.93,-0.20,9548.49,95.48
759,매수 진입,2023-10-26 01:40,L1,1980.51,49.47,97975.8297,68.52,0.07,189.47,0.19,-192.93,-0.20,9548.49,95.48
760,매수 청산,2023-10-26 02:20,XL2,1981.895,60.46,119519.4441,305.93,0.26,453.75,0.38,-13.6,-0.01,9854.42,98.54
760,매수 진입,2023-10-26 02:00,L2,1976.835,60.46,119519.4441,305.93,0.26,453.75,0.38,-13.6,-0.01,9854.42,98.54
761,매수 청산,2023-10-26 17:30,XL1,1991.58,84.17,167085.867,545.42,0.33,545.42,0.33,-133.41,-0.08,10399.84,104.00
761,매수 진입,2023-10-26 11:50,L1,1985.1,84.17,167085.867,545.42,0.33,545.42,0.33,-133.41,-0.08,10399.84,104.00
762,매수 청산,2023-10-27 20:50,반대신호정리,1982.45,39.61,78613.5709,-88.73,-0.11,211.32,0.27,-184.58,-0.23,10311.12,103.11
762,매수 진입,2023-10-27 05:50,L1,1984.69,39.61,78613.5709,-88.73,-0.11,211.32,0.27,-184.58,-0.23,10311.12,103.11
763,매도 청산,2023-10-28 03:00,XS1,2000.565,54.43,107890.8738,-999.88,-0.93,0.54,0.00,-999.88,-0.93,9311.24,93.11
763,매도 진입,2023-10-28 01:50,S1,1982.195,54.43,107890.8738,-999.88,-0.93,0.54,0.00,-999.88,-0.93,9311.24,93.11
764,매도 청산,2023-10-28 03:00,XS2,2000.565,66.53,132097.6436,-999.95,-0.76,0,0.00,-999.95,-0.76,8311.29,83.11
764,매도 진입,2023-10-28 02:10,S2,1985.535,66.53,132097.6436,-999.95,-0.76,0,0.00,-999.95,-0.76,8311.29,83.11
765,매도 청산,2023-10-28 03:00,XS3,2000.565,85.54,170128.3675,-999.96,-0.59,6.42,0.00,-999.96,-0.59,7311.33,73.11
765,매도 진입,2023-10-28 02:30,S3,1988.875,85.54,170128.3675,-999.96,-0.59,6.42,0.00,-999.96,-0.59,7311.33,73.11
766,매도 청산,2023-10-28 03:00,XS4,2000.565,119.76,238587.6684,-1000,-0.42,147.3,0.06,-1000,-0.42,6311.33,63.11
766,매도 진입,2023-10-28 02:30,S4,1992.215,119.76,238587.6684,-1000,-0.42,147.3,0.06,-1000,-0.42,6311.33,63.11
767,매도 청산,2023-10-28 03:00,XS5,2000.565,199.6,398312.778,-1000,-0.25,463.07,0.12,-1000,-0.25,5311.34,53.11
767,매도 진입,2023-10-28 02:30,S5,1995.555,199.6,398312.778,-1000,-0.25,463.07,0.12,-1000,-0.25,5311.34,53.11
768,매도 청산,2023-10-28 03:00,XS6,2000.565,598.8,1196938.326,-1000,-0.08,0,0.00,-1000,-0.08,4311.34,43.11
768,매도 진입,2023-10-28 03:00,S6,1998.895,598.8,1196938.326,-1000,-0.08,0,0.00,-1000,-0.08,4311.34,43.11
769,매도 청산,2023-10-31 17:10,XS1,1998.355,158.1,314939.943,-999.98,-0.32,222.92,0.07,-999.98,-0.32,3311.36,33.11
769,매도 진입,2023-10-31 13:40,S1,1992.03,158.1,314939.943,-999.98,-0.32,222.92,0.07,-999.98,-0.32,3311.36,33.11
770,매도 청산,2023-10-31 17:10,XS2,1998.355,193.23,385142.1714,-999.97,-0.26,140.09,0.04,-999.97,-0.26,2311.39,23.11
770,매도 진입,2023-10-31 13:50,S2,1993.18,193.23,385142.1714,-999.97,-0.26,140.09,0.04,-999.97,-0.26,2311.39,23.11
771,매도 청산,2023-10-31 17:10,XS3,1998.355,248.44,495471.3452,-999.97,-0.20,465.83,0.09,-999.97,-0.20,1311.42,13.11
771,매도 진입,2023-10-31 14:10,S3,1994.33,248.44,495471.3452,-999.97,-0.20,465.83,0.09,-999.97,-0.20,1311.42,13.11
772,매도 청산,2023-10-31 17:10,XS4,1998.355,347.82,694067.8536,-999.98,-0.14,269.56,0.04,-999.98,-0.14,311.44,3.11
772,매도 진입,2023-10-31 16:00,S4,1995.48,347.82,694067.8536,-999.98,-0.14,269.56,0.04,-999.98,-0.14,311.44,3.11
773,매도 청산,2023-10-31 17:10,XS5,1998.355,579.71,1157466.377,-1000,-0.09,892.75,0.08,-1000,-0.09,-688.56,-6.89
773,매도 진입,2023-10-31 16:30,S5,1996.63,579.71,1157466.377,-1000,-0.09,892.75,0.08,-1000,-0.09,-688.56,-6.89
774,매도 청산,2023-10-31 17:10,XS6,1998.355,1739.13,3474399.131,-1000,-0.03,0,0.00,-1000,-0.03,-1688.56,-16.89
774,매도 진입,2023-10-31 17:10,S6,1997.78,1739.13,3474399.131,-1000,-0.03,0,0.00,-1000,-0.03,-1688.56,-16.89
775,매도 청산,2023-11-01 13:10,XS1,1975.35,63.79,126552.981,545.4,0.43,545.4,0.43,-147.99,-0.12,-1143.16,-11.43
775,매도 진입,2023-11-01 07:00,S1,1983.9,63.79,126552.981,545.4,0.43,545.4,0.43,-147.99,-0.12,-1143.16,-11.43
776,매도 청산,2023-11-01 16:10,XS1,1978.555,240.81,477001.2642,545.43,0.11,545.43,0.11,-59,-0.01,-597.72,-5.98
776,매도 진입,2023-11-01 15:10,S1,1980.82,240.81,477001.2642,545.43,0.11,545.43,0.11,-59,-0.01,-597.72,-5.98
777,매도 청산,2023-11-01 18:20,XS1,1981.721,119.61,236933.6548,-99.99,-0.04,32.89,0.01,-349.86,-0.15,-697.72,-6.98
777,매도 진입,2023-11-01 17:50,S1,1980.885,119.61,236933.6548,-99.99,-0.04,32.89,0.01,-349.86,-0.15,-697.72,-6.98
778,매도 청산,2023-11-01 18:20,XS2,1981.721,146.19,289807.7869,99.99,0.03,99.99,0.03,-205.4,-0.07,-597.72,-5.98
778,매도 진입,2023-11-01 17:50,S2,1982.405,146.19,289807.7869,99.99,0.03,99.99,0.03,-205.4,-0.07,-597.72,-5.98
779,매도 청산,2023-11-01 18:20,XS2,1981.721,146.19,289930.0018,222.21,0.08,222.21,0.08,-83.18,-0.03,-375.51,-3.76
779,매도 진입,2023-11-01 18:00,S2,1983.241,146.19,289930.0018,222.21,0.08,222.21,0.08,-83.18,-0.03,-375.51,-3.76
780,매수 청산,2023-11-01 22:40,XL1,1985.595,119.61,237661.4817,-164.46,-0.07,41.27,0.02,-697.92,-0.29,-539.98,-5.40
780,매수 진입,2023-11-01 22:10,L1,1986.97,119.61,237661.4817,-164.46,-0.07,41.27,0.02,-697.92,-0.29,-539.98,-5.40
781,매수 청산,2023-11-01 22:40,XL2,1985.595,146.19,290252.9355,21.2,0.01,24.85,0.01,-630.81,-0.22,-518.78,-5.19
781,매수 진입,2023-11-01 22:10,L2,1985.45,146.19,290252.9355,21.2,0.01,24.85,0.01,-630.81,-0.22,-518.78,-5.19
782,매수 청산,2023-11-01 22:40,XL2,1985.595,146.19,290130.7207,143.41,0.05,147.07,0.05,-508.59,-0.18,-375.37,-3.75
782,매수 진입,2023-11-01 22:10,L2,1984.614,146.19,290130.7207,143.41,0.05,147.07,0.05,-508.59,-0.18,-375.37,-3.75
783,매수 청산,2023-11-01 22:40,XL2,1985.595,146.19,290051.7781,222.36,0.08,222.36,0.08,-429.65,-0.15,-153.01,-1.53
783,매수 진입,2023-11-01 22:20,L2,1984.074,146.19,290051.7781,222.36,0.08,222.36,0.08,-429.65,-0.15,-153.01,-1.53
784,매수 청산,2023-11-01 22:40,XL3,1985.595,187.96,372640.8498,571.59,0.15,571.59,0.15,-266.72,-0.07,418.58,4.19
784,매수 진입,2023-11-01 22:30,L3,1982.554,187.96,372640.8498,571.59,0.15,571.59,0.15,-266.72,-0.07,418.58,4.19
785,매수 청산,2023-11-02 03:10,반대신호정리,1979.22,58.46,116137.8052,-432.6,-0.37,36.54,0.03,-704.44,-0.61,-14.03,-0.14
785,매수 진입,2023-11-02 00:00,L1,1986.62,58.46,116137.8052,-432.6,-0.37,36.54,0.03,-704.44,-0.61,-14.03,-0.14
786,매수 청산,2023-11-02 03:10,반대신호정리,1979.22,71.45,141721.7895,-306.52,-0.22,57.52,0.04,-638.76,-0.45,-320.55,-3.21
786,매수 진입,2023-11-02 00:20,L2,1983.51,71.45,141721.7895,-306.52,-0.22,57.52,0.04,-638.76,-0.45,-320.55,-3.21
787,매수 청산,2023-11-02 03:10,반대신호정리,1979.22,91.86,181919.544,-108.39,-0.06,168.1,0.09,-535.54,-0.29,-428.94,-4.29
787,매수 진입,2023-11-02 00:40,L3,1980.4,91.86,181919.544,-108.39,-0.06,168.1,0.09,-535.54,-0.29,-428.94,-4.29
788,매수 청산,2023-11-02 03:10,반대신호정리,1979.22,128.61,254299.2669,248.22,0.10,635.33,0.25,-349.82,-0.14,-180.73,-1.81
788,매수 진입,2023-11-02 01:20,L4,1977.29,128.61,254299.2669,248.22,0.10,635.33,0.25,-349.82,-0.14,-180.73,-1.81
789,매도 청산,2023-11-02 05:20,XS1,1977.505,58.46,115604.9423,0,0.00,444,0.38,-283.24,-0.25,-180.73,-1.81
789,매도 진입,2023-11-02 03:40,S1,1977.505,58.46,115604.9423,0,0.00,444,0.38,-283.24,-0.25,-180.73,-1.81
790,매도 청산,2023-11-02 05:20,XS2,1977.505,71.45,141514.9417,222.21,0.16,222.21,0.16,-123.97,-0.09,41.48,0.41
790,매도 진입,2023-11-02 04:10,S2,1980.615,71.45,141514.9417,222.21,0.16,222.21,0.16,-123.97,-0.09,41.48,0.41
791,매도 청산,2023-11-02 09:50,반대신호정리,1984.32,58.46,115749.0462,-254.3,-0.22,3.8,0.00,-366.54,-0.32,-212.82,-2.13
791,매도 진입,2023-11-02 05:50,S1,1979.97,58.46,115749.0462,-254.3,-0.22,3.8,0.00,-366.54,-0.32,-212.82,-2.13
792,매도 청산,2023-11-02 09:50,반대신호정리,1984.32,71.45,141691.066,-88.6,-0.06,45.73,0.03,-225.78,-0.16,-301.42,-3.01
792,매도 진입,2023-11-02 07:10,S2,1983.08,71.45,141691.066,-88.6,-0.06,45.73,0.03,-225.78,-0.16,-301.42,-3.01
793,매수 청산,2023-11-03 01:40,반대신호정리,1982.32,58.65,116489.7502,-226.68,-0.19,285.92,0.25,-426.39,-0.37,-528.1,-5.28
793,매수 진입,2023-11-02 11:40,L1,1986.185,58.65,116489.7502,-226.68,-0.19,285.92,0.25,-426.39,-0.37,-528.1,-5.28
794,매수 청산,2023-11-03 01:40,반대신호정리,1982.32,71.68,142147.5328,-54.84,-0.04,164.15,0.12,-298.91,-0.21,-582.93,-5.83
794,매수 진입,2023-11-02 22:40,L2,1983.085,71.68,142147.5328,-54.84,-0.04,164.15,0.12,-298.91,-0.21,-582.93,-5.83
795,매수 청산,2023-11-03 01:40,반대신호정리,1982.32,92.16,182475.4176,215.19,0.12,317.95,0.17,-98.61,-0.05,-367.74,-3.68
795,매수 진입,2023-11-03 00:30,L3,1979.985,92.16,182475.4176,215.19,0.12,317.95,0.17,-98.61,-0.05,-367.74,-3.68
796,매도 청산,2023-11-03 13:20,XS1,1986.585,257.89,511744.0215,-576.38,-0.11,25.79,0.01,-923.25,-0.18,-944.12,-9.44
796,매도 진입,2023-11-03 11:10,S1,1984.35,257.89,511744.0215,-576.38,-0.11,25.79,0.01,-923.25,-0.18,-944.12,-9.44
797,매도 청산,2023-11-03 13:20,XS2,1986.585,315.2,625689.336,-482.26,-0.08,0,0.00,-906.2,-0.14,-1426.38,-14.26
797,매도 진입,2023-11-03 11:10,S2,1985.055,315.2,625689.336,-482.26,-0.08,0,0.00,-906.2,-0.14,-1426.38,-14.26
798,매도 청산,2023-11-03 13:20,XS2,1986.585,315.2,625811.6336,-359.96,-0.06,120.72,0.02,-783.9,-0.13,-1786.34,-17.86
798,매도 진입,2023-11-03 11:10,S2,1985.443,315.2,625811.6336,-359.96,-0.06,120.72,0.02,-783.9,-0.13,-1786.34,-17.86
799,매도 청산,2023-11-03 13:20,XS2,1986.585,315.2,625890.7488,-280.84,-0.04,64.3,0.01,-704.79,-0.11,-2067.18,-20.67
799,매도 진입,2023-11-03 11:30,S2,1985.694,315.2,625890.7488,-280.84,-0.04,64.3,0.01,-704.79,-0.11,-2067.18,-20.67
800,매도 청산,2023-11-03 13:20,XS3,1986.585,405.26,805008.0587,-75.38,-0.01,368.38,0.05,-620.45,-0.08,-2142.56,-21.43
800,매도 진입,2023-11-03 11:30,S3,1986.399,405.26,805008.0587,-75.38,-0.01,368.38,0.05,-620.45,-0.08,-2142.56,-21.43
801,매도 청산,2023-11-03 13:20,XS4,1986.585,567.37,1127423.196,294.47,0.03,915.74,0.08,-468.65,-0.04,-1848.1,-18.48
801,매도 진입,2023-11-03 11:30,S4,1987.104,567.37,1127423.196,294.47,0.03,915.74,0.08,-468.65,-0.04,-1848.1,-18.48
802,매도 청산,2023-11-03 13:20,XS5,1986.585,945.62,1879711.947,1157.44,0.06,2192.89,0.12,-114.42,-0.01,-690.66,-6.91
802,매도 진입,2023-11-03 11:50,S5,1987.809,945.62,1879711.947,1157.44,0.06,2192.89,0.12,-114.42,-0.01,-690.66,-6.91
803,매수 청산,2023-11-03 17:10,XL1,1987.7,257.89,512488.0341,119.92,0.02,199.86,0.04,-270.78,-0.05,-570.74,-5.71
803,매수 진입,2023-11-03 16:50,L1,1987.235,257.89,512488.0341,119.92,0.02,199.86,0.04,-270.78,-0.05,-570.74,-5.71
804,매수 청산,2023-11-03 17:10,XL2,1987.7,315.2,626154.256,368.78,0.06,466.5,0.07,-108.74,-0.02,-201.95,-2.02
804,매수 진입,2023-11-03 16:50,L2,1986.53,315.2,626154.256,368.78,0.06,466.5,0.07,-108.74,-0.02,-201.95,-2.02
805,매도 청산,2023-11-06 21:20,XS1,1985.31,119.22,236688.6582,0,0.00,355.28,0.15,-368.39,-0.16,-201.95,-2.02
805,매도 진입,2023-11-06 14:50,S1,1985.31,119.22,236688.6582,0,0.00,355.28,0.15,-368.39,-0.16,-201.95,-2.02
806,매도 청산,2023-11-06 21:20,XS2,1985.31,145.71,289501.7279,222.21,0.08,222.21,0.08,-228.04,-0.08,20.25,0.20
806,매도 진입,2023-11-06 17:10,S2,1986.835,145.71,289501.7279,222.21,0.08,222.21,0.08,-228.04,-0.08,20.25,0.20
807,매도 청산,2023-11-06 21:20,XS3,1985.31,187.35,372519.246,571.42,0.15,571.42,0.15,-7.49,0.00,591.67,5.92
807,매도 진입,2023-11-06 19:20,S3,1988.36,187.35,372519.246,571.42,0.15,571.42,0.15,-7.49,0.00,591.67,5.92
808,매도 청산,2023-11-07 05:30,XS1,1979.19,124.96,247865.0328,545.45,0.22,545.45,0.22,-121.84,-0.05,1137.12,11.37
808,매도 진입,2023-11-07 02:00,S1,1983.555,124.96,247865.0328,545.45,0.22,545.45,0.22,-121.84,-0.05,1137.12,11.37
809,매도 청산,2023-11-07 14:40,XS2,1973.52,290.9,573915.1555,-181.81,-0.03,8.73,0.00,-181.81,-0.03,955.31,9.55
809,매도 진입,2023-11-07 14:40,S1,1972.895,290.9,573915.1555,-181.81,-0.03,8.73,0.00,-181.81,-0.03,955.31,9.55
810,매도 청산,2023-11-07 14:40,XS2,1973.52,64.65,127588.068,0,0.00,0,0.00,0,0.00,955.31,9.55
810,매도 진입,2023-11-07 14:40,S2,1973.52,64.65,127588.068,0,0.00,0,0.00,0,0.00,955.31,9.55
811,매도 청산,2023-11-07 15:00,XS1,1973.77,290.9,574096.968,-72.72,-0.01,197.81,0.03,-241.45,-0.04,882.58,8.83
811,매도 진입,2023-11-07 14:40,S2,1973.52,290.9,574096.968,-72.72,-0.01,197.81,0.03,-241.45,-0.04,882.58,8.83
812,매도 청산,2023-11-07 15:00,XS2,1973.77,355.55,701907.2547,133.33,0.02,231.11,0.03,-72.89,-0.01,1015.92,10.16
812,매도 진입,2023-11-07 14:40,S2,1974.145,355.55,701907.2547,133.33,0.02,231.11,0.03,-72.89,-0.01,1015.92,10.16
813,매도 청산,2023-11-09 11:40,XS1,1949.74,69.52,135545.9248,0,0.00,54.57,0.04,-346.56,-0.26,1015.92,10.16
813,매도 진입,2023-11-09 06:00,S1,1949.74,69.52,135545.9248,0,0.00,54.57,0.04,-346.56,-0.26,1015.92,10.16
814,매도 청산,2023-11-09 11:40,XS2,1949.74,84.97,165891.6044,222.2,0.13,222.2,0.13,-201.38,-0.12,1238.11,12.38
814,매도 진입,2023-11-09 10:00,S2,1952.355,84.97,165891.6044,222.2,0.13,222.2,0.13,-201.38,-0.12,1238.11,12.38
815,매도 청산,2023-11-10 00:10,XS1,1961.1,85.36,166399.5036,-999.99,-0.60,397.78,0.24,-999.99,-0.60,238.12,2.38
815,매도 진입,2023-11-09 14:50,S1,1949.385,85.36,166399.5036,-999.99,-0.60,397.78,0.24,-999.99,-0.60,238.12,2.38
816,매도 청산,2023-11-10 00:10,XS2,1961.1,104.32,203582.0448,-999.91,-0.49,67.81,0.03,-999.91,-0.49,-761.79,-7.62
816,매도 진입,2023-11-09 23:20,S2,1951.515,104.32,203582.0448,-999.91,-0.49,67.81,0.03,-999.91,-0.49,-761.79,-7.62
817,매도 청산,2023-11-10 00:10,XS3,1961.1,134.13,262042.4039,-999.94,-0.38,0,0.00,-999.94,-0.38,-1761.73,-17.62
817,매도 진입,2023-11-09 23:40,S3,1953.645,134.13,262042.4039,-999.94,-0.38,0,0.00,-999.94,-0.38,-1761.73,-17.62
818,매도 청산,2023-11-10 00:10,XS4,1961.1,187.79,367274.9873,-999.98,-0.27,53.52,0.01,-999.98,-0.27,-2761.71,-27.62
818,매도 진입,2023-11-09 23:40,S4,1955.775,187.79,367274.9873,-999.98,-0.27,53.52,0.01,-999.98,-0.27,-2761.71,-27.62
819,매도 청산,2023-11-10 00:10,XS5,1961.1,312.98,612785.1069,-999.97,-0.16,755.85,0.12,-999.97,-0.16,-3761.68,-37.62
819,매도 진입,2023-11-09 23:40,S5,1957.905,312.98,612785.1069,-999.97,-0.16,755.85,0.12,-999.97,-0.16,-3761.68,-37.62
820,매도 청산,2023-11-10 00:10,XS6,1961.1,938.96,1840394.464,-999.99,-0.05,0,0.00,-999.99,-0.05,-4761.67,-47.62
820,매도 진입,2023-11-10 00:10,S6,1960.035,938.96,1840394.464,-999.99,-0.05,0,0.00,-999.99,-0.05,-4761.67,-47.62
821,매수 청산,2023-11-14 22:30,XL1,1952.64,80.09,155841.5247,545.41,0.35,545.41,0.35,-343.99,-0.22,-4216.26,-42.16
821,매수 진입,2023-11-14 05:10,L1,1945.83,80.09,155841.5247,545.41,0.35,545.41,0.35,-343.99,-0.22,-4216.26,-42.16
822,매수 청산,2023-11-14 22:30,XL2,1952.64,97.89,190255.0884,888.84,0.47,888.84,0.47,-198.23,-0.10,-3327.42,-33.27
822,매수 진입,2023-11-14 22:30,L2,1943.56,97.89,190255.0884,888.84,0.47,888.84,0.47,-198.23,-0.10,-3327.42,-33.27
823,매수 청산,2023-11-16 00:50,반대신호정리,1963.43,15.22,29890.7102,-7.31,-0.02,175.26,0.59,-128.15,-0.43,-3334.72,-33.35
823,매수 진입,2023-11-15 01:40,L1,1963.91,15.22,29890.7102,-7.31,-0.02,175.26,0.59,-128.15,-0.43,-3334.72,-33.35
824,매도 청산,2023-11-16 17:10,반대신호정리,1966.05,60.6,118889.019,-253.61,-0.21,322.39,0.27,-367.24,-0.31,-3588.33,-35.88
824,매도 진입,2023-11-16 04:50,S1,1961.865,60.6,118889.019,-253.61,-0.21,322.39,0.27,-367.24,-0.31,-3588.33,-35.88
825,매도 청산,2023-11-16 17:10,반대신호정리,1966.05,74.07,145537.5505,-87.77,-0.06,45.18,0.03,-226.65,-0.16,-3676.11,-36.76
825,매도 진입,2023-11-16 15:20,S2,1964.865,74.07,145537.5505,-87.77,-0.06,45.18,0.03,-226.65,-0.16,-3676.11,-36.76
826,매도 청산,2023-11-16 17:10,반대신호정리,1966.05,95.23,187399.784,172.84,0.09,198.55,0.11,-5.71,0.00,-3503.26,-35.03
826,매도 진입,2023-11-16 16:00,S3,1967.865,95.23,187399.784,172.84,0.09,198.55,0.11,-5.71,0.00,-3503.26,-35.03
827,매수 청산,2023-11-16 20:00,XL1,1966.3,174.82,343748.566,0,0.00,80.42,0.02,-280.59,-0.08,-3503.26,-35.03
827,매수 진입,2023-11-16 19:00,L1,1966.3,174.82,343748.566,0,0.00,80.42,0.02,-280.59,-0.08,-3503.26,-35.03
828,매수 청산,2023-11-16 20:00,XL2,1966.3,213.67,419917.1042,222.22,0.05,222.22,0.05,-120.72,-0.03,-3281.05,-32.81
828,매수 진입,2023-11-16 19:30,L2,1965.26,213.67,419917.1042,222.22,0.05,222.22,0.05,-120.72,-0.03,-3281.05,-32.81
829,매수 청산,2023-11-16 22:00,XL1,1965.255,174.82,343565.8791,0,0.00,99.65,0.03,-541.94,-0.16,-3281.05,-32.81
829,매수 진입,2023-11-16 20:50,L1,1965.255,174.82,343565.8791,0,0.00,99.65,0.03,-541.94,-0.16,-3281.05,-32.81
830,매수 청산,2023-11-16 22:00,XL2,1965.255,213.67,419693.819,222.22,0.05,222.22,0.05,-440.16,-0.10,-3058.83,-30.59
830,매수 진입,2023-11-16 21:00,L2,1964.215,213.67,419693.819,222.22,0.05,222.22,0.05,-440.16,-0.10,-3058.83,-30.59
831,매수 청산,2023-11-16 22:00,XL3,1965.255,274.72,539323.436,571.42,0.11,571.42,0.11,-280.21,-0.05,-2487.41,-24.87
831,매수 진입,2023-11-16 21:10,L3,1963.175,274.72,539323.436,571.42,0.11,571.42,0.11,-280.21,-0.05,-2487.41,-24.87
832,매수 청산,2023-11-17 11:00,XL1,1984.91,281.88,558960.993,545.44,0.10,545.44,0.10,-7.05,0.00,-1941.98,-19.42
832,매수 진입,2023-11-17 10:40,L1,1982.975,281.88,558960.993,545.44,0.10,545.44,0.10,-7.05,0.00,-1941.98,-19.42
833,매도 청산,2023-11-20 14:50,XS1,1980.105,45.45,89995.77225,0,0.00,304.06,0.34,-233.84,-0.26,-1941.98,-19.42
833,매도 진입,2023-11-18 02:50,S1,1980.105,45.45,89995.77225,0,0.00,304.06,0.34,-233.84,-0.26,-1941.98,-19.42
834,매도 청산,2023-11-20 14:50,XS2,1980.105,55.55,110217.0327,222.2,0.20,222.2,0.20,-63.6,-0.06,-1719.78,-17.20
834,매도 진입,2023-11-20 11:30,S2,1984.105,55.55,110217.0327,222.2,0.20,222.2,0.20,-63.6,-0.06,-1719.78,-17.20
835,매도 청산,2023-11-20 22:20,XS1,1970.715,100.73,198691.9396,181.82,0.09,181.82,0.09,-86.12,-0.04,-1537.96,-15.38
835,매도 진입,2023-11-20 22:00,S1,1972.52,100.73,198691.9396,181.82,0.09,181.82,0.09,-86.12,-0.04,-1537.96,-15.38
836,매수 청산,2023-11-21 15:10,XL2,1990.01,102.43,204018.5376,-181.81,-0.09,77.33,0.04,-181.81,-0.09,-1719.77,-17.20
836,매수 진입,2023-11-21 15:00,L1,1991.785,102.43,204018.5376,-181.81,-0.09,77.33,0.04,-181.81,-0.09,-1719.77,-17.20
837,매수 청산,2023-11-21 15:10,XL2,1990.01,22.76,45292.6276,0,0.00,0,0.00,0,0.00,-1719.77,-17.20
837,매수 진입,2023-11-21 15:10,L2,1990.01,22.76,45292.6276,0,0.00,0,0.00,0,0.00,-1719.77,-17.20
838,매수 청산,2023-11-21 22:10,XL1,1991.785,102.43,203836.7243,181.81,0.09,445.06,0.22,-582.83,-0.29,-1537.96,-15.38
838,매수 진입,2023-11-21 15:10,L2,1990.01,102.43,203836.7243,181.81,0.09,445.06,0.22,-582.83,-0.29,-1537.96,-15.38
839,매수 청산,2023-11-21 22:10,XL3,1991.785,160.96,320026.3056,571.41,0.18,571.41,0.18,-630.16,-0.20,-966.55,-9.67
839,매수 진입,2023-11-21 17:40,L3,1988.235,160.96,320026.3056,571.41,0.18,571.41,0.18,-630.16,-0.20,-966.55,-9.67
840,매수 청산,2023-11-21 22:10,XL4,1991.785,225.35,447648.761,1199.99,0.27,1199.99,0.27,-482.25,-0.11,233.44,2.33
840,매수 진입,2023-11-21 18:00,L4,1986.46,225.35,447648.761,1199.99,0.27,1199.99,0.27,-482.25,-0.11,233.44,2.33
841,매수 청산,2023-11-21 22:10,XL5,1991.785,375.58,745407.9923,2666.62,0.36,2666.62,0.36,-137.09,-0.02,2900.06,29.00
841,매수 진입,2023-11-21 18:30,L5,1984.685,375.58,745407.9923,2666.62,0.36,2666.62,0.36,-137.09,-0.02,2900.06,29.00
842,매수 청산,2023-11-22 16:10,XL1,2002.265,44.67,89441.17755,0,0.00,18.98,0.02,-301.08,-0.34,2900.06,29.00
842,매수 진입,2023-11-22 01:20,L1,2002.265,44.67,89441.17755,0,0.00,18.98,0.02,-301.08,-0.34,2900.06,29.00
843,매수 청산,2023-11-22 16:10,XL2,2002.265,54.6,109101.447,222.22,0.20,222.22,0.20,-145.78,-0.13,3122.28,31.22
843,매수 진입,2023-11-22 03:30,L2,1998.195,54.6,109101.447,222.22,0.20,222.22,0.20,-145.78,-0.13,3122.28,31.22
844,매수 청산,2023-11-23 16:30,XL1,1997.335,318.97,636397.7801,692.16,0.11,773.5,0.12,-65.39,-0.01,3814.44,38.14
844,매수 진입,2023-11-23 16:10,L1,1995.165,318.97,636397.7801,692.16,0.11,773.5,0.12,-65.39,-0.01,3814.44,38.14
845,매수 청산,2023-11-23 19:00,XL1,1994.755,98.54,196563.1577,0,0.00,141.9,0.07,-244.38,-0.12,3814.44,38.14
845,매수 진입,2023-11-23 17:10,L1,1994.755,98.54,196563.1577,0,0.00,141.9,0.07,-244.38,-0.12,3814.44,38.14
846,매수 청산,2023-11-23 19:00,XL2,1994.755,120.44,240026.0804,222.21,0.09,222.21,0.09,-76.48,-0.03,4036.66,40.37
846,매수 진입,2023-11-23 18:20,L2,1992.91,120.44,240026.0804,222.21,0.09,222.21,0.09,-76.48,-0.03,4036.66,40.37
847,매수 청산,2023-11-23 23:50,반대신호정리,1994.475,98.54,196417.3185,118.25,0.06,164.56,0.08,-131.55,-0.07,4154.9,41.55
847,매수 진입,2023-11-23 21:20,L1,1993.275,98.54,196417.3185,118.25,0.06,164.56,0.08,-131.55,-0.07,4154.9,41.55
848,매수 청산,2023-11-24 22:20,XL1,1996.375,136.19,271704.4976,181.81,0.07,181.81,0.07,-81.71,-0.03,4336.72,43.37
848,매수 진입,2023-11-24 21:50,L1,1995.04,136.19,271704.4976,181.81,0.07,181.81,0.07,-81.71,-0.03,4336.72,43.37
849,매수 청산,2023-11-28 01:50,XL1,2011.12,78.7,158275.144,0,0.00,421.44,0.27,-421.83,-0.27,4336.72,43.37
849,매수 진입,2023-11-27 14:30,L1,2011.12,78.7,158275.144,0,0.00,421.44,0.27,-421.83,-0.27,4336.72,43.37
850,매수 청산,2023-11-28 01:50,XL2,2011.12,96.2,193247.522,222.22,0.11,222.22,0.11,-293.41,-0.15,4558.94,45.59
850,매수 진입,2023-11-28 00:50,L2,2008.81,96.2,193247.522,222.22,0.11,222.22,0.11,-293.41,-0.15,4558.94,45.59
851,매수 청산,2023-11-28 01:50,XL3,2011.12,123.68,248163.92,571.4,0.23,571.4,0.23,-91.52,-0.04,5130.34,51.30
851,매수 진입,2023-11-28 01:30,L3,2006.5,123.68,248163.92,571.4,0.23,571.4,0.23,-91.52,-0.04,5130.34,51.30
852,매수 청산,2023-11-28 17:20,XL1,2014.245,90,181282.05,0,0.00,350.55,0.19,-190.35,-0.11,5130.34,51.30
852,매수 진입,2023-11-28 06:40,L1,2014.245,90,181282.05,0,0.00,350.55,0.19,-190.35,-0.11,5130.34,51.30
853,매수 청산,2023-11-28 17:20,XL2,2014.245,110.01,221364.8722,222.22,0.10,287.13,0.13,-10.45,0.00,5352.56,53.53
853,매수 진입,2023-11-28 16:50,L2,2012.225,110.01,221364.8722,222.22,0.10,287.13,0.13,-10.45,0.00,5352.56,53.53
854,매수 청산,2023-11-29 10:00,XL1,2051.265,50.36,102756.3066,545.4,0.53,545.4,0.53,-19.14,-0.02,5897.96,58.98
854,매수 진입,2023-11-29 06:20,L1,2040.435,50.36,102756.3066,545.4,0.53,545.4,0.53,-19.14,-0.02,5897.96,58.98
855,매도 청산,2023-11-29 22:30,XS1,2038.87,101.29,206517.1423,0,0.00,47.1,0.02,-427.44,-0.21,5897.96,58.98
855,매도 진입,2023-11-29 20:10,S1,2038.87,101.29,206517.1423,0,0.00,47.1,0.02,-427.44,-0.21,5897.96,58.98
856,매도 청산,2023-11-29 22:30,XS2,2038.87,123.8,252634.327,222.22,0.09,222.22,0.09,-300.21,-0.12,6120.18,61.20
856,매도 진입,2023-11-29 21:10,S2,2040.665,123.8,252634.327,222.22,0.09,222.22,0.09,-300.21,-0.12,6120.18,61.20
857,매도 청산,2023-11-29 22:30,XS3,2038.87,159.17,325098.3582,571.42,0.18,571.42,0.18,-100.28,-0.03,6691.6,66.92
857,매도 진입,2023-11-29 22:20,S3,2042.46,159.17,325098.3582,571.42,0.18,571.42,0.18,-100.28,-0.03,6691.6,66.92
858,매수 청산,2023-11-30 21:10,반대신호정리,2038.595,35.1,71767.7415,-213.06,-0.30,90.21,0.13,-303.09,-0.42,6478.54,64.79
858,매수 진입,2023-11-30 05:20,L1,2044.665,35.1,71767.7415,-213.06,-0.30,90.21,0.13,-303.09,-0.42,6478.54,64.79
859,매도 청산,2023-12-01 11:30,반대신호정리,2042.715,36.76,74972.5714,-117.63,-0.16,211.74,0.28,-145.94,-0.19,6360.91,63.61
859,매도 진입,2023-12-01 01:30,S1,2039.515,36.76,74972.5714,-117.63,-0.16,211.74,0.28,-145.94,-0.19,6360.91,63.61
860,매수 청산,2023-12-01 21:40,XL1,2034.775,136.7,279153.703,-999.96,-0.36,114.83,0.04,-999.96,-0.36,5360.95,53.61
860,매수 진입,2023-12-01 20:10,L1,2042.09,136.7,279153.703,-999.96,-0.36,114.83,0.04,-999.96,-0.36,5360.95,53.61
861,매수 청산,2023-12-01 21:40,XL2,2034.775,167.08,340970.1808,-999.97,-0.29,58.48,0.02,-999.97,-0.29,4360.98,43.61
861,매수 진입,2023-12-01 20:30,L2,2040.76,167.08,340970.1808,-999.97,-0.29,58.48,0.02,-999.97,-0.29,4360.98,43.61
862,매수 청산,2023-12-01 21:40,XL3,2034.775,214.82,438110.3526,-999.99,-0.23,27.93,0.01,-999.99,-0.23,3360.99,33.61
862,매수 진입,2023-12-01 20:30,L3,2039.43,214.82,438110.3526,-999.99,-0.23,27.93,0.01,-999.99,-0.23,3360.99,33.61
863,매수 청산,2023-12-01 21:40,XL4,2034.775,300.75,612958.575,-999.99,-0.16,396.99,0.06,-999.99,-0.16,2361,23.61
863,매수 진입,2023-12-01 20:40,L4,2038.1,300.75,612958.575,-999.99,-0.16,396.99,0.06,-999.99,-0.16,2361,23.61
864,매수 청산,2023-12-01 21:40,XL5,2034.775,501.25,1020930.963,-999.99,-0.10,924.81,0.09,-999.99,-0.10,1361,13.61
864,매수 진입,2023-12-01 20:50,L5,2036.77,501.25,1020930.963,-999.99,-0.10,924.81,0.09,-999.99,-0.10,1361,13.61
865,매수 청산,2023-12-01 21:40,XL6,2034.775,1503.75,3060792.9,-999.99,-0.03,150.38,0.00,-999.99,-0.03,361.01,3.61
865,매수 진입,2023-12-01 21:40,L6,2035.44,1503.75,3060792.9,-999.99,-0.03,150.38,0.00,-999.99,-0.03,361.01,3.61
866,매수 청산,2023-12-04 08:10,XL1,2083.575,35.3,73004.8125,545.39,0.75,545.39,0.75,-87.72,-0.12,906.39,9.06
866,매수 진입,2023-12-02 04:40,L1,2068.125,35.3,73004.8125,545.39,0.75,545.39,0.75,-87.72,-0.12,906.39,9.06
867,매도 청산,2023-12-04 22:30,XS1,2063.135,27.17,56237.14525,181.77,0.32,181.77,0.32,-56.11,-0.10,1088.16,10.88
867,매도 진입,2023-12-04 20:30,S1,2069.825,27.17,56237.14525,181.77,0.32,181.77,0.32,-56.11,-0.10,1088.16,10.88
868,매도 청산,2023-12-05 05:20,XS1,2028.73,50.85,103160.9205,0,0.00,332.81,0.32,-185.86,-0.18,1088.16,10.88
868,매도 진입,2023-12-05 02:10,S1,2028.73,50.85,103160.9205,0,0.00,332.81,0.32,-185.86,-0.18,1088.16,10.88
869,매도 청산,2023-12-05 05:20,XS2,2028.73,62.16,126328.0788,222.22,0.18,222.22,0.18,-4.97,0.00,1310.38,13.10
869,매도 진입,2023-12-05 05:00,S2,2032.305,62.16,126328.0788,222.22,0.18,222.22,0.18,-4.97,0.00,1310.38,13.10
870,매수 청산,2023-12-06 21:30,XL1,2023.865,70.06,141610.1762,181.81,0.13,181.81,0.13,-71.11,-0.05,1492.19,14.92
870,매수 진입,2023-12-06 19:00,L1,2021.27,70.06,141610.1762,181.81,0.13,181.81,0.13,-71.11,-0.05,1492.19,14.92
871,매수 청산,2023-12-07 00:10,XL1,2028.265,70.06,142100.2459,0,0.00,338.39,0.24,-391.64,-0.28,1492.19,14.92
871,매수 진입,2023-12-06 23:20,L1,2028.265,70.06,142100.2459,0,0.00,338.39,0.24,-391.64,-0.28,1492.19,14.92
872,매수 청산,2023-12-07 00:10,XL2,2028.265,85.63,173458.1221,222.21,0.13,383.62,0.22,-256.46,-0.15,1714.4,17.14
872,매수 진입,2023-12-06 23:40,L2,2025.67,85.63,173458.1221,222.21,0.13,383.62,0.22,-256.46,-0.15,1714.4,17.14
873,매수 청산,2023-12-07 00:10,XL3,2028.265,110.1,222740.5575,571.42,0.26,571.42,0.26,-44.04,-0.02,2285.82,22.86
873,매수 진입,2023-12-07 00:00,L3,2023.075,110.1,222740.5575,571.42,0.26,571.42,0.26,-44.04,-0.02,2285.82,22.86
874,매수 청산,2023-12-07 01:40,XL1,2026.584,48.61,98612.1904,-99.94,-0.10,14.34,0.01,-224.82,-0.23,2185.88,21.86
874,매수 진입,2023-12-07 01:20,L1,2028.64,48.61,98612.1904,-99.94,-0.10,14.34,0.01,-224.82,-0.23,2185.88,21.86
875,매수 청산,2023-12-07 01:40,XL2,2026.584,59.41,120299.309,100.05,0.08,100.05,0.08,-52.58,-0.04,2285.92,22.86
875,매수 진입,2023-12-07 01:20,L2,2024.9,59.41,120299.309,100.05,0.08,100.05,0.08,-52.58,-0.04,2285.92,22.86
876,매수 청산,2023-12-07 18:50,XL1,2033.53,101.85,206880.7755,234.26,0.11,284.67,0.14,-1.53,0.00,2520.18,25.20
876,매수 진입,2023-12-07 18:30,L1,2031.23,101.85,206880.7755,234.26,0.11,284.67,0.14,-1.53,0.00,2520.18,25.20
877,매수 청산,2023-12-07 20:50,XL1,2032.435,101.85,206915.4045,88.1,0.04,133.93,0.06,-197.08,-0.10,2608.28,26.08
877,매수 진입,2023-12-07 20:30,L1,2031.57,101.85,206915.4045,88.1,0.04,133.93,0.06,-197.08,-0.10,2608.28,26.08
878,매수 청산,2023-12-07 20:50,XL2,2032.435,124.49,252687.9347,329.9,0.13,385.92,0.15,-18.67,-0.01,2938.18,29.38
878,매수 진입,2023-12-07 20:30,L2,2029.785,124.49,252687.9347,329.9,0.13,385.92,0.15,-18.67,-0.01,2938.18,29.38
879,매수 청산,2023-12-08 02:40,XL1,2028.195,56.37,114329.3521,0,0.00,134.44,0.12,-448.71,-0.39,2938.18,29.38
879,매수 진입,2023-12-08 01:20,L1,2028.195,56.37,114329.3521,0,0.00,134.44,0.12,-448.71,-0.39,2938.18,29.38
880,매수 청산,2023-12-08 02:40,XL2,2028.195,68.9,139520.433,222.2,0.16,222.2,0.16,-326.24,-0.23,3160.38,31.60
880,매수 진입,2023-12-08 02:00,L2,2024.97,68.9,139520.433,222.2,0.16,222.2,0.16,-326.24,-0.23,3160.38,31.60
881,매수 청산,2023-12-08 13:00,XL1,2032.56,318.97,647982.7705,342.89,0.05,465.7,0.07,-181.81,-0.03,3503.27,35.03
881,매수 진입,2023-12-08 12:40,L1,2031.485,318.97,647982.7705,342.89,0.05,465.7,0.07,-181.81,-0.03,3503.27,35.03
882,매수 청산,2023-12-08 13:00,XL2,2032.56,389.86,791772.5219,641.32,0.08,791.42,0.10,0,0.00,4144.59,41.45
882,매수 진입,2023-12-08 12:40,L2,2030.915,389.86,791772.5219,641.32,0.08,791.42,0.10,0,0.00,4144.59,41.45
883,매수 청산,2023-12-08 15:50,XL1,2031.095,318.97,647858.3722,0,0.00,293.45,0.05,-684.19,-0.11,4144.59,41.45
883,매수 진입,2023-12-08 14:40,L1,2031.095,318.97,647858.3722,0,0.00,293.45,0.05,-684.19,-0.11,4144.59,41.45
884,매수 청산,2023-12-08 15:50,XL2,2031.095,389.86,791620.4765,222.22,0.03,222.22,0.03,-614.03,-0.08,4366.81,43.67
884,매수 진입,2023-12-08 14:50,L2,2030.525,389.86,791620.4765,222.22,0.03,222.22,0.03,-614.03,-0.08,4366.81,43.67
885,매수 청산,2023-12-08 15:50,XL3,2031.095,501.25,1017514.944,571.42,0.06,571.42,0.06,-503.76,-0.05,4938.24,49.38
885,매수 진입,2023-12-08 14:50,L3,2029.955,501.25,1017514.944,571.42,0.06,571.42,0.06,-503.76,-0.05,4938.24,49.38
886,매수 청산,2023-12-08 15:50,XL4,2031.095,701.75,1424120.924,1199.99,0.08,1199.99,0.08,-305.26,-0.02,6138.23,61.38
886,매수 진입,2023-12-08 14:50,L4,2029.385,701.75,1424120.924,1199.99,0.08,1199.99,0.08,-305.26,-0.02,6138.23,61.38
887,매도 청산,2023-12-11 16:50,XS1,1994.635,35.54,71434.6892,545.36,0.76,545.36,0.76,-176.81,-0.25,6683.59,66.84
887,매도 진입,2023-12-09 00:10,S1,2009.98,35.54,71434.6892,545.36,0.76,545.36,0.76,-176.81,-0.25,6683.59,66.84
888,매도 청산,2023-12-11 22:50,XS1,1990.895,54.11,107909.1381,181.81,0.17,181.81,0.17,-138.52,-0.13,6865.4,68.65
888,매도 진입,2023-12-11 20:20,S1,1994.255,54.11,107909.1381,181.81,0.17,181.81,0.17,-138.52,-0.13,6865.4,68.65
889,매수 청산,2023-12-12 16:50,XL1,1987.69,178.25,354143.535,162.21,0.05,213.01,0.06,-211.23,-0.06,7027.61,70.28
889,매수 진입,2023-12-12 16:20,L1,1986.78,178.25,354143.535,162.21,0.05,213.01,0.06,-211.23,-0.06,7027.61,70.28
890,매수 청산,2023-12-12 16:50,XL2,1987.69,217.86,432617.6736,420.47,0.10,482.56,0.11,-35.95,-0.01,7448.08,74.48
890,매수 진입,2023-12-12 16:30,L2,1985.76,217.86,432617.6736,420.47,0.10,482.56,0.11,-35.95,-0.01,7448.08,74.48
891,매수 청산,2023-12-12 22:10,XL1,1991.09,73.16,145486.3418,181.8,0.12,181.8,0.12,-46.46,-0.03,7629.88,76.30
891,매수 진입,2023-12-12 21:40,L1,1988.605,73.16,145486.3418,181.8,0.12,181.8,0.12,-46.46,-0.03,7629.88,76.30
892,매도 청산,2023-12-13 21:00,반대신호정리,1982.895,50.36,99720.354,-138.24,-0.14,355.54,0.36,-176.26,-0.18,7491.64,74.92
892,매도 진입,2023-12-13 04:10,S1,1980.15,50.36,99720.354,-138.24,-0.14,355.54,0.36,-176.26,-0.18,7491.64,74.92
893,매수 청산,2023-12-14 16:50,XL1,2033.245,50.5,102678.8725,0,0.00,31.31,0.03,-198.46,-0.19,7491.64,74.92
893,매수 진입,2023-12-14 16:10,L1,2033.245,50.5,102678.8725,0,0.00,31.31,0.03,-198.46,-0.19,7491.64,74.92
894,매수 청산,2023-12-14 16:50,XL2,2033.245,61.72,125269.6894,222.19,0.18,222.19,0.18,-20.37,-0.02,7713.83,77.14
894,매수 진입,2023-12-14 16:30,L2,2029.645,61.72,125269.6894,222.19,0.18,222.19,0.18,-20.37,-0.02,7713.83,77.14
895,매도 청산,2023-12-15 15:00,XS1,2034.46,138.79,282180.8885,-181.81,-0.06,168.63,0.06,-611.37,-0.22,7532.02,75.32
895,매도 진입,2023-12-15 10:40,S1,2033.15,138.79,282180.8885,-181.81,-0.06,168.63,0.06,-611.37,-0.22,7532.02,75.32
896,매도 청산,2023-12-15 15:00,XS2,2034.46,169.63,345105.4498,0,0.00,67.85,0.02,-525,-0.15,7532.02,75.32
896,매도 진입,2023-12-15 11:10,S2,2034.46,169.63,345105.4498,0,0.00,67.85,0.02,-525,-0.15,7532.02,75.32
897,매도 청산,2023-12-15 15:00,XS3,2034.46,218.1,444001.437,285.71,0.06,372.95,0.08,-389.31,-0.09,7817.73,78.18
897,매도 진입,2023-12-15 11:20,S3,2035.77,218.1,444001.437,285.71,0.06,372.95,0.08,-389.31,-0.09,7817.73,78.18
898,매도 청산,2023-12-15 15:00,XS4,2034.46,305.34,622002.0072,799.99,0.13,922.13,0.15,-145.04,-0.02,8617.72,86.18
898,매도 진입,2023-12-15 11:20,S4,2037.08,305.34,622002.0072,799.99,0.13,922.13,0.15,-145.04,-0.02,8617.72,86.18
899,매수 청산,2023-12-15 21:00,XL1,2043.135,101.01,206195.2484,181.82,0.09,181.82,0.09,-28.79,-0.01,8799.54,88.00
899,매수 진입,2023-12-15 20:40,L1,2041.335,101.01,206195.2484,181.82,0.09,181.82,0.09,-28.79,-0.01,8799.54,88.00
900,매도 청산,2023-12-18 19:20,XS1,2020.815,49.81,100656.7952,0,0.00,236.6,0.24,-326.5,-0.32,8799.54,88.00
900,매도 진입,2023-12-16 05:30,S1,2020.815,49.81,100656.7952,0,0.00,236.6,0.24,-326.5,-0.32,8799.54,88.00
901,매도 청산,2023-12-18 19:20,XS2,2020.815,60.88,123249.4292,222.21,0.18,222.21,0.18,-176.86,-0.14,9021.75,90.22
901,매도 진입,2023-12-18 14:30,S2,2024.465,60.88,123249.4292,222.21,0.18,222.21,0.18,-176.86,-0.14,9021.75,90.22
902,매수 청산,2023-12-18 23:50,XL1,2023.965,118.06,238767.4955,181.81,0.08,194.8,0.08,-179.45,-0.08,9203.56,92.04
902,매수 진입,2023-12-18 23:20,L1,2022.425,118.06,238767.4955,181.81,0.08,194.8,0.08,-179.45,-0.08,9203.56,92.04
903,매수 청산,2023-12-19 15:30,XL1,2026.325,82.83,167840.4997,0,0.00,250.15,0.15,-378.95,-0.23,9203.56,92.04
903,매수 진입,2023-12-19 05:00,L1,2026.325,82.83,167840.4997,0,0.00,250.15,0.15,-378.95,-0.23,9203.56,92.04
904,매수 청산,2023-12-19 15:30,XL2,2026.325,101.24,204922.9212,222.22,0.11,222.22,0.11,-240.95,-0.12,9425.78,94.26
904,매수 진입,2023-12-19 11:10,L2,2024.13,101.24,204922.9212,222.22,0.11,222.22,0.11,-240.95,-0.12,9425.78,94.26
905,매수 청산,2023-12-19 15:30,XL3,2026.325,130.16,263175.0596,571.4,0.22,571.4,0.22,-24.08,-0.01,9997.19,99.97
905,매수 진입,2023-12-19 13:10,L3,2021.935,130.16,263175.0596,571.4,0.22,571.4,0.22,-24.08,-0.01,9997.19,99.97
906,매수 청산,2023-12-20 21:10,반대신호정리,2035.2,29.8,60816.138,-167.18,-0.27,185.36,0.30,-267.6,-0.44,9830.01,98.30
906,매수 진입,2023-12-20 00:50,L1,2040.81,29.8,60816.138,-167.18,-0.27,185.36,0.30,-267.6,-0.44,9830.01,98.30
907,매도 청산,2023-12-21 06:30,XS1,2028.665,64.93,132266.6305,545.41,0.41,545.41,0.41,-6.49,0.00,10375.42,103.75
907,매도 진입,2023-12-21 04:20,S1,2037.065,64.93,132266.6305,545.41,0.41,545.41,0.41,-6.49,0.00,10375.42,103.75
908,매수 청산,2023-12-27 01:20,반대신호정리,2057.64,32.46,66996.9531,-205.96,-0.31,38.14,0.06,-305.12,-0.46,10169.46,101.69
908,매수 진입,2023-12-26 14:20,L1,2063.985,32.46,66996.9531,-205.96,-0.31,38.14,0.06,-305.12,-0.46,10169.46,101.69
909,매수 청산,2023-12-27 01:20,반대신호정리,2057.64,39.68,81676.7168,-29.56,-0.04,64.88,0.08,-150.78,-0.18,10139.9,101.40
909,매수 진입,2023-12-26 23:30,L2,2058.385,39.68,81676.7168,-29.56,-0.04,64.88,0.08,-150.78,-0.18,10139.9,101.40
910,매수 청산,2023-12-28 00:30,XL1,2080.45,53.71,111195.5445,545.43,0.49,545.43,0.49,-69.82,-0.06,10685.33,106.85
910,매수 진입,2023-12-27 23:50,L1,2070.295,53.71,111195.5445,545.43,0.49,545.43,0.49,-69.82,-0.06,10685.33,106.85
911,매수 청산,2023-12-28 18:10,XL1,2074.225,85.36,178055.8384,-999.99,-0.56,222.36,0.12,-999.99,-0.56,9685.33,96.85
911,매수 진입,2023-12-28 11:40,L1,2085.94,85.36,178055.8384,-999.99,-0.56,222.36,0.12,-999.99,-0.56,9685.33,96.85
912,매수 청산,2023-12-28 18:10,XL2,2074.225,104.32,217383.0592,-999.91,-0.46,0,0.00,-999.91,-0.46,8685.43,86.85
912,매수 진입,2023-12-28 17:10,L2,2083.81,104.32,217383.0592,-999.91,-0.46,0,0.00,-999.91,-0.46,8685.43,86.85
913,매수 청산,2023-12-28 18:10,XL3,2074.225,134.13,279215.7384,-999.94,-0.36,46.27,0.02,-999.94,-0.36,7685.49,76.85
913,매수 진입,2023-12-28 17:10,L3,2081.68,134.13,279215.7384,-999.94,-0.36,46.27,0.02,-999.94,-0.36,7685.49,76.85
914,매수 청산,2023-12-28 18:10,XL4,2074.225,187.79,390518.6945,-999.98,-0.26,196.24,0.05,-999.98,-0.26,6685.51,66.86
914,매수 진입,2023-12-28 17:20,L4,2079.55,187.79,390518.6945,-999.98,-0.26,196.24,0.05,-999.98,-0.26,6685.51,66.86
915,매수 청산,2023-12-28 18:10,XL5,2074.225,312.98,650190.9116,-999.97,-0.15,428.78,0.07,-999.97,-0.15,5685.53,56.86
915,매수 진입,2023-12-28 17:20,L5,2077.42,312.98,650190.9116,-999.97,-0.15,428.78,0.07,-999.97,-0.15,5685.53,56.86
916,매수 청산,2023-12-28 18:10,XL6,2074.225,938.96,1948614.298,-999.99,-0.05,0,0.00,-999.99,-0.05,4685.54,46.86
916,매수 진입,2023-12-28 18:00,L6,2075.29,938.96,1948614.298,-999.99,-0.05,0,0.00,-999.99,-0.05,4685.54,46.86
917,매도 청산,2023-12-28 21:00,XS1,2074.8,82.45,171249.0623,181.8,0.11,181.8,0.11,0,0.00,4867.34,48.67
917,매도 진입,2023-12-28 20:40,S1,2077.005,82.45,171249.0623,181.8,0.11,181.8,0.11,0,0.00,4867.34,48.67
918,매도 청산,2023-12-29 00:20,XS1,2077.446,61.11,126852.7491,-99.98,-0.08,1.53,0.00,-328.47,-0.26,4767.37,47.67
918,매도 진입,2023-12-28 23:50,S1,2075.81,61.11,126852.7491,-99.98,-0.08,1.53,0.00,-328.47,-0.26,4767.37,47.67
919,매도 청산,2023-12-29 00:20,XS2,2077.446,74.69,155264.4516,100.01,0.06,100.01,0.06,-179.26,-0.12,4867.38,48.67
919,매도 진입,2023-12-28 23:50,S2,2078.785,74.69,155264.4516,100.01,0.06,100.01,0.06,-179.26,-0.12,4867.38,48.67
920,매도 청산,2023-12-29 00:20,XS2,2077.446,74.69,155386.7192,222.28,0.14,222.28,0.14,-56.99,-0.04,5089.66,50.90
920,매도 진입,2023-12-29 00:00,S2,2080.422,74.69,155386.7192,222.28,0.14,222.28,0.14,-56.99,-0.04,5089.66,50.90
921,매수 청산,2023-12-29 21:30,반대신호정리,2067.39,85.16,176446.8362,-387.9,-0.22,132.85,0.08,-854.15,-0.48,4701.75,47.02
921,매수 진입,2023-12-29 17:00,L1,2071.945,85.16,176446.8362,-387.9,-0.22,132.85,0.08,-854.15,-0.48,4701.75,47.02
922,매수 청산,2023-12-29 21:30,반대신호정리,2067.39,104.08,215425.8248,-251.87,-0.12,57.76,0.03,-821.71,-0.38,4449.88,44.50
922,매수 진입,2023-12-29 17:50,L2,2069.81,104.08,215425.8248,-251.87,-0.12,57.76,0.03,-821.71,-0.38,4449.88,44.50
923,매수 청산,2023-12-29 21:30,반대신호정리,2067.39,133.82,276696.2685,-38.14,-0.01,169.28,0.06,-770.8,-0.28,4411.74,44.12
923,매수 진입,2023-12-29 18:40,L3,2067.675,133.82,276696.2685,-38.14,-0.01,169.28,0.06,-770.8,-0.28,4411.74,44.12
924,매수 청산,2023-12-29 21:30,반대신호정리,2067.39,187.35,386978.919,346.6,0.09,636.99,0.16,-679.14,-0.18,4758.34,47.58
924,매수 진입,2023-12-29 18:50,L4,2065.54,187.35,386978.919,346.6,0.09,636.99,0.16,-679.14,-0.18,4758.34,47.58
925,매도 청산,2023-12-30 03:00,XS1,2065.105,58.84,121510.7782,0,0.00,193.58,0.16,-183.29,-0.15,4758.34,47.58
925,매도 진입,2023-12-29 23:50,S1,2065.105,58.84,121510.7782,0,0.00,193.58,0.16,-183.29,-0.15,4758.34,47.58
926,매도 청산,2023-12-30 03:00,XS2,2065.105,71.91,148723.9024,222.2,0.15,222.2,0.15,-1.8,0.00,4980.54,49.81
926,매도 진입,2023-12-30 02:40,S2,2068.195,71.91,148723.9024,222.2,0.15,222.2,0.15,-1.8,0.00,4980.54,49.81
927,매수 청산,2024-01-02 23:40,반대신호정리,2066.975,28.23,58427.0664,-76.36,-0.13,262.4,0.45,-139.46,-0.24,4904.18,49.04
927,매수 진입,2024-01-02 13:00,L1,2069.68,28.23,58427.0664,-76.36,-0.13,262.4,0.45,-139.46,-0.24,4904.18,49.04
928,매도 청산,2024-01-03 15:50,반대신호정리,2064.62,37.6,77424.98,-204.73,-0.26,14.36,0.02,-256.81,-0.33,4699.45,46.99
928,매도 진입,2024-01-03 06:50,S1,2059.175,37.6,77424.98,-204.73,-0.26,14.36,0.02,-256.81,-0.33,4699.45,46.99
929,매도 청산,2024-01-03 15:50,반대신호정리,2064.62,45.96,94861.8996,-28.04,-0.03,56.99,0.06,-91.69,-0.10,4671.41,46.71
929,매도 진입,2024-01-03 11:10,S2,2064.01,45.96,94861.8996,-28.04,-0.03,56.99,0.06,-91.69,-0.10,4671.41,46.71
930,매수 청산,2024-01-03 16:30,XL1,2062.16,286.32,590741.1504,-303.5,-0.05,147.45,0.02,-645.65,-0.11,4367.91,43.68
930,매수 진입,2024-01-03 16:10,L1,2063.22,286.32,590741.1504,-303.5,-0.05,147.45,0.02,-645.65,-0.11,4367.91,43.68
931,매수 청산,2024-01-03 16:30,XL2,2062.16,349.95,721801.6208,-148.73,-0.02,14,0.00,-566.92,-0.08,4219.18,42.19
931,매수 진입,2024-01-03 16:10,L2,2062.585,349.95,721801.6208,-148.73,-0.02,14,0.00,-566.92,-0.08,4219.18,42.19
932,매수 청산,2024-01-03 16:30,XL2,2062.16,349.95,721638.894,14,0.00,176.72,0.02,-404.19,-0.06,4233.18,42.33
932,매수 진입,2024-01-03 16:10,L2,2062.12,349.95,721638.894,14,0.00,176.72,0.02,-404.19,-0.06,4233.18,42.33
933,매수 청산,2024-01-03 16:30,XL2,2062.16,349.95,721586.0515,66.84,0.01,229.57,0.03,-351.35,-0.05,4300.02,43.00
933,매수 진입,2024-01-03 16:10,L2,2061.969,349.95,721586.0515,66.84,0.01,229.57,0.03,-351.35,-0.05,4300.02,43.00
934,매수 청산,2024-01-03 16:30,XL2,2062.16,349.95,721463.919,188.97,0.03,351.7,0.05,-229.22,-0.03,4488.99,44.89
934,매수 진입,2024-01-03 16:10,L2,2061.62,349.95,721463.919,188.97,0.03,351.7,0.05,-229.22,-0.03,4488.99,44.89
935,매수 청산,2024-01-03 16:30,XL2,2062.16,349.95,721468.4683,184.42,0.03,347.15,0.05,-233.77,-0.03,4673.42,46.73
935,매수 진입,2024-01-03 16:10,L2,2061.633,349.95,721468.4683,184.42,0.03,347.15,0.05,-233.77,-0.03,4673.42,46.73
936,매수 청산,2024-01-03 20:30,XL1,2050.47,96.71,199300.9351,-999.98,-0.50,91.87,0.05,-999.98,-0.50,3673.43,36.73
936,매수 진입,2024-01-03 17:30,L1,2060.81,96.71,199300.9351,-999.98,-0.50,91.87,0.05,-999.98,-0.50,3673.43,36.73
937,매수 청산,2024-01-04 18:00,XL1,2047.63,94.45,193216.8373,181.82,0.09,181.82,0.09,-18.42,-0.01,3855.25,38.55
937,매수 진입,2024-01-04 17:40,L1,2045.705,94.45,193216.8373,181.82,0.09,181.82,0.09,-18.42,-0.01,3855.25,38.55
938,매수 청산,2024-01-05 13:30,XL1,2046.115,158.79,324840.6727,61.93,0.02,118.3,0.04,-188.17,-0.06,3917.18,39.17
938,매수 진입,2024-01-05 12:20,L1,2045.725,158.79,324840.6727,61.93,0.02,118.3,0.04,-188.17,-0.06,3917.18,39.17
939,매수 청산,2024-01-05 13:30,XL2,2046.115,194.08,396812.0864,297.91,0.08,366.81,0.09,-7.76,0.00,4215.09,42.15
939,매수 진입,2024-01-05 13:10,L2,2044.58,194.08,396812.0864,297.91,0.08,366.81,0.09,-7.76,0.00,4215.09,42.15
940,매도 청산,2024-01-05 18:50,XS1,2040.525,83.78,171136.9871,181.8,0.11,181.8,0.11,-36.44,-0.02,4396.89,43.97
940,매도 진입,2024-01-05 18:20,S1,2042.695,83.78,171136.9871,181.8,0.11,181.8,0.11,-36.44,-0.02,4396.89,43.97
941,매수 청산,2024-01-08 14:30,XL1,2033.017,77.53,158619.79,-999.98,-0.63,59.7,0.04,-999.98,-0.63,3396.91,33.97
941,매수 진입,2024-01-08 10:10,L1,2045.915,77.53,158619.79,-999.98,-0.63,59.7,0.04,-999.98,-0.63,3396.91,33.97
942,매수 청산,2024-01-08 14:30,XL2,2033.017,94.76,193648.6932,-1000,-0.52,63.49,0.03,-1000,-0.52,2396.91,23.97
942,매수 진입,2024-01-08 10:40,L2,2043.57,94.76,193648.6932,-1000,-0.52,63.49,0.03,-1000,-0.52,2396.91,23.97
943,매수 청산,2024-01-08 14:30,XL3,2033.017,121.83,248682.4417,-999.98,-0.40,1.22,0.00,-999.98,-0.40,1396.93,13.97
943,매수 진입,2024-01-08 12:00,L3,2041.225,121.83,248682.4417,-999.98,-0.40,1.22,0.00,-999.98,-0.40,1396.93,13.97
944,매도 청산,2024-01-10 10:10,XS1,2027.61,63.79,129341.2419,0,0.00,7.65,0.01,-234.43,-0.18,1396.93,13.97
944,매도 진입,2024-01-10 03:40,S1,2027.61,63.79,129341.2419,0,0.00,7.65,0.01,-234.43,-0.18,1396.93,13.97
945,매도 청산,2024-01-10 10:10,XS2,2027.61,77.97,158314.9662,222.21,0.14,222.21,0.14,-64.33,-0.04,1619.14,16.19
945,매도 진입,2024-01-10 05:00,S2,2030.46,77.97,158314.9662,222.21,0.14,222.21,0.14,-64.33,-0.04,1619.14,16.19
946,매도 청산,2024-01-10 17:00,XS1,2033.245,197.62,400809.9197,-999.96,-0.25,125.49,0.03,-999.96,-0.25,619.19,6.19
946,매도 진입,2024-01-10 16:20,S1,2028.185,197.62,400809.9197,-999.96,-0.25,125.49,0.03,-999.96,-0.25,619.19,6.19
947,매도 청산,2024-01-10 17:00,XS2,2033.245,241.54,490110.0217,-999.98,-0.20,113.52,0.02,-999.98,-0.20,-380.79,-3.81
947,매도 진입,2024-01-10 16:30,S2,2029.105,241.54,490110.0217,-999.98,-0.20,113.52,0.02,-999.98,-0.20,-380.79,-3.81
948,매도 청산,2024-01-10 17:00,XS3,2033.245,310.55,630424.2638,-999.97,-0.16,135.09,0.02,-999.97,-0.16,-1380.76,-13.81
948,매도 진입,2024-01-10 16:30,S3,2030.025,310.55,630424.2638,-999.97,-0.16,135.09,0.02,-999.97,-0.16,-1380.76,-13.81
949,매도 청산,2024-01-10 17:00,XS4,2033.245,434.78,883014.2671,-999.99,-0.11,271.74,0.03,-999.99,-0.11,-2380.75,-23.81
949,매도 진입,2024-01-10 16:40,S4,2030.945,434.78,883014.2671,-999.99,-0.11,271.74,0.03,-999.99,-0.11,-2380.75,-23.81
950,매도 청산,2024-01-10 17:00,XS5,2033.245,724.63,1472350.335,-999.99,-0.07,634.05,0.04,-999.99,-0.07,-3380.74,-33.81
950,매도 진입,2024-01-10 17:00,S5,2031.865,724.63,1472350.335,-999.99,-0.07,634.05,0.04,-999.99,-0.07,-3380.74,-33.81
951,매도 청산,2024-01-10 17:00,XS6,2033.245,2173.91,4419091.639,-1000,-0.02,0,0.00,-1000,-0.02,-4380.74,-43.81
951,매도 진입,2024-01-10 17:00,S6,2032.785,2173.91,4419091.639,-1000,-0.02,0,0.00,-1000,-0.02,-4380.74,-43.81
952,매수 청산,2024-01-11 00:40,반대신호정리,2028.145,42.03,85525.1658,-282.23,-0.33,35.73,0.04,-420.09,-0.49,-4662.97,-46.63
952,매수 진입,2024-01-10 20:00,L1,2034.86,42.03,85525.1658,-282.23,-0.33,35.73,0.04,-420.09,-0.49,-4662.97,-46.63
953,매수 청산,2024-01-11 00:40,반대신호정리,2028.145,51.38,104328.8883,-122.8,-0.12,182.66,0.18,-291.32,-0.28,-4785.77,-47.86
953,매수 진입,2024-01-10 22:00,L2,2030.535,51.38,104328.8883,-122.8,-0.12,182.66,0.18,-291.32,-0.28,-4785.77,-47.86
954,매수 청산,2024-01-11 00:40,반대신호정리,2028.145,66.06,133851.4326,127.83,0.10,200.16,0.15,-88.85,-0.07,-4657.95,-46.58
954,매수 진입,2024-01-11 00:00,L3,2026.21,66.06,133851.4326,127.83,0.10,200.16,0.15,-88.85,-0.07,-4657.95,-46.58
955,매도 청산,2024-01-11 17:10,반대신호정리,2032.36,43.13,87428.823,-226.86,-0.26,283.58,0.32,-375.66,-0.43,-4884.81,-48.85
955,매도 진입,2024-01-11 02:00,S1,2027.1,43.13,87428.823,-226.86,-0.26,283.58,0.32,-375.66,-0.43,-4884.81,-48.85
956,매도 청산,2024-01-11 17:10,반대신호정리,2032.36,52.72,107090.9268,-55.09,-0.05,130.48,0.12,-236.98,-0.22,-4939.9,-49.40
956,매도 진입,2024-01-11 11:10,S2,2031.315,52.72,107090.9268,-55.09,-0.05,130.48,0.12,-236.98,-0.22,-4939.9,-49.40
957,매수 청산,2024-01-11 21:00,XL1,2034.73,74.51,151425.9279,181.8,0.12,181.8,0.12,-26.82,-0.02,-4758.1,-47.58
957,매수 진입,2024-01-11 20:10,L1,2032.29,74.51,151425.9279,181.8,0.12,181.8,0.12,-26.82,-0.02,-4758.1,-47.58
958,매수 청산,2024-01-11 22:20,XL1,2034.915,74.51,151439.7123,181.8,0.12,181.8,0.12,-21.24,-0.01,-4576.29,-45.76
958,매수 진입,2024-01-11 22:00,L1,2032.475,74.51,151439.7123,181.8,0.12,181.8,0.12,-21.24,-0.01,-4576.29,-45.76
959,매도 청산,2024-01-12 10:10,반대신호정리,2031.55,28.47,57428.5452,-409.68,-0.71,0,0.00,-525.56,-0.92,-4985.98,-49.86
959,매도 진입,2024-01-12 04:00,S1,2017.16,28.47,57428.5452,-409.68,-0.71,0,0.00,-525.56,-0.92,-4985.98,-49.86
960,매도 청산,2024-01-12 10:10,반대신호정리,2031.55,34.8,70419.366,-278.57,-0.40,5.05,0.01,-420.21,-0.60,-5264.55,-52.65
960,매도 진입,2024-01-12 04:20,S2,2023.545,34.8,70419.366,-278.57,-0.40,5.05,0.01,-420.21,-0.60,-5264.55,-52.65
961,매도 청산,2024-01-12 10:10,반대신호정리,2031.55,44.74,90819.0682,-72.48,-0.08,1.57,0.00,-254.57,-0.28,-5337.03,-53.37
961,매도 진입,2024-01-12 08:00,S3,2029.93,44.74,90819.0682,-72.48,-0.08,1.57,0.00,-254.57,-0.28,-5337.03,-53.37
962,매수 청산,2024-01-12 18:10,XL1,2039.68,82.83,168764.8825,181.81,0.11,181.81,0.11,-20.29,-0.01,-5155.22,-51.55
962,매수 진입,2024-01-12 17:50,L1,2037.485,82.83,168764.8825,181.81,0.11,181.81,0.11,-20.29,-0.01,-5155.22,-51.55
963,매수 청산,2024-01-15 13:20,XL2,2054.105,110.86,227899.8907,-181.81,-0.08,23.83,0.01,-181.81,-0.08,-5337.03,-53.37
963,매수 진입,2024-01-15 13:10,L1,2055.745,110.86,227899.8907,-181.81,-0.08,23.83,0.01,-181.81,-0.08,-5337.03,-53.37
964,매수 청산,2024-01-15 13:20,XL2,2054.105,24.64,50613.1472,0,0.00,0,0.00,0,0.00,-5337.03,-53.37
964,매수 진입,2024-01-15 13:20,L2,2054.105,24.64,50613.1472,0,0.00,0,0.00,0,0.00,-5337.03,-53.37
965,매수 청산,2024-01-16 02:20,XL1,2055.745,110.86,227718.0803,181.81,0.08,506.08,0.22,-531.02,-0.23,-5155.22,-51.55
965,매수 진입,2024-01-15 13:20,L2,2054.105,110.86,227718.0803,181.81,0.08,506.08,0.22,-531.02,-0.23,-5155.22,-51.55
966,매수 청산,2024-01-16 02:20,XL3,2055.745,174.21,357559.9277,571.41,0.16,571.41,0.16,-548.76,-0.15,-4583.81,-45.84
966,매수 진입,2024-01-15 19:20,L3,2052.465,174.21,357559.9277,571.41,0.16,571.41,0.16,-548.76,-0.15,-4583.81,-45.84
967,매수 청산,2024-01-16 02:20,XL4,2055.745,243.9,500196.2175,1199.99,0.24,1199.99,0.24,-368.29,-0.07,-3383.82,-33.84
967,매수 진입,2024-01-16 00:00,L4,2050.825,243.9,500196.2175,1199.99,0.24,1199.99,0.24,-368.29,-0.07,-3383.82,-33.84
968,매도 청산,2024-01-17 17:00,XS1,2026.573,130.33,263123.237,-1000.02,-0.38,124.47,0.05,-1000.02,-0.38,-4383.84,-43.84
968,매도 진입,2024-01-17 15:50,S1,2018.9,130.33,263123.237,-1000.02,-0.38,124.47,0.05,-1000.02,-0.38,-4383.84,-43.84
969,매도 청산,2024-01-17 17:00,XS2,2026.573,159.29,321812.7905,-1000.02,-0.31,162.48,0.05,-1000.02,-0.31,-5383.86,-53.84
969,매도 진입,2024-01-17 16:20,S2,2020.295,159.29,321812.7905,-1000.02,-0.31,162.48,0.05,-1000.02,-0.31,-5383.86,-53.84
970,매도 청산,2024-01-17 17:00,XS3,2026.573,204.81,414062.3289,-1000.09,-0.24,152.58,0.04,-1000.09,-0.24,-6383.95,-63.84
970,매도 진입,2024-01-17 16:30,S3,2021.69,204.81,414062.3289,-1000.09,-0.24,152.58,0.04,-1000.09,-0.24,-6383.95,-63.84
971,매도 청산,2024-01-17 17:00,XS4,2026.573,286.73,580079.1621,-1000.11,-0.17,0,0.00,-1000.11,-0.17,-7384.07,-73.84
971,매도 진입,2024-01-17 16:40,S4,2023.085,286.73,580079.1621,-1000.11,-0.17,0,0.00,-1000.11,-0.17,-7384.07,-73.84
972,매도 청산,2024-01-17 17:00,XS5,2026.573,477.89,967478.7472,-1000.22,-0.10,399.04,0.04,-1000.22,-0.10,-8384.29,-83.84
972,매도 진입,2024-01-17 16:40,S5,2024.48,477.89,967478.7472,-1000.22,-0.10,399.04,0.04,-1000.22,-0.10,-8384.29,-83.84
973,매도 청산,2024-01-17 17:00,XS6,2026.573,1433.69,2904476.729,-1000.72,-0.03,2200.71,0.08,-1000.72,-0.03,-9385.01,-93.85
973,매도 진입,2024-01-17 16:50,S6,2025.875,1433.69,2904476.729,-1000.72,-0.03,2200.71,0.08,-1000.72,-0.03,-9385.01,-93.85
974,매도 청산,2024-01-18 21:00,반대신호정리,2012.66,50.85,102263.418,-80.34,-0.08,467.06,0.46,-158.91,-0.16,-9465.35,-94.65
974,매도 진입,2024-01-18 01:10,S1,2011.08,50.85,102263.418,-80.34,-0.08,467.06,0.46,-158.91,-0.16,-9465.35,-94.65
975,매수 청산,2024-01-19 19:00,XL1,2030.03,114.35,231952.114,181.82,0.08,181.82,0.08,-87.48,-0.04,-9283.53,-92.84
975,매수 진입,2024-01-19 18:40,L1,2028.44,114.35,231952.114,181.82,0.08,181.82,0.08,-87.48,-0.04,-9283.53,-92.84
976,매수 청산,2024-01-22 17:30,반대신호정리,2025.24,46.44,94199.8248,-147.68,-0.16,174.38,0.19,-430.73,-0.46,-9431.21,-94.31
976,매수 진입,2024-01-20 05:30,L1,2028.42,46.44,94199.8248,-147.68,-0.16,174.38,0.19,-430.73,-0.46,-9431.21,-94.31
977,매도 청산,2024-01-22 22:30,XS1,2023.145,83.78,169499.0881,0,0.00,73.73,0.04,-589.39,-0.35,-9431.21,-94.31
977,매도 진입,2024-01-22 19:20,S1,2023.145,83.78,169499.0881,0,0.00,73.73,0.04,-589.39,-0.35,-9431.21,-94.31
978,매도 청산,2024-01-22 22:30,XS2,2023.145,102.4,207392.256,222.21,0.11,222.21,0.11,-498.18,-0.24,-9209,-92.09
978,매도 진입,2024-01-22 20:30,S2,2025.315,102.4,207392.256,222.21,0.11,222.21,0.11,-498.18,-0.24,-9209,-92.09
979,매도 청산,2024-01-22 22:30,XS3,2023.145,131.66,266938.6751,571.4,0.21,571.4,0.21,-354.82,-0.13,-8637.6,-86.38
979,매도 진입,2024-01-22 21:10,S3,2027.485,131.66,266938.6751,571.4,0.21,571.4,0.21,-354.82,-0.13,-8637.6,-86.38
980,매도 청산,2024-01-22 22:30,XS4,2023.145,184.33,374126.3062,1199.99,0.32,1199.99,0.32,-96.77,-0.03,-7437.61,-74.38
980,매도 진입,2024-01-22 21:40,S4,2029.655,184.33,374126.3062,1199.99,0.32,1199.99,0.32,-96.77,-0.03,-7437.61,-74.38
981,매도 청산,2024-01-23 19:50,반대신호정리,2025.715,49.95,101140.0088,-44.46,-0.04,280.72,0.28,-656.84,-0.65,-7482.07,-74.82
981,매도 진입,2024-01-23 00:20,S1,2024.825,49.95,101140.0088,-44.46,-0.04,280.72,0.28,-656.84,-0.65,-7482.07,-74.82
982,매수 청산,2024-01-23 21:50,XL1,2025.865,78.87,159598.1772,181.8,0.11,181.8,0.11,-80.45,-0.05,-7300.27,-73.00
982,매수 진입,2024-01-23 20:30,L1,2023.56,78.87,159598.1772,181.8,0.11,181.8,0.11,-80.45,-0.05,-7300.27,-73.00
983,매수 청산,2024-01-24 04:20,반대신호정리,2028.39,44.45,89971.91175,190.02,0.21,196.25,0.22,-109.79,-0.12,-7110.25,-71.10
983,매수 진입,2024-01-23 23:40,L1,2024.115,44.45,89971.91175,190.02,0.21,196.25,0.22,-109.79,-0.12,-7110.25,-71.10
984,매도 청산,2024-01-24 14:20,XS1,2022.925,203.14,411482.4154,545.43,0.13,545.43,0.13,-36.57,-0.01,-6564.82,-65.65
984,매도 진입,2024-01-24 12:50,S1,2025.61,203.14,411482.4154,545.43,0.13,545.43,0.13,-36.57,-0.01,-6564.82,-65.65
985,매도 청산,2024-01-24 16:40,XS1,2030.675,203.14,411411.3164,-1100,-0.27,92.43,0.02,-1100,-0.27,-7664.82,-76.65
985,매도 진입,2024-01-24 15:20,S1,2025.26,203.14,411411.3164,-1100,-0.27,92.43,0.02,-1100,-0.27,-7664.82,-76.65
986,매도 청산,2024-01-24 16:40,XS2,2030.675,248.29,503074.0249,-1122.27,-0.22,99.32,0.02,-1122.27,-0.22,-8787.09,-87.87
986,매도 진입,2024-01-24 15:20,S2,2026.155,248.29,503074.0249,-1122.27,-0.22,99.32,0.02,-1122.27,-0.22,-8787.09,-87.87
987,매도 청산,2024-01-24 16:40,XS2,2030.675,248.29,503196.4319,-999.86,-0.20,198.14,0.04,-999.86,-0.20,-9786.95,-97.87
987,매도 진입,2024-01-24 15:30,S2,2026.648,248.29,503196.4319,-999.86,-0.20,198.14,0.04,-999.86,-0.20,-9786.95,-97.87
988,매도 청산,2024-01-24 16:40,XS3,2030.675,319.23,647252.5519,-999.83,-0.15,540.46,0.08,-999.83,-0.15,-10786.78,-107.87
988,매도 진입,2024-01-24 15:30,S3,2027.543,319.23,647252.5519,-999.83,-0.15,540.46,0.08,-999.83,-0.15,-10786.78,-107.87
989,매도 청산,2024-01-24 16:40,XS4,2030.675,446.92,906549.511,-999.76,-0.11,430.38,0.05,-999.76,-0.11,-11786.54,-117.87
989,매도 진입,2024-01-24 16:10,S4,2028.438,446.92,906549.511,-999.76,-0.11,430.38,0.05,-999.76,-0.11,-11786.54,-117.87
990,매도 청산,2024-01-24 16:40,XS5,2030.675,744.87,1511589.272,-999.62,-0.07,627.93,0.04,-999.62,-0.07,-12786.16,-127.86
990,매도 진입,2024-01-24 16:30,S5,2029.333,744.87,1511589.272,-999.62,-0.07,627.93,0.04,-999.62,-0.07,-12786.16,-127.86
991,매도 청산,2024-01-24 16:40,XS6,2030.675,2234.63,4536808.396,-998.88,-0.02,0,0.00,-998.88,-0.02,-13785.04,-137.85
991,매도 진입,2024-01-24 16:40,S6,2030.228,2234.63,4536808.396,-998.88,-0.02,0,0.00,-998.88,-0.02,-13785.04,-137.85
992,매도 청산,2024-01-25 20:40,반대신호정리,2016.815,26.73,53816.0436,-93.42,-0.17,39.69,0.07,-168.13,-0.31,-13878.46,-138.78
992,매도 진입,2024-01-25 05:10,S1,2013.32,26.73,53816.0436,-93.42,-0.17,39.69,0.07,-168.13,-0.31,-13878.46,-138.78
993,매수 청산,2024-01-26 05:10,반대신호정리,2017.52,45.51,91923.14595,-105.81,-0.12,83.28,0.09,-332.22,-0.36,-13984.27,-139.84
993,매수 진입,2024-01-26 00:30,L1,2019.845,45.51,91923.14595,-105.81,-0.12,83.28,0.09,-332.22,-0.36,-13984.27,-139.84
994,매수 청산,2024-01-26 05:10,반대신호정리,2017.52,55.62,112121.577,92.89,0.08,156.29,0.14,-183.82,-0.16,-13891.38,-138.91
994,매수 진입,2024-01-26 01:30,L2,2015.85,55.62,112121.577,92.89,0.08,156.29,0.14,-183.82,-0.16,-13891.38,-138.91
995,매도 청산,2024-01-29 09:30,XS1,2020.01,55.77,112519.8789,-136.08,-0.12,87.84,0.08,-620.72,-0.55,-14027.46,-140.27
995,매도 진입,2024-01-27 00:50,S1,2017.57,55.77,112519.8789,-136.08,-0.12,87.84,0.08,-620.72,-0.55,-14027.46,-140.27
996,매도 청산,2024-01-29 09:30,XS2,2020.01,68.16,137739.7728,55.89,0.04,96.11,0.07,-536.42,-0.39,-13971.57,-139.72
996,매도 진입,2024-01-29 08:00,S2,2020.83,68.16,137739.7728,55.89,0.04,96.11,0.07,-536.42,-0.39,-13971.57,-139.72
997,매도 청산,2024-01-29 09:30,XS3,2020.01,87.64,177391.2476,357.57,0.20,409.28,0.23,-404.02,-0.23,-13614,-136.14
997,매도 진입,2024-01-29 08:00,S3,2024.09,87.64,177391.2476,357.57,0.20,409.28,0.23,-404.02,-0.23,-13614,-136.14
998,매도 청산,2024-01-29 09:30,XS4,2020.01,122.69,248735.5715,900.54,0.36,972.93,0.39,-165.63,-0.07,-12713.46,-127.13
998,매도 진입,2024-01-29 08:20,S4,2027.35,122.69,248735.5715,900.54,0.36,972.93,0.39,-165.63,-0.07,-12713.46,-127.13
999,매수 청산,2024-01-29 22:20,XL1,2031.01,68.48,139083.5648,0,0.00,17.8,0.01,-373.56,-0.27,-12713.46,-127.13
999,매수 진입,2024-01-29 18:10,L1,2031.01,68.48,139083.5648,0,0.00,17.8,0.01,-373.56,-0.27,-12713.46,-127.13
1000,매수 청산,2024-01-29 22:20,XL2,2031.01,83.69,169753.0299,222.2,0.13,222.2,0.13,-234.33,-0.14,-12491.26,-124.91
1000,매수 진입,2024-01-29 18:50,L2,2028.355,83.69,169753.0299,222.2,0.13,222.2,0.13,-234.33,-0.14,-12491.26,-124.91
1001,매수 청산,2024-01-29 22:20,XL3,2031.01,107.61,217985.577,571.41,0.26,571.41,0.26,-15.6,-0.01,-11919.85,-119.20
1001,매수 진입,2024-01-29 19:40,L3,2025.7,107.61,217985.577,571.41,0.26,571.41,0.26,-15.6,-0.01,-11919.85,-119.20
1002,매수 청산,2024-01-30 20:20,XL1,2031.757,137.22,279797.7549,-1000.06,-0.36,62.44,0.02,-1000.06,-0.36,-12919.91,-129.20
1002,매수 진입,2024-01-30 17:20,L1,2039.045,137.22,279797.7549,-1000.06,-0.36,62.44,0.02,-1000.06,-0.36,-12919.91,-129.20
1003,매수 청산,2024-01-30 20:20,XL2,2031.757,167.71,341746.0212,-1000.05,-0.29,202.93,0.06,-1000.05,-0.29,-13919.96,-139.20
1003,매수 진입,2024-01-30 17:30,L2,2037.72,167.71,341746.0212,-1000.05,-0.29,202.93,0.06,-1000.05,-0.29,-13919.96,-139.20
1004,매수 청산,2024-01-30 20:20,XL3,2031.757,215.63,439107.8539,-1000.09,-0.23,215.63,0.05,-1000.09,-0.23,-14920.06,-149.20
1004,매수 진입,2024-01-30 18:40,L3,2036.395,215.63,439107.8539,-1000.09,-0.23,215.63,0.05,-1000.09,-0.23,-14920.06,-149.20
1005,매수 청산,2024-01-30 20:20,XL4,2031.757,301.88,614346.9316,-1000.13,-0.16,701.87,0.11,-1000.13,-0.16,-15920.18,-159.20
1005,매수 진입,2024-01-30 18:50,L4,2035.07,301.88,614346.9316,-1000.13,-0.16,701.87,0.11,-1000.13,-0.16,-15920.18,-159.20
1006,매수 청산,2024-01-30 20:20,XL5,2031.757,503.14,1023258.459,-1000.24,-0.10,339.62,0.03,-1000.24,-0.10,-16920.43,-169.20
1006,매수 진입,2024-01-30 20:20,L5,2033.745,503.14,1023258.459,-1000.24,-0.10,339.62,0.03,-1000.24,-0.10,-16920.43,-169.20
1007,매수 청산,2024-01-30 20:20,XL6,2031.757,1509.43,3067795.721,-1000.75,-0.03,0,0.00,-1000.75,-0.03,-17921.18,-179.21
1007,매수 진입,2024-01-30 20:20,L6,2032.42,1509.43,3067795.721,-1000.75,-0.03,0,0.00,-1000.75,-0.03,-17921.18,-179.21
1008,매도 청산,2024-01-31 15:20,XS1,2034.785,298.06,606595.3187,107.3,0.02,126.68,0.02,-223.54,-0.04,-17813.88,-178.14
1008,매도 진입,2024-01-31 15:00,S1,2035.145,298.06,606595.3187,107.3,0.02,126.68,0.02,-223.54,-0.04,-17813.88,-178.14
1009,매도 청산,2024-01-31 15:20,XS2,2034.785,364.29,741605.189,353.36,0.05,377.04,0.05,-51,-0.01,-17460.52,-174.61
1009,매도 진입,2024-01-31 15:00,S2,2035.755,364.29,741605.189,353.36,0.05,377.04,0.05,-51,-0.01,-17460.52,-174.61
1010,매도 청산,2024-01-31 16:40,XS1,2036.429,298.06,606696.6591,-281.37,-0.05,10.43,0.00,-967.2,-0.16,-17741.88,-177.42
1010,매도 진입,2024-01-31 16:10,S1,2035.485,298.06,606696.6591,-281.37,-0.05,10.43,0.00,-967.2,-0.16,-17741.88,-177.42
1011,매도 청산,2024-01-31 16:40,XS2,2036.429,364.29,741729.0476,-121.67,-0.02,0,0.00,-959.9,-0.13,-17863.56,-178.64
1011,매도 진입,2024-01-31 16:10,S2,2036.095,364.29,741729.0476,-121.67,-0.02,0,0.00,-959.9,-0.13,-17863.56,-178.64
1012,매도 청산,2024-01-31 16:40,XS2,2036.429,364.29,741851.449,0.73,0.00,4.01,0.00,-837.5,-0.11,-17862.83,-178.63
1012,매도 진입,2024-01-31 16:10,S2,2036.431,364.29,741851.449,0.73,0.00,4.01,0.00,-837.5,-0.11,-17862.83,-178.63
1013,매도 청산,2024-01-31 16:40,XS2,2036.429,364.29,741930.4999,79.78,0.01,79.78,0.01,-758.45,-0.10,-17783.05,-177.83
1013,매도 진입,2024-01-31 16:10,S2,2036.648,364.29,741930.4999,79.78,0.01,79.78,0.01,-758.45,-0.10,-17783.05,-177.83
1014,매도 청산,2024-01-31 16:40,XS2,2036.429,364.29,741989.5149,138.79,0.02,138.79,0.02,-699.44,-0.09,-17644.25,-176.44
1014,매도 진입,2024-01-31 16:10,S2,2036.81,364.29,741989.5149,138.79,0.02,138.79,0.02,-699.44,-0.09,-17644.25,-176.44
1015,매도 청산,2024-01-31 16:40,XS2,2036.429,364.29,742035.0512,184.33,0.02,184.33,0.02,-653.9,-0.09,-17459.92,-174.60
1015,매도 진입,2024-01-31 16:10,S2,2036.935,364.29,742035.0512,184.33,0.02,184.33,0.02,-653.9,-0.09,-17459.92,-174.60
1016,매수 청산,2024-01-31 20:10,XL1,2038.725,120.01,244485.5721,181.82,0.07,217.82,0.09,-71.41,-0.03,-17278.11,-172.78
1016,매수 진입,2024-01-31 19:50,L1,2037.21,120.01,244485.5721,181.82,0.07,217.82,0.09,-71.41,-0.03,-17278.11,-172.78
1017,매수 청산,2024-01-31 21:20,XL1,2039.175,120.01,244539.5766,181.82,0.07,181.82,0.07,-78.01,-0.03,-17096.29,-170.96
1017,매수 진입,2024-01-31 20:50,L1,2037.66,120.01,244539.5766,181.82,0.07,181.82,0.07,-78.01,-0.03,-17096.29,-170.96
1018,매수 청산,2024-02-01 21:00,반대신호정리,2033.52,46.08,94300.8768,-596.28,-0.63,30.87,0.03,-755.25,-0.80,-17692.57,-176.93
1018,매수 진입,2024-02-01 12:20,L1,2046.46,46.08,94300.8768,-596.28,-0.63,30.87,0.03,-755.25,-0.80,-17692.57,-176.93
1019,매수 청산,2024-02-01 21:00,반대신호정리,2033.52,56.33,115054.87,-506.69,-0.44,99.14,0.09,-701.03,-0.61,-18199.26,-181.99
1019,매수 진입,2024-02-01 15:20,L2,2042.515,56.33,115054.87,-506.69,-0.44,99.14,0.09,-701.03,-0.61,-18199.26,-181.99
1020,매도 청산,2024-02-05 09:30,XS1,2034.785,48.74,99175.4209,0,0.00,302.43,0.30,-367.01,-0.37,-18199.26,-181.99
1020,매도 진입,2024-02-02 23:50,S1,2034.785,48.74,99175.4209,0,0.00,302.43,0.30,-367.01,-0.37,-18199.26,-181.99
1021,매도 청산,2024-02-05 09:30,XS2,2034.785,59.57,121434.3386,222.2,0.18,222.2,0.18,-226.37,-0.19,-17977.06,-179.77
1021,매도 진입,2024-02-03 03:40,S2,2038.515,59.57,121434.3386,222.2,0.18,222.2,0.18,-226.37,-0.19,-17977.06,-179.77
1022,매도 청산,2024-02-05 09:30,XS3,2034.785,76.59,156415.5445,571.36,0.37,571.36,0.37,-5.36,0.00,-17405.7,-174.06
1022,매도 진입,2024-02-05 08:00,S3,2042.245,76.59,156415.5445,571.36,0.37,571.36,0.37,-5.36,0.00,-17405.7,-174.06
1023,매도 청산,2024-02-05 17:00,XS1,2026.065,50.29,102436.2039,545.4,0.53,545.4,0.53,-96.56,-0.09,-16860.3,-168.60
1023,매도 진입,2024-02-05 10:40,S1,2036.91,50.29,102436.2039,545.4,0.53,545.4,0.53,-96.56,-0.09,-16860.3,-168.60
1024,매수 청산,2024-02-06 14:30,XL1,2027.705,202.02,409636.9641,0,0.00,0,0.00,-840.4,-0.21,-16860.3,-168.60
1024,매수 진입,2024-02-06 10:50,L1,2027.705,202.02,409636.9641,0,0.00,0,0.00,-840.4,-0.21,-16860.3,-168.60
1025,매수 청산,2024-02-06 14:30,XL2,2027.705,246.91,500438.4226,222.22,0.04,222.22,0.04,-804.93,-0.16,-16638.09,-166.38
1025,매수 진입,2024-02-06 11:00,L2,2026.805,246.91,500438.4226,222.22,0.04,222.22,0.04,-804.93,-0.16,-16638.09,-166.38
1026,매수 청산,2024-02-06 14:30,XL3,2027.705,317.46,643143.8013,571.43,0.09,571.43,0.09,-749.21,-0.12,-16066.66,-160.67
1026,매수 진입,2024-02-06 11:00,L3,2025.905,317.46,643143.8013,571.43,0.09,571.43,0.09,-749.21,-0.12,-16066.66,-160.67
1027,매수 청산,2024-02-06 14:30,XL4,2027.705,444.44,899993.2222,1199.99,0.13,1199.99,0.13,-648.88,-0.07,-14866.67,-148.67
1027,매수 진입,2024-02-06 12:10,L4,2025.005,444.44,899993.2222,1199.99,0.13,1199.99,0.13,-648.88,-0.07,-14866.67,-148.67
1028,매수 청산,2024-02-06 14:30,XL5,2027.705,740.74,1499335.538,2666.66,0.18,2666.66,0.18,-414.81,-0.03,-12200.01,-122.00
1028,매수 진입,2024-02-06 12:10,L5,2024.105,740.74,1499335.538,2666.66,0.18,2666.66,0.18,-414.81,-0.03,-12200.01,-122.00
1029,매수 청산,2024-02-06 19:10,XL1,2025.635,130.8,264953.058,0,0.00,102.68,0.04,-347.93,-0.13,-12200.01,-122.00
1029,매수 진입,2024-02-06 17:10,L1,2025.635,130.8,264953.058,0,0.00,102.68,0.04,-347.93,-0.13,-12200.01,-122.00
1030,매수 청산,2024-02-06 19:10,XL2,2025.635,159.87,323616.0481,222.22,0.07,222.22,0.07,-203.03,-0.06,-11977.79,-119.78
1030,매수 진입,2024-02-06 17:50,L2,2024.245,159.87,323616.0481,222.22,0.07,222.22,0.07,-203.03,-0.06,-11977.79,-119.78
1031,매수 청산,2024-02-07 00:10,XL1,2035.87,78.2,158659.589,545.45,0.34,545.45,0.34,-9.38,-0.01,-11432.34,-114.32
1031,매수 진입,2024-02-06 23:40,L1,2028.895,78.2,158659.589,545.45,0.34,545.45,0.34,-9.38,-0.01,-11432.34,-114.32
1032,매수 청산,2024-02-07 16:10,XL1,2035.18,78.2,159151.076,0,0.00,143.89,0.09,-210.75,-0.13,-11432.34,-114.32
1032,매수 진입,2024-02-07 03:30,L1,2035.18,78.2,159151.076,0,0.00,143.89,0.09,-210.75,-0.13,-11432.34,-114.32
1033,매수 청산,2024-02-07 16:10,XL2,2035.18,95.57,194279.9523,222.2,0.11,222.2,0.11,-35.36,-0.02,-11210.14,-112.10
1033,매수 진입,2024-02-07 15:20,L2,2032.855,95.57,194279.9523,222.2,0.11,222.2,0.11,-35.36,-0.02,-11210.14,-112.10
1034,매도 청산,2024-02-07 20:40,XS1,2034.629,227.27,462310.3613,-99.77,-0.02,1.14,0.00,-375,-0.08,-11309.91,-113.10
1034,매도 진입,2024-02-07 20:20,S1,2034.19,227.27,462310.3613,-99.77,-0.02,1.14,0.00,-375,-0.08,-11309.91,-113.10
1035,매도 청산,2024-02-07 20:40,XS2,2034.629,277.77,565259.1723,100.27,0.02,100.27,0.02,-236.1,-0.04,-11209.64,-112.10
1035,매도 진입,2024-02-07 20:20,S2,2034.99,277.77,565259.1723,100.27,0.02,100.27,0.02,-236.1,-0.04,-11209.64,-112.10
1036,매도 청산,2024-02-07 20:40,XS2,2034.629,277.77,565381.3911,222.49,0.04,222.49,0.04,-113.89,-0.02,-10987.14,-109.87
1036,매도 진입,2024-02-07 20:30,S2,2035.43,277.77,565381.3911,222.49,0.04,222.49,0.04,-113.89,-0.02,-10987.14,-109.87
1037,매수 청산,2024-02-08 08:50,반대신호정리,2036.295,43.03,87720.31255,-98.54,-0.11,43.25,0.05,-207.62,-0.24,-11085.68,-110.86
1037,매수 진입,2024-02-08 01:50,L1,2038.585,43.03,87720.31255,-98.54,-0.11,43.25,0.05,-207.62,-0.24,-11085.68,-110.86
1038,매수 청산,2024-02-08 08:50,반대신호정리,2036.295,52.59,106986.9924,101.76,0.10,156.19,0.15,-31.55,-0.03,-10983.92,-109.84
1038,매수 진입,2024-02-08 02:30,L2,2034.36,52.59,106986.9924,101.76,0.10,156.19,0.15,-31.55,-0.03,-10983.92,-109.84
1039,매도 청산,2024-02-08 16:40,XS1,2032.8,111.54,226738.512,0,0.00,75.85,0.03,-267.14,-0.12,-10983.92,-109.84
1039,매도 진입,2024-02-08 14:40,S1,2032.8,111.54,226738.512,0,0.00,75.85,0.03,-267.14,-0.12,-10983.92,-109.84
1040,매도 청산,2024-02-08 16:40,XS2,2032.8,136.33,277353.8419,222.22,0.08,222.22,0.08,-104.29,-0.04,-10761.7,-107.62
1040,매도 진입,2024-02-08 16:10,S2,2034.43,136.33,277353.8419,222.22,0.08,222.22,0.08,-104.29,-0.04,-10761.7,-107.62
1041,매도 청산,2024-02-08 20:00,XS1,2034.669,107.58,218789.7492,-99.94,-0.05,62.93,0.03,-513.69,-0.23,-10861.64,-108.62
1041,매도 진입,2024-02-08 18:50,S1,2033.74,107.58,218789.7492,-99.94,-0.05,62.93,0.03,-513.69,-0.23,-10861.64,-108.62
1042,매도 청산,2024-02-08 20:00,XS2,2034.669,131.49,267638.6907,100.06,0.04,100.06,0.04,-405.65,-0.15,-10761.58,-107.62
1042,매도 진입,2024-02-08 18:50,S2,2035.43,131.49,267638.6907,100.06,0.04,100.06,0.04,-405.65,-0.15,-10761.58,-107.62
1043,매도 청산,2024-02-08 20:00,XS2,2034.669,131.49,267760.9764,222.35,0.08,222.35,0.08,-283.36,-0.11,-10539.23,-105.39
1043,매도 진입,2024-02-08 19:10,S2,2036.36,131.49,267760.9764,222.35,0.08,222.35,0.08,-283.36,-0.11,-10539.23,-105.39
1044,매도 청산,2024-02-08 20:00,XS3,2034.669,169.06,344552.733,571.59,0.17,571.59,0.17,-78.61,-0.02,-9967.64,-99.68
1044,매도 진입,2024-02-08 19:20,S3,2038.05,169.06,344552.733,571.59,0.17,571.59,0.17,-78.61,-0.02,-9967.64,-99.68
1045,매도 청산,2024-02-10 03:40,XS1,2023.075,77.2,156181.39,0,0.00,120.82,0.08,-256.69,-0.16,-9967.64,-99.68
1045,매도 진입,2024-02-10 02:20,S1,2023.075,77.2,156181.39,0,0.00,120.82,0.08,-256.69,-0.16,-9967.64,-99.68
1046,매도 청산,2024-02-10 03:40,XS2,2023.075,94.36,191119.5748,222.22,0.12,222.22,0.12,-91.53,-0.05,-9745.42,-97.45
1046,매도 진입,2024-02-10 03:00,S2,2025.43,94.36,191119.5748,222.22,0.12,222.22,0.12,-91.53,-0.05,-9745.42,-97.45
1047,매도 청산,2024-02-12 22:50,XS1,2018.915,77.2,156405.656,545.42,0.35,545.42,0.35,-130.08,-0.08,-9200,-92.00
1047,매도 진입,2024-02-10 05:20,S1,2025.98,77.2,156405.656,545.42,0.35,545.42,0.35,-130.08,-0.08,-9200,-92.00
1048,매도 청산,2024-02-15 04:30,반대신호정리,1990.63,32.03,63931.88,172,0.27,374.59,0.59,-61.5,-0.10,-9028,-90.28
1048,매도 진입,2024-02-14 01:10,S1,1996,32.03,63931.88,172,0.27,374.59,0.59,-61.5,-0.10,-9028,-90.28
1049,매수 청산,2024-02-15 18:50,XL1,1996.685,128.04,255473.7306,181.82,0.07,181.82,0.07,-171.57,-0.07,-8846.19,-88.46
1049,매수 진입,2024-02-15 18:00,L1,1995.265,128.04,255473.7306,181.82,0.07,181.82,0.07,-171.57,-0.07,-8846.19,-88.46
1050,매수 청산,2024-02-16 18:20,XL1,2005.915,203.14,407299.7628,181.81,0.04,181.81,0.04,-148.29,-0.04,-8664.38,-86.64
1050,매수 진입,2024-02-16 18:00,L1,2005.02,203.14,407299.7628,181.81,0.04,181.81,0.04,-148.29,-0.04,-8664.38,-86.64
1051,매도 청산,2024-02-17 03:30,반대신호정리,2012.26,56.81,113738.4489,-578.04,-0.51,18.75,0.02,-741.94,-0.65,-9242.42,-92.42
1051,매도 진입,2024-02-17 00:10,S1,2002.085,56.81,113738.4489,-578.04,-0.51,18.75,0.02,-741.94,-0.65,-9242.42,-92.42
1052,매도 청산,2024-02-17 03:30,반대신호정리,2012.26,69.44,139246.9904,-484.34,-0.35,99.3,0.07,-684.68,-0.49,-9726.76,-97.27
1052,매도 진입,2024-02-17 00:10,S2,2005.285,69.44,139246.9904,-484.34,-0.35,99.3,0.07,-684.68,-0.49,-9726.76,-97.27
1053,매도 청산,2024-02-17 03:30,반대신호정리,2012.26,69.44,139369.2742,-362.06,-0.26,0,0.00,-562.39,-0.40,-10088.82,-100.89
1053,매도 진입,2024-02-17 00:30,S2,2007.046,69.44,139369.2742,-362.06,-0.26,0,0.00,-562.39,-0.40,-10088.82,-100.89
1054,매도 청산,2024-02-17 03:30,반대신호정리,2012.26,89.28,179474.7629,-179.81,-0.10,284,0.16,-437.38,-0.24,-10268.63,-102.69
1054,매도 진입,2024-02-17 00:40,S3,2010.246,89.28,179474.7629,-179.81,-0.10,284,0.16,-437.38,-0.24,-10268.63,-102.69
1055,매수 청산,2024-02-19 08:30,XL1,2013.07,56.81,114362.5067,0,0.00,264.17,0.23,-688.25,-0.60,-10268.63,-102.69
1055,매수 진입,2024-02-17 04:40,L1,2013.07,56.81,114362.5067,0,0.00,264.17,0.23,-688.25,-0.60,-10268.63,-102.69
1056,매수 청산,2024-02-19 08:30,XL2,2013.07,69.44,139565.3728,222.21,0.16,365.25,0.26,-619.06,-0.44,-10046.42,-100.46
1056,매수 진입,2024-02-19 08:10,L2,2009.87,69.44,139565.3728,222.21,0.16,365.25,0.26,-619.06,-0.44,-10046.42,-100.46
1057,매수 청산,2024-02-19 08:30,XL3,2013.07,89.28,179155.4976,571.39,0.32,755.31,0.42,-510.24,-0.28,-9475.03,-94.75
1057,매수 진입,2024-02-19 08:10,L3,2006.67,89.28,179155.4976,571.39,0.32,755.31,0.42,-510.24,-0.28,-9475.03,-94.75
1058,매수 청산,2024-02-19 08:30,XL4,2013.07,124.99,250413.7153,1199.9,0.48,1457.38,0.58,-314.35,-0.13,-8275.13,-82.75
1058,매수 진입,2024-02-19 08:10,L4,2003.47,124.99,250413.7153,1199.9,0.48,1457.38,0.58,-314.35,-0.13,-8275.13,-82.75
1059,매수 청산,2024-02-20 02:30,반대신호정리,2017.1,41.79,84482.45505,-187.85,-0.22,61.64,0.07,-346.23,-0.41,-8462.97,-84.63
1059,매수 진입,2024-02-19 12:40,L1,2021.595,41.79,84482.45505,-187.85,-0.22,61.64,0.07,-346.23,-0.41,-8462.97,-84.63
1060,매수 청산,2024-02-20 02:30,반대신호정리,2017.1,51.08,103040.8746,-7.41,-0.01,107.01,0.10,-201,-0.20,-8470.38,-84.70
1060,매수 진입,2024-02-19 21:40,L2,2017.245,51.08,103040.8746,-7.41,-0.01,107.01,0.10,-201,-0.20,-8470.38,-84.70
1061,매수 청산,2024-02-20 16:20,XL1,2022.81,115.07,232219.3149,545.43,0.23,545.43,0.23,-25.89,-0.01,-7924.95,-79.25
1061,매수 진입,2024-02-20 14:40,L1,2018.07,115.07,232219.3149,545.43,0.23,545.43,0.23,-25.89,-0.01,-7924.95,-79.25
1062,매수 청산,2024-02-20 22:00,XL1,2027.73,220.38,446689.3239,181.81,0.04,181.81,0.04,-159.78,-0.04,-7743.13,-77.43
1062,매수 진입,2024-02-20 21:40,L1,2026.905,220.38,446689.3239,181.81,0.04,181.81,0.04,-159.78,-0.04,-7743.13,-77.43
1063,매수 청산,2024-02-21 10:10,반대신호정리,2023.925,71.86,145722.0196,-282.77,-0.19,159.89,0.11,-348.52,-0.24,-8025.9,-80.26
1063,매수 진입,2024-02-20 23:40,L1,2027.86,71.86,145722.0196,-282.77,-0.19,159.89,0.11,-348.52,-0.24,-8025.9,-80.26
1064,매수 청산,2024-02-21 10:10,반대신호정리,2023.925,87.83,177884.7339,-123.4,-0.07,23.71,0.01,-203.77,-0.11,-8149.3,-81.49
1064,매수 진입,2024-02-21 04:50,L2,2025.33,87.83,177884.7339,-123.4,-0.07,23.71,0.01,-203.77,-0.11,-8149.3,-81.49
1065,매도 청산,2024-02-22 13:10,반대신호정리,2026.245,67.84,137278.6496,-181.81,-0.13,4.75,0.00,-345.31,-0.25,-8331.12,-83.31
1065,매도 진입,2024-02-22 04:10,S1,2023.565,67.84,137278.6496,-181.81,-0.13,4.75,0.00,-345.31,-0.25,-8331.12,-83.31
1066,매도 청산,2024-02-22 13:10,반대신호정리,2026.245,82.91,167995.9729,0,0.00,184.47,0.11,-199.81,-0.12,-8331.12,-83.31
1066,매도 진입,2024-02-22 04:30,S2,2026.245,82.91,167995.9729,0,0.00,184.47,0.11,-199.81,-0.12,-8331.12,-83.31
1067,매수 청산,2024-02-22 17:00,XL1,2034.885,98.54,199972.149,545.42,0.27,545.42,0.27,-55.68,-0.03,-7785.7,-77.86
1067,매수 진입,2024-02-22 15:50,L1,2029.35,98.54,199972.149,545.42,0.27,545.42,0.27,-55.68,-0.03,-7785.7,-77.86
1068,매수 청산,2024-02-23 02:20,반대신호정리,2021.905,52.85,107275.1943,-417.51,-0.39,77.95,0.07,-525.06,-0.49,-8203.21,-82.03
1068,매수 진입,2024-02-22 18:30,L1,2029.805,52.85,107275.1943,-417.51,-0.39,77.95,0.07,-525.06,-0.49,-8203.21,-82.03
1069,매수 청산,2024-02-23 02:20,반대신호정리,2021.905,64.59,130882.9154,-288.07,-0.22,108.51,0.08,-419.51,-0.32,-8491.28,-84.91
1069,매수 진입,2024-02-22 22:20,L2,2026.365,64.59,130882.9154,-288.07,-0.22,108.51,0.08,-419.51,-0.32,-8491.28,-84.91
1070,매도 청산,2024-02-23 09:30,XS1,2023.12,67.09,135731.1208,0,0.00,34.55,0.03,-207.64,-0.15,-8491.28,-84.91
1070,매도 진입,2024-02-23 04:30,S1,2023.12,67.09,135731.1208,0,0.00,34.55,0.03,-207.64,-0.15,-8491.28,-84.91
1071,매도 청산,2024-02-23 09:30,XS2,2023.12,82,166118.06,222.22,0.13,222.22,0.13,-31.57,-0.02,-8269.06,-82.69
1071,매도 진입,2024-02-23 08:20,S2,2025.83,82,166118.06,222.22,0.13,222.22,0.13,-31.57,-0.02,-8269.06,-82.69
1072,매도 청산,2024-02-23 17:20,XS1,2021.05,293.25,592916.31,243.4,0.04,466.27,0.08,-230.2,-0.04,-8025.67,-80.26
1072,매도 진입,2024-02-23 17:00,S1,2021.88,293.25,592916.31,243.4,0.04,466.27,0.08,-230.2,-0.04,-8025.67,-80.26
1073,매도 청산,2024-02-23 17:20,XS2,2021.05,358.42,724904.45,519.71,0.07,792.11,0.11,-59.14,-0.01,-7505.96,-75.06
1073,매도 진입,2024-02-23 17:00,S2,2022.5,358.42,724904.45,519.71,0.07,792.11,0.11,-59.14,-0.01,-7505.96,-75.06
1074,매도 청산,2024-02-23 22:30,반대신호정리,2026.26,93.96,189733.8978,-653.49,-0.34,54.97,0.03,-935.37,-0.49,-8159.45,-81.59
1074,매도 진입,2024-02-23 19:20,S1,2019.305,93.96,189733.8978,-653.49,-0.34,54.97,0.03,-935.37,-0.49,-8159.45,-81.59
1075,매도 청산,2024-02-23 22:30,반대신호정리,2026.26,114.84,232119.2016,-576.5,-0.25,18.37,0.01,-921.02,-0.40,-8735.95,-87.36
1075,매도 진입,2024-02-23 19:40,S2,2021.24,114.84,232119.2016,-576.5,-0.25,18.37,0.01,-921.02,-0.40,-8735.95,-87.36
1076,매도 청산,2024-02-23 22:30,반대신호정리,2026.26,147.65,298721.7888,-455.5,-0.15,149.13,0.05,-898.45,-0.30,-9191.45,-91.91
1076,매도 진입,2024-02-23 19:50,S3,2023.175,147.65,298721.7888,-455.5,-0.15,149.13,0.05,-898.45,-0.30,-9191.45,-91.91
1077,매도 청산,2024-02-23 22:30,반대신호정리,2026.26,206.71,418610.4881,-237.72,-0.06,115.76,0.03,-857.85,-0.20,-9429.16,-94.29
1077,매도 진입,2024-02-23 21:20,S4,2025.11,206.71,418610.4881,-237.72,-0.06,115.76,0.03,-857.85,-0.20,-9429.16,-94.29
1078,매도 청산,2024-02-23 22:30,반대신호정리,2026.26,344.53,698377.8138,270.46,0.04,678.72,0.10,-763.13,-0.11,-9158.71,-91.59
1078,매도 진입,2024-02-23 21:30,S5,2027.045,344.53,698377.8138,270.46,0.04,678.72,0.10,-763.13,-0.11,-9158.71,-91.59
1079,매도 청산,2024-02-23 22:30,반대신호정리,2026.26,1033.59,2097133.438,2811.36,0.13,4036.17,0.19,-289.41,-0.01,-6347.34,-63.47
1079,매도 진입,2024-02-23 22:10,S6,2028.98,1033.59,2097133.438,2811.36,0.13,4036.17,0.19,-289.41,-0.01,-6347.34,-63.47
1080,매수 청산,2024-02-26 17:30,XL1,2036.52,79.39,161679.3228,0,0.00,388.22,0.24,-520.4,-0.32,-6347.34,-63.47
1080,매수 진입,2024-02-24 02:30,L1,2036.52,79.39,161679.3228,0,0.00,388.22,0.24,-520.4,-0.32,-6347.34,-63.47
1081,매수 청산,2024-02-26 17:30,XL2,2036.52,97.04,197401.6792,222.22,0.11,222.22,0.11,-413.88,-0.21,-6125.12,-61.25
1081,매수 진입,2024-02-26 08:00,L2,2034.23,97.04,197401.6792,222.22,0.11,222.22,0.11,-413.88,-0.21,-6125.12,-61.25
1082,매수 청산,2024-02-26 17:30,XL3,2036.52,124.76,253504.8344,571.4,0.23,571.4,0.23,-246.4,-0.10,-5553.72,-55.54
1082,매수 진입,2024-02-26 09:30,L3,2031.94,124.76,253504.8344,571.4,0.23,571.4,0.23,-246.4,-0.10,-5553.72,-55.54
1083,매도 청산,2024-02-27 19:20,반대신호정리,2035.635,76.39,154907.4615,-594.7,-0.38,94.34,0.06,-890.71,-0.57,-6148.42,-61.48
1083,매도 진입,2024-02-27 02:00,S1,2027.85,76.39,154907.4615,-594.7,-0.38,94.34,0.06,-890.71,-0.57,-6148.42,-61.48
1084,매도 청산,2024-02-27 19:20,반대신호정리,2035.635,93.37,189562.5751,-504.66,-0.27,150.79,0.08,-866.47,-0.46,-6653.08,-66.53
1084,매도 진입,2024-02-27 04:00,S2,2030.23,93.37,189562.5751,-504.66,-0.27,150.79,0.08,-866.47,-0.46,-6653.08,-66.53
1085,매도 청산,2024-02-27 19:20,반대신호정리,2035.635,120.04,243994.5044,-363.12,-0.15,225.68,0.09,-828.28,-0.34,-7016.2,-70.16
1085,매도 진입,2024-02-27 05:20,S3,2032.61,120.04,243994.5044,-363.12,-0.15,225.68,0.09,-828.28,-0.34,-7016.2,-70.16
1086,매도 청산,2024-02-28 12:10,XS1,2030.015,150.88,306288.6632,0,0.00,120.7,0.04,-568.82,-0.19,-7016.2,-70.16
1086,매도 진입,2024-02-28 05:50,S1,2030.015,150.88,306288.6632,0,0.00,120.7,0.04,-568.82,-0.19,-7016.2,-70.16
1087,매도 청산,2024-02-28 12:10,XS2,2030.015,184.41,374577.2802,222.21,0.06,259.1,0.07,-473.01,-0.13,-6793.99,-67.94
1087,매도 진입,2024-02-28 09:50,S2,2031.22,184.41,374577.2802,222.21,0.06,259.1,0.07,-473.01,-0.13,-6793.99,-67.94
1088,매도 청산,2024-02-28 12:10,XS3,2030.015,237.1,481887.9675,571.41,0.12,571.41,0.12,-322.46,-0.07,-6222.58,-62.23
1088,매도 진입,2024-02-28 10:20,S3,2032.425,237.1,481887.9675,571.41,0.12,571.41,0.12,-322.46,-0.07,-6222.58,-62.23
1089,매도 청산,2024-02-28 12:10,XS4,2030.015,331.95,675063.4785,1200,0.18,1200,0.18,-51.45,-0.01,-5022.58,-50.23
1089,매도 진입,2024-02-28 10:50,S4,2033.63,331.95,675063.4785,1200,0.18,1200,0.18,-51.45,-0.01,-5022.58,-50.23
1090,매도 청산,2024-02-28 20:40,XS1,2026.91,178.25,361296.7075,0,0.00,18.72,0.01,-188.94,-0.05,-5022.58,-50.23
1090,매도 진입,2024-02-28 19:50,S1,2026.91,178.25,361296.7075,0,0.00,18.72,0.01,-188.94,-0.05,-5022.58,-50.23
1091,매도 청산,2024-02-28 20:40,XS2,2026.91,217.86,441804.8298,222.22,0.05,222.22,0.05,-8.71,0.00,-4800.36,-48.00
1091,매도 진입,2024-02-28 20:20,S2,2027.93,217.86,441804.8298,222.22,0.05,222.22,0.05,-8.71,0.00,-4800.36,-48.00
1092,매수 청산,2024-02-29 11:20,XL1,2036.935,156.06,317338.6464,545.43,0.17,545.43,0.17,-48.38,-0.02,-4254.93,-42.55
1092,매수 진입,2024-02-29 06:20,L1,2033.44,156.06,317338.6464,545.43,0.17,545.43,0.17,-48.38,-0.02,-4254.93,-42.55
1093,매수 청산,2024-02-29 22:20,반대신호정리,2032.035,98.01,199604.2257,-444.48,-0.22,129.37,0.06,-823.77,-0.41,-4699.41,-46.99
1093,매수 진입,2024-02-29 16:30,L1,2036.57,98.01,199604.2257,-444.48,-0.22,129.37,0.06,-823.77,-0.41,-4699.41,-46.99
1094,매수 청산,2024-02-29 22:20,반대신호정리,2032.035,119.79,243738.5099,-321.04,-0.13,49.11,0.02,-784.62,-0.32,-5020.44,-50.20
1094,매수 진입,2024-02-29 18:40,L2,2034.715,119.79,243738.5099,-321.04,-0.13,49.11,0.02,-784.62,-0.32,-5020.44,-50.20
1095,매수 청산,2024-02-29 22:20,반대신호정리,2032.035,154.02,313101.0972,-127.07,-0.04,33.88,0.01,-723.12,-0.23,-5147.51,-51.48
1095,매수 진입,2024-02-29 19:20,L3,2032.86,154.02,313101.0972,-127.07,-0.04,33.88,0.01,-723.12,-0.23,-5147.51,-51.48
1096,매수 청산,2024-02-29 22:20,반대신호정리,2032.035,215.63,437945.6081,222.1,0.05,224.26,0.05,-612.39,-0.14,-4925.41,-49.25
1096,매수 진입,2024-02-29 19:40,L4,2031.005,215.63,437945.6081,222.1,0.05,224.26,0.05,-612.39,-0.14,-4925.41,-49.25
1097,매수 청산,2024-03-01 14:30,XL1,2045.56,185.52,379492.2912,0,0.00,33.39,0.01,-384.95,-0.10,-4925.41,-49.25
1097,매수 진입,2024-03-01 14:00,L1,2045.56,185.52,379492.2912,0,0.00,33.39,0.01,-384.95,-0.10,-4925.41,-49.25
1098,매수 청산,2024-03-01 14:30,XL2,2045.56,226.75,463608.515,222.22,0.05,222.22,0.05,-248.29,-0.05,-4703.2,-47.03
1098,매수 진입,2024-03-01 14:10,L2,2044.58,226.75,463608.515,222.22,0.05,222.22,0.05,-248.29,-0.05,-4703.2,-47.03
1099,매수 청산,2024-03-01 14:30,XL3,2045.56,291.54,595791.144,571.42,0.10,571.42,0.10,-33.53,-0.01,-4131.78,-41.32
1099,매수 진입,2024-03-01 14:20,L3,2043.6,291.54,595791.144,571.42,0.10,571.42,0.10,-33.53,-0.01,-4131.78,-41.32
1100,매수 청산,2024-03-01 22:30,XL1,2053.615,131.27,269578.041,0,0.00,40.04,0.01,-451.57,-0.17,-4131.78,-41.32
1100,매수 진입,2024-03-01 21:50,L1,2053.615,131.27,269578.041,0,0.00,40.04,0.01,-451.57,-0.17,-4131.78,-41.32
1101,매수 청산,2024-03-01 22:30,XL2,2053.615,160.44,329259.7812,222.21,0.07,222.21,0.07,-329.7,-0.10,-3909.57,-39.10
1101,매수 진입,2024-03-01 22:00,L2,2052.23,160.44,329259.7812,222.21,0.07,222.21,0.07,-329.7,-0.10,-3909.57,-39.10
1102,매수 청산,2024-03-01 22:30,XL3,2053.615,206.29,423068.815,571.42,0.14,571.42,0.14,-138.21,-0.03,-3338.14,-33.38
1102,매수 진입,2024-03-01 22:10,L3,2050.845,206.29,423068.815,571.42,0.14,571.42,0.14,-138.21,-0.03,-3338.14,-33.38
1103,매수 청산,2024-03-05 22:20,XL1,2129.205,37.83,80002.5057,545.32,0.68,545.32,0.68,-161.16,-0.20,-2792.82,-27.93
1103,매수 진입,2024-03-05 03:40,L1,2114.79,37.83,80002.5057,545.32,0.68,545.32,0.68,-161.16,-0.20,-2792.82,-27.93
1104,매수 청산,2024-03-06 13:10,반대신호정리,2125.415,43.54,92596.7357,-56.17,-0.06,351.15,0.38,-129.75,-0.14,-2848.99,-28.49
1104,매수 진입,2024-03-06 01:00,L1,2126.705,43.54,92596.7357,-56.17,-0.06,351.15,0.38,-129.75,-0.14,-2848.99,-28.49
1105,매도 청산,2024-03-06 14:30,XS1,2126.265,223.08,474327.1962,0,0.00,12.27,0.00,-394.85,-0.08,-2848.99,-28.49
1105,매도 진입,2024-03-06 14:00,S1,2126.265,223.08,474327.1962,0,0.00,12.27,0.00,-394.85,-0.08,-2848.99,-28.49
1106,매도 청산,2024-03-06 14:30,XS2,2126.265,272.66,579969.6328,222.22,0.04,222.22,0.04,-260.39,-0.04,-2626.77,-26.27
1106,매도 진입,2024-03-06 14:10,S2,2127.08,272.66,579969.6328,222.22,0.04,222.22,0.04,-260.39,-0.04,-2626.77,-26.27
1107,매도 청산,2024-03-06 14:30,XS3,2126.265,350.56,745954.8712,571.41,0.08,571.41,0.08,-49.08,-0.01,-2055.36,-20.55
1107,매도 진입,2024-03-06 14:30,S3,2127.895,350.56,745954.8712,571.41,0.08,571.41,0.08,-49.08,-0.01,-2055.36,-20.55
1108,매수 청산,2024-03-07 15:50,XL1,2156.415,96.96,209085.9984,0,0.00,235.13,0.11,-464.92,-0.22,-2055.36,-20.55
1108,매수 진입,2024-03-07 14:10,L1,2156.415,96.96,209085.9984,0,0.00,235.13,0.11,-464.92,-0.22,-2055.36,-20.55
1109,매수 청산,2024-03-07 15:50,XL2,2156.415,118.51,255334.5354,222.21,0.09,222.21,0.09,-346.05,-0.14,-1833.15,-18.33
1109,매수 진입,2024-03-07 14:50,L2,2154.54,118.51,255334.5354,222.21,0.09,222.21,0.09,-346.05,-0.14,-1833.15,-18.33
1110,매수 청산,2024-03-07 15:50,XL3,2156.415,152.38,328023.0927,571.42,0.17,571.42,0.17,-159.24,-0.05,-1261.73,-12.62
1110,매수 진입,2024-03-07 15:00,L3,2152.665,152.38,328023.0927,571.42,0.17,571.42,0.17,-159.24,-0.05,-1261.73,-12.62
1111,매수 청산,2024-03-08 20:20,XL1,2168.6,150.26,325672.0214,181.81,0.06,223.14,0.07,-38.32,-0.01,-1079.91,-10.80
1111,매수 진입,2024-03-08 19:40,L1,2167.39,150.26,325672.0214,181.81,0.06,223.14,0.07,-38.32,-0.01,-1079.91,-10.80
1112,매수 청산,2024-03-08 22:20,XL1,2167.235,150.26,325466.9165,181.81,0.06,181.81,0.06,-250.93,-0.08,-898.1,-8.98
1112,매수 진입,2024-03-08 22:00,L1,2166.025,150.26,325466.9165,181.81,0.06,181.81,0.06,-250.93,-0.08,-898.1,-8.98
1113,매수 청산,2024-03-08 22:20,XL2,2167.235,183.65,397568.2748,444.43,0.11,444.43,0.11,-84.48,-0.02,-453.67,-4.54
1113,매수 진입,2024-03-08 22:10,L2,2164.815,183.65,397568.2748,444.43,0.11,444.43,0.11,-84.48,-0.02,-453.67,-4.54
1114,매수 청산,2024-03-12 17:40,반대신호정리,2177.2,28.83,62919.60105,-150.93,-0.24,68.62,0.11,-251.97,-0.40,-604.59,-6.05
1114,매수 진입,2024-03-12 01:20,L1,2182.435,28.83,62919.60105,-150.93,-0.24,68.62,0.11,-251.97,-0.40,-604.59,-6.05
1115,매도 청산,2024-03-12 18:20,XS1,2177.665,237.67,517620.3046,54.66,0.01,279.26,0.05,-288.77,-0.06,-549.93,-5.50
1115,매도 진입,2024-03-12 18:00,S1,2177.895,237.67,517620.3046,54.66,0.01,279.26,0.05,-288.77,-0.06,-549.93,-5.50
1116,매도 청산,2024-03-12 18:20,XS2,2177.665,290.48,632857.1568,289.03,0.05,563.53,0.09,-130.72,-0.02,-260.9,-2.61
1116,매도 진입,2024-03-12 18:00,S2,2178.66,290.48,632857.1568,289.03,0.05,563.53,0.09,-130.72,-0.02,-260.9,-2.61
1117,매도 청산,2024-03-12 18:20,XS2,2177.665,290.48,632979.4489,411.32,0.06,685.82,0.11,-8.42,0.00,150.42,1.50
1117,매도 진입,2024-03-12 18:00,S2,2179.081,290.48,632979.4489,411.32,0.06,685.82,0.11,-8.42,0.00,150.42,1.50
1118,매도 청산,2024-03-14 17:40,XS1,2168.73,199.8,433312.254,0,0.00,110.89,0.03,-282.72,-0.07,150.42,1.50
1118,매도 진입,2024-03-14 17:00,S1,2168.73,199.8,433312.254,0,0.00,110.89,0.03,-282.72,-0.07,150.42,1.50
1119,매도 청산,2024-03-14 17:40,XS2,2168.73,244.2,529826.088,222.22,0.04,222.22,0.04,-123.32,-0.02,372.64,3.73
1119,매도 진입,2024-03-14 17:20,S2,2169.64,244.2,529826.088,222.22,0.04,222.22,0.04,-123.32,-0.02,372.64,3.73
1120,매도 청산,2024-03-14 19:00,XS1,2170.015,172.33,374140.4931,181.81,0.05,338.63,0.09,-174.91,-0.05,554.45,5.54
1120,매도 진입,2024-03-14 18:40,S1,2171.07,172.33,374140.4931,181.81,0.05,338.63,0.09,-174.91,-0.05,554.45,5.54
1121,매수 청산,2024-03-15 17:20,XL1,2166.716,281.88,610853.6916,-99.79,-0.02,212.82,0.03,-439.73,-0.07,454.66,4.55
1121,매수 진입,2024-03-15 17:00,L1,2167.07,281.88,610853.6916,-99.79,-0.02,212.82,0.03,-439.73,-0.07,454.66,4.55
1122,매수 청산,2024-03-15 17:20,XL2,2166.716,344.53,746398.4052,100.26,0.01,287.68,0.04,-315.24,-0.04,554.92,5.55
1122,매수 진입,2024-03-15 17:00,L2,2166.425,344.53,746398.4052,100.26,0.01,287.68,0.04,-315.24,-0.04,554.92,5.55
1123,매수 청산,2024-03-15 17:20,XL2,2166.716,344.53,746276.0971,222.57,0.03,222.57,0.03,-192.94,-0.03,777.49,7.77
1123,매수 진입,2024-03-15 17:10,L2,2166.07,344.53,746276.0971,222.57,0.03,222.57,0.03,-192.94,-0.03,777.49,7.77
1124,매도 청산,2024-03-18 21:30,반대신호정리,2161.27,55.85,119903.8065,-803.12,-0.67,38.82,0.03,-894.16,-0.75,-25.63,-0.26
1124,매도 진입,2024-03-18 13:10,S1,2146.89,55.85,119903.8065,-803.12,-0.67,38.82,0.03,-894.16,-0.75,-25.63,-0.26
1125,매도 청산,2024-03-18 21:30,반대신호정리,2161.27,68.27,146790.3991,-759.5,-0.52,66.9,0.05,-870.78,-0.59,-785.14,-7.85
1125,매도 진입,2024-03-18 16:20,S2,2150.145,68.27,146790.3991,-759.5,-0.52,66.9,0.05,-870.78,-0.59,-785.14,-7.85
1126,매도 청산,2024-03-18 21:30,반대신호정리,2161.27,87.77,189003.918,-690.75,-0.37,160.18,0.08,-833.81,-0.44,-1475.89,-14.76
1126,매도 진입,2024-03-18 17:10,S3,2153.4,87.77,189003.918,-690.75,-0.37,160.18,0.08,-833.81,-0.44,-1475.89,-14.76
1127,매도 청산,2024-03-18 21:30,반대신호정리,2161.27,122.88,265009.7664,-567.09,-0.21,19.05,0.01,-767.39,-0.29,-2042.98,-20.43
1127,매도 진입,2024-03-18 19:30,S4,2156.655,122.88,265009.7664,-567.09,-0.21,19.05,0.01,-767.39,-0.29,-2042.98,-20.43
1128,매도 청산,2024-03-18 21:30,반대신호정리,2161.27,204.81,442371.1671,-278.54,-0.06,171.02,0.04,-612.38,-0.14,-2321.52,-23.22
1128,매도 진입,2024-03-18 20:00,S5,2159.91,204.81,442371.1671,-278.54,-0.06,171.02,0.04,-612.38,-0.14,-2321.52,-23.22
1129,매수 청산,2024-03-19 01:20,XL1,2158.52,71.86,155111.2472,0,0.00,204.44,0.13,-279.89,-0.18,-2321.52,-23.22
1129,매수 진입,2024-03-19 00:00,L1,2158.52,71.86,155111.2472,0,0.00,204.44,0.13,-279.89,-0.18,-2321.52,-23.22
1130,매수 청산,2024-03-19 01:20,XL2,2158.52,87.83,189360.6017,222.21,0.12,222.21,0.12,-119.89,-0.06,-2099.31,-20.99
1130,매수 진입,2024-03-19 01:00,L2,2155.99,87.83,189360.6017,222.21,0.12,222.21,0.12,-119.89,-0.06,-2099.31,-20.99
1131,매도 청산,2024-03-20 19:20,XS1,2152.595,66.23,142748.1682,181.8,0.13,181.8,0.13,0,0.00,-1917.51,-19.18
1131,매도 진입,2024-03-20 18:50,S1,2155.34,66.23,142748.1682,181.8,0.13,181.8,0.13,0,0.00,-1917.51,-19.18
1132,매도 청산,2024-03-20 21:30,XS1,2151.665,66.23,142686.5743,181.8,0.13,181.8,0.13,-59.61,-0.04,-1735.71,-17.36
1132,매도 진입,2024-03-20 20:00,S1,2154.41,66.23,142686.5743,181.8,0.13,181.8,0.13,-59.61,-0.04,-1735.71,-17.36
1133,매도 청산,2024-03-22 10:50,XS1,2176.43,41.27,89821.2661,0,0.00,36.32,0.04,-400.32,-0.45,-1735.71,-17.36
1133,매도 진입,2024-03-22 01:20,S1,2176.43,41.27,89821.2661,0,0.00,36.32,0.04,-400.32,-0.45,-1735.71,-17.36
1134,매도 청산,2024-03-22 10:50,XS2,2176.43,50.44,110001.3174,222.19,0.20,222.19,0.20,-267.08,-0.24,-1513.52,-15.14
1134,매도 진입,2024-03-22 02:00,S2,2180.835,50.44,110001.3174,222.19,0.20,222.19,0.20,-267.08,-0.24,-1513.52,-15.14
1135,매도 청산,2024-03-22 10:50,XS3,2176.43,64.86,141734.6664,571.42,0.40,571.42,0.40,-57.73,-0.04,-942.1,-9.42
1135,매도 진입,2024-03-22 09:30,S3,2185.24,64.86,141734.6664,571.42,0.40,571.42,0.40,-57.73,-0.04,-942.1,-9.42
1136,매도 청산,2024-03-22 16:00,XS1,2169.13,91.13,198218.2299,545.41,0.28,545.41,0.28,-109.81,-0.06,-396.69,-3.97
1136,매도 진입,2024-03-22 13:40,S1,2175.115,91.13,198218.2299,545.41,0.28,545.41,0.28,-109.81,-0.06,-396.69,-3.97
1137,매도 청산,2024-03-22 18:30,XS1,2166.99,58.46,126682.2354,0,0.00,85.06,0.07,-185.03,-0.15,-396.69,-3.97
1137,매도 진입,2024-03-22 17:50,S1,2166.99,58.46,126682.2354,0,0.00,85.06,0.07,-185.03,-0.15,-396.69,-3.97
1138,매도 청산,2024-03-22 18:30,XS2,2166.99,71.45,155053.645,222.21,0.14,222.21,0.14,-3.93,0.00,-174.48,-1.74
1138,매도 진입,2024-03-22 18:00,S2,2170.1,71.45,155053.645,222.21,0.14,222.21,0.14,-3.93,0.00,-174.48,-1.74
1139,매수 청산,2024-03-25 17:10,XL1,2168.895,71.16,154520.382,-181.81,-0.12,101.05,0.07,-557.54,-0.36,-356.29,-3.56
1139,매수 진입,2024-03-25 12:30,L1,2171.45,71.16,154520.382,-181.81,-0.12,101.05,0.07,-557.54,-0.36,-356.29,-3.56
1140,매수 청산,2024-03-25 17:10,XL2,2168.895,86.97,188628.7981,0,0.00,195.68,0.10,-459.2,-0.24,-356.29,-3.56
1140,매수 진입,2024-03-25 14:10,L2,2168.895,86.97,188628.7981,0,0.00,195.68,0.10,-459.2,-0.24,-356.29,-3.56
1141,매수 청산,2024-03-25 17:10,XL3,2168.895,111.82,242240.1388,285.7,0.12,285.7,0.12,-304.71,-0.13,-70.59,-0.71
1141,매수 진입,2024-03-25 15:20,L3,2166.34,111.82,242240.1388,285.7,0.12,285.7,0.12,-304.71,-0.13,-70.59,-0.71
1142,매수 청산,2024-03-25 17:10,XL4,2168.895,156.55,338740.5417,799.97,0.24,799.97,0.24,-26.61,-0.01,729.38,7.29
1142,매수 진입,2024-03-25 16:00,L4,2163.785,156.55,338740.5417,799.97,0.24,799.97,0.24,-26.61,-0.01,729.38,7.29
1143,매수 청산,2024-03-26 12:40,반대신호정리,2171.96,34.43,74903.1536,-122.57,-0.16,82.63,0.11,-271.82,-0.36,606.8,6.07
1143,매수 진입,2024-03-26 00:20,L1,2175.52,34.43,74903.1536,-122.57,-0.16,82.63,0.11,-271.82,-0.36,606.8,6.07
1144,매수 청산,2024-03-26 12:40,반대신호정리,2171.96,42.08,91323.6992,72.38,0.08,96.36,0.11,-110.04,-0.12,679.18,6.79
1144,매수 진입,2024-03-26 10:40,L2,2170.24,42.08,91323.6992,72.38,0.08,96.36,0.11,-110.04,-0.12,679.18,6.79
1145,매수 청산,2024-03-27 21:00,XL1,2188.756,81.71,179008.6338,-165.38,-0.09,42.9,0.02,-513.55,-0.29,513.8,5.14
1145,매수 진입,2024-03-27 20:50,L1,2190.78,81.71,179008.6338,-165.38,-0.09,42.9,0.02,-513.55,-0.29,513.8,5.14
1146,매수 청산,2024-03-27 21:00,XL2,2188.756,99.87,218570.9879,20.07,0.01,136.32,0.06,-405.47,-0.19,533.88,5.34
1146,매수 진입,2024-03-27 20:50,L2,2188.555,99.87,218570.9879,20.07,0.01,136.32,0.06,-405.47,-0.19,533.88,5.34
1147,매수 청산,2024-03-27 21:00,XL2,2188.756,99.87,218445.651,145.41,0.07,261.66,0.12,-280.14,-0.13,679.29,6.79
1147,매수 진입,2024-03-27 20:50,L2,2187.3,99.87,218445.651,145.41,0.07,261.66,0.12,-280.14,-0.13,679.29,6.79
1148,매수 청산,2024-03-27 21:00,XL2,2188.756,99.87,218368.7511,222.31,0.10,222.31,0.10,-203.24,-0.09,901.6,9.02
1148,매수 진입,2024-03-27 21:00,L2,2186.53,99.87,218368.7511,222.31,0.10,222.31,0.10,-203.24,-0.09,901.6,9.02
1149,매수 청산,2024-03-27 22:30,XL1,2187.07,81.71,178523.6849,181.8,0.10,192.02,0.11,-39.63,-0.02,1083.4,10.83
1149,매수 진입,2024-03-27 22:10,L1,2184.845,81.71,178523.6849,181.8,0.10,192.02,0.11,-39.63,-0.02,1083.4,10.83
1150,매수 청산,2024-03-28 19:50,XL1,2212.885,23.46,51368.8371,545.45,1.06,545.45,1.06,-52.2,-0.10,1628.85,16.29
1150,매수 진입,2024-03-28 00:30,L1,2189.635,23.46,51368.8371,545.45,1.06,545.45,1.06,-52.2,-0.10,1628.85,16.29
1151,매수 청산,2024-04-01 18:40,XL2,2251.71,132.71,299006.2468,-181.81,-0.06,196.41,0.07,-181.81,-0.06,1447.03,14.47
1151,매수 진입,2024-04-01 18:30,L1,2253.08,132.71,299006.2468,-181.81,-0.06,196.41,0.07,-181.81,-0.06,1447.03,14.47
1152,매수 청산,2024-04-01 18:40,XL2,2251.71,29.49,66402.9279,0,0.00,0,0.00,0,0.00,1447.03,14.47
1152,매수 진입,2024-04-01 18:40,L2,2251.71,29.49,66402.9279,0,0.00,0,0.00,0,0.00,1447.03,14.47
1153,매수 청산,2024-04-01 18:40,XL3,2250.34,132.71,298824.4341,-181.81,-0.06,0,0.00,-181.81,-0.06,1265.22,12.65
1153,매수 진입,2024-04-01 18:40,L2,2251.71,132.71,298824.4341,-181.81,-0.06,0,0.00,-181.81,-0.06,1265.22,12.65
1154,매수 청산,2024-04-01 18:40,XL3,2250.34,75.84,170665.7856,0,0.00,0,0.00,0,0.00,1265.22,12.65
1154,매수 진입,2024-04-01 18:40,L3,2250.34,75.84,170665.7856,0,0.00,0,0.00,0,0.00,1265.22,12.65
1155,매수 청산,2024-04-01 21:00,XL1,2245.545,132.71,298642.6214,-636.34,-0.21,427.99,0.14,-636.34,-0.21,628.88,6.29
1155,매수 진입,2024-04-01 18:40,L3,2250.34,132.71,298642.6214,-636.34,-0.21,427.99,0.14,-636.34,-0.21,628.88,6.29
1156,매수 청산,2024-04-01 21:00,XL4,2245.545,291.97,656631.7709,-1000,-0.15,626.28,0.10,-1000,-0.15,-371.12,-3.71
1156,매수 진입,2024-04-01 19:30,L4,2248.97,291.97,656631.7709,-1000,-0.15,626.28,0.10,-1000,-0.15,-371.12,-3.71
1157,매수 청산,2024-04-01 21:00,XL5,2245.545,486.61,1093704.636,-999.98,-0.09,1710.43,0.16,-999.98,-0.09,-1371.1,-13.71
1157,매수 진입,2024-04-01 19:50,L5,2247.6,486.61,1093704.636,-999.98,-0.09,1710.43,0.16,-999.98,-0.09,-1371.1,-13.71
1158,매수 청산,2024-04-01 21:00,XL6,2245.545,1459.85,3279158.865,-1000,-0.03,7131.37,0.22,-1000,-0.03,-2371.1,-23.71
1158,매수 진입,2024-04-01 19:50,L6,2246.23,1459.85,3279158.865,-1000,-0.03,7131.37,0.22,-1000,-0.03,-2371.1,-23.71
1159,매수 청산,2024-04-02 20:50,XL1,2259.665,79.57,179619.7266,181.82,0.10,189.38,0.11,-101.85,-0.06,-2189.28,-21.89
1159,매수 진입,2024-04-02 20:20,L1,2257.38,79.57,179619.7266,181.82,0.10,189.38,0.11,-101.85,-0.06,-2189.28,-21.89
1160,매도 청산,2024-04-03 23:00,XS3,2281.74,55.6,126501.12,-363.62,-0.29,0,0.00,-363.62,-0.29,-2552.91,-25.53
1160,매도 진입,2024-04-03 23:00,S1,2275.2,55.6,126501.12,-363.62,-0.29,0,0.00,-363.62,-0.29,-2552.91,-25.53
1161,매도 청산,2024-04-03 23:00,XS3,2281.74,31.77,72386.9919,-103.89,-0.14,0,0.00,-103.89,-0.14,-2656.8,-26.57
1161,매도 진입,2024-04-03 23:00,S2,2278.47,31.77,72386.9919,-103.89,-0.14,0,0.00,-103.89,-0.14,-2656.8,-26.57
1162,매도 청산,2024-04-03 23:20,XS1,2279.02,36.18,82435.0446,-19.9,-0.02,106.37,0.13,-250.37,-0.30,-2676.69,-26.77
1162,매도 진입,2024-04-03 23:00,S2,2278.47,36.18,82435.0446,-19.9,-0.02,106.37,0.13,-250.37,-0.30,-2676.69,-26.77
1163,매도 청산,2024-04-03 23:20,XS1,2279.02,19.42,44311.3908,52.82,0.12,120.6,0.27,-70.88,-0.16,-2623.87,-26.24
1163,매도 진입,2024-04-03 23:00,S3,2281.74,19.42,44311.3908,52.82,0.12,120.6,0.27,-70.88,-0.16,-2623.87,-26.24
1164,매도 청산,2024-04-03 23:20,XS2,2279.02,67.95,155044.233,184.82,0.12,421.97,0.27,-248.02,-0.16,-2439.05,-24.39
1164,매도 진입,2024-04-03 23:00,S3,2281.74,67.95,155044.233,184.82,0.12,421.97,0.27,-248.02,-0.16,-2439.05,-24.39
1165,매도 청산,2024-04-03 23:20,XS2,2279.02,67.95,155201.4014,341.99,0.22,579.14,0.37,-90.85,-0.06,-2097.06,-20.97
1165,매도 진입,2024-04-03 23:00,S2,2284.053,67.95,155201.4014,341.99,0.22,579.14,0.37,-90.85,-0.06,-2097.06,-20.97
1166,매도 청산,2024-04-03 23:20,XS2,2279.02,67.95,155280.2234,420.81,0.27,657.96,0.42,-12.03,-0.01,-1676.24,-16.76
1166,매도 진입,2024-04-03 23:00,S2,2285.213,67.95,155280.2234,420.81,0.27,657.96,0.42,-12.03,-0.01,-1676.24,-16.76
1167,매수 청산,2024-04-04 05:30,XL1,2299.495,55.6,127306.486,545.44,0.43,545.44,0.43,-2.5,0.00,-1130.81,-11.31
1167,매수 진입,2024-04-04 02:10,L1,2289.685,55.6,127306.486,545.44,0.43,545.44,0.43,-2.5,0.00,-1130.81,-11.31
1168,매도 청산,2024-04-05 00:10,XS1,2292.97,35.65,81744.3805,0,0.00,38.86,0.05,-233.51,-0.29,-1130.81,-11.31
1168,매도 진입,2024-04-04 23:10,S1,2292.97,35.65,81744.3805,0,0.00,38.86,0.05,-233.51,-0.29,-1130.81,-11.31
1169,매도 청산,2024-04-05 00:10,XS2,2292.97,43.57,100126.9099,222.21,0.22,222.21,0.22,-63.18,-0.06,-908.6,-9.09
1169,매도 진입,2024-04-04 23:30,S2,2298.07,43.57,100126.9099,222.21,0.22,222.21,0.22,-63.18,-0.06,-908.6,-9.09
1170,매도 청산,2024-04-05 04:10,XS1,2298.77,35.65,81951.1505,0,0.00,276.82,0.34,-245.27,-0.30,-908.6,-9.09
1170,매도 진입,2024-04-05 03:20,S1,2298.77,35.65,81951.1505,0,0.00,276.82,0.34,-245.27,-0.30,-908.6,-9.09
1171,매도 청산,2024-04-05 04:10,XS2,2298.77,43.57,100379.6159,222.21,0.22,560.53,0.56,-77.55,-0.08,-686.39,-6.86
1171,매도 진입,2024-04-05 03:50,S2,2303.87,43.57,100379.6159,222.21,0.22,560.53,0.56,-77.55,-0.08,-686.39,-6.86
1172,매도 청산,2024-04-05 16:40,XS1,2289.673,57.99,131778.2157,-999.92,-0.76,34.79,0.03,-999.92,-0.76,-1686.31,-16.86
1172,매도 진입,2024-04-05 11:20,S1,2272.43,57.99,131778.2157,-999.92,-0.76,34.79,0.03,-999.92,-0.76,-1686.31,-16.86
1173,매도 청산,2024-04-05 16:40,XS2,2289.673,70.88,161292.0472,-999.98,-0.62,26.58,0.02,-999.98,-0.62,-2686.29,-26.86
1173,매도 진입,2024-04-05 12:00,S2,2275.565,70.88,161292.0472,-999.98,-0.62,26.58,0.02,-999.98,-0.62,-2686.29,-26.86
1174,매도 청산,2024-04-05 16:40,XS3,2289.673,91.13,207657.931,-999.97,-0.48,319.87,0.15,-999.97,-0.48,-3686.26,-36.86
1174,매도 진입,2024-04-05 12:20,S3,2278.7,91.13,207657.931,-999.97,-0.48,319.87,0.15,-999.97,-0.48,-3686.26,-36.86
1175,매도 청산,2024-04-05 16:40,XS4,2289.673,127.59,291139.3276,-1000.05,-0.34,664.11,0.23,-1000.05,-0.34,-4686.31,-46.86
1175,매도 진입,2024-04-05 14:30,S4,2281.835,127.59,291139.3276,-1000.05,-0.34,664.11,0.23,-1000.05,-0.34,-4686.31,-46.86
1176,매도 청산,2024-04-05 16:40,XS5,2289.673,212.65,485898.8705,-1000.09,-0.21,435.93,0.09,-1000.09,-0.21,-5686.4,-56.86
1176,매도 진입,2024-04-05 16:10,S5,2284.97,212.65,485898.8705,-1000.09,-0.21,435.93,0.09,-1000.09,-0.21,-5686.4,-56.86
1177,매도 청산,2024-04-05 16:40,XS6,2289.673,637.95,1459696.585,-1000.31,-0.07,169.06,0.01,-1000.31,-0.07,-6686.71,-66.87
1177,매도 진입,2024-04-05 16:40,S6,2288.105,637.95,1459696.585,-1000.31,-0.07,169.06,0.01,-1000.31,-0.07,-6686.71,-66.87
1178,매수 청산,2024-04-08 10:50,XL1,2322.715,30.32,70424.7188,0,0.00,236.8,0.34,-598.52,-0.85,-6686.71,-66.87
1178,매수 진입,2024-04-06 01:20,L1,2322.715,30.32,70424.7188,0,0.00,236.8,0.34,-598.52,-0.85,-6686.71,-66.87
1179,매수 청산,2024-04-08 10:50,XL2,2322.715,37.06,85857.6432,222.17,0.26,222.17,0.26,-509.39,-0.59,-6464.53,-64.65
1179,매수 진입,2024-04-08 07:10,L2,2316.72,37.06,85857.6432,222.17,0.26,222.17,0.26,-509.39,-0.59,-6464.53,-64.65
1180,매수 청산,2024-04-08 10:50,XL3,2322.715,47.65,110106.0462,571.32,0.52,571.32,0.52,-369.29,-0.34,-5893.21,-58.93
1180,매수 진입,2024-04-08 07:10,L3,2310.725,47.65,110106.0462,571.32,0.52,571.32,0.52,-369.29,-0.34,-5893.21,-58.93
1181,매수 청산,2024-04-08 10:50,XL4,2322.715,66.72,153771.5856,1199.96,0.78,1199.96,0.78,-117.09,-0.08,-4693.25,-46.93
1181,매수 진입,2024-04-08 07:10,L4,2304.73,66.72,153771.5856,1199.96,0.78,1199.96,0.78,-117.09,-0.08,-4693.25,-46.93
1182,매수 청산,2024-04-08 19:40,XL1,2343.6,18.64,43684.704,0,0.00,41.01,0.09,-218.18,-0.50,-4693.25,-46.93
1182,매수 진입,2024-04-08 12:30,L1,2343.6,18.64,43684.704,0,0.00,41.01,0.09,-218.18,-0.50,-4693.25,-46.93
1183,매수 청산,2024-04-08 19:40,XL2,2343.6,22.79,53188.4415,222.2,0.42,222.2,0.42,-44.55,-0.08,-4471.05,-44.71
1183,매수 진입,2024-04-08 14:30,L2,2333.85,22.79,53188.4415,222.2,0.42,222.2,0.42,-44.55,-0.08,-4471.05,-44.71
1184,매수 청산,2024-04-09 14:10,XL1,2346.67,81.9,191646.819,545.45,0.28,545.45,0.28,-124.49,-0.06,-3925.59,-39.26
1184,매수 진입,2024-04-09 11:00,L1,2340.01,81.9,191646.819,545.45,0.28,545.45,0.28,-124.49,-0.06,-3925.59,-39.26
1185,매수 청산,2024-04-09 16:20,XL1,2352.135,81.9,192019.8735,619.98,0.32,1020.06,0.53,-13.1,-0.01,-3305.61,-33.06
1185,매수 진입,2024-04-09 16:00,L1,2344.565,81.9,192019.8735,619.98,0.32,1020.06,0.53,-13.1,-0.01,-3305.61,-33.06
1186,매도 청산,2024-04-10 18:20,반대신호정리,2353.275,91.59,215191.6209,-344.84,-0.16,45.34,0.02,-974.52,-0.45,-3650.45,-36.50
1186,매도 진입,2024-04-10 11:00,S1,2349.51,91.59,215191.6209,-344.84,-0.16,45.34,0.02,-974.52,-0.45,-3650.45,-36.50
1187,매도 청산,2024-04-10 18:20,반대신호정리,2353.275,111.95,263249.8652,-199.27,-0.08,82.28,0.03,-968.93,-0.37,-3849.72,-38.50
1187,매도 진입,2024-04-10 11:30,S2,2351.495,111.95,263249.8652,-199.27,-0.08,82.28,0.03,-968.93,-0.37,-3849.72,-38.50
1188,매도 청산,2024-04-10 18:20,반대신호정리,2353.275,143.93,338736.3764,29.51,0.01,391.49,0.12,-960.01,-0.28,-3820.21,-38.20
1188,매도 진입,2024-04-10 11:30,S3,2353.48,143.93,338736.3764,29.51,0.01,391.49,0.12,-960.01,-0.28,-3820.21,-38.20
1189,매도 청산,2024-04-10 18:20,반대신호정리,2353.275,201.51,474649.7522,441.31,0.09,611.58,0.13,-944.07,-0.20,-3378.9,-33.79
1189,매도 진입,2024-04-10 13:30,S4,2355.465,201.51,474649.7522,441.31,0.09,611.58,0.13,-944.07,-0.20,-3378.9,-33.79
1190,매도 청산,2024-04-11 14:40,반대신호정리,2341.81,16.38,38159.7489,-199.1,-0.52,1.06,0.00,-283.37,-0.74,-3578,-35.78
1190,매도 진입,2024-04-11 05:00,S1,2329.655,16.38,38159.7489,-199.1,-0.52,1.06,0.00,-283.37,-0.74,-3578,-35.78
1191,매도 청산,2024-04-11 14:40,반대신호정리,2341.81,20.02,46861.9151,-21.12,-0.05,41.24,0.09,-124.12,-0.26,-3599.12,-35.99
1191,매도 진입,2024-04-11 10:10,S2,2340.755,20.02,46861.9151,-21.12,-0.05,41.24,0.09,-124.12,-0.26,-3599.12,-35.99
1192,매수 청산,2024-04-12 10:00,XL1,2386.46,38.48,91285.5268,545.45,0.60,545.45,0.60,-13.47,-0.01,-3053.67,-30.54
1192,매수 진입,2024-04-12 07:00,L1,2372.285,38.48,91285.5268,545.45,0.60,545.45,0.60,-13.47,-0.01,-3053.67,-30.54
1193,매수 청산,2024-04-12 22:40,XL1,2403.565,31.98,76320.5898,545.42,0.71,545.42,0.71,-115.93,-0.15,-2508.25,-25.08
1193,매수 진입,2024-04-12 12:40,L1,2386.51,31.98,76320.5898,545.42,0.71,545.42,0.71,-115.93,-0.15,-2508.25,-25.08
1194,매도 청산,2024-04-15 22:10,XS1,2355.465,29.68,69505.8112,-404.39,-0.58,118.72,0.17,-924.53,-1.33,-2912.64,-29.13
1194,매도 진입,2024-04-13 04:30,S1,2341.84,29.68,69505.8112,-404.39,-0.58,118.72,0.17,-924.53,-1.33,-2912.64,-29.13
1195,매도 청산,2024-04-15 22:10,XS2,2355.465,36.28,85184.1702,-272.1,-0.32,116.1,0.14,-907.91,-1.07,-3184.74,-31.85
1195,매도 진입,2024-04-15 07:00,S2,2347.965,36.28,85184.1702,-272.1,-0.32,116.1,0.14,-907.91,-1.07,-3184.74,-31.85
1196,매도 청산,2024-04-15 22:10,XS3,2355.465,46.64,109794.7576,-64.13,-0.06,434.92,0.40,-881.5,-0.80,-3248.87,-32.49
1196,매도 진입,2024-04-15 07:00,S3,2354.09,46.64,109794.7576,-64.13,-0.06,434.92,0.40,-881.5,-0.80,-3248.87,-32.49
1197,매도 청산,2024-04-15 22:10,XS4,2355.465,65.3,154122.0395,310.18,0.20,1008.89,0.65,-834.21,-0.54,-2938.7,-29.39
1197,매도 진입,2024-04-15 07:00,S4,2360.215,65.3,154122.0395,310.18,0.20,1008.89,0.65,-834.21,-0.54,-2938.7,-29.39
1198,매도 청산,2024-04-15 22:10,XS5,2355.465,108.84,257552.4456,1183.64,0.46,2348.22,0.91,-723.79,-0.28,-1755.06,-17.55
1198,매도 진입,2024-04-15 07:00,S5,2366.34,108.84,257552.4456,1183.64,0.46,2348.22,0.91,-723.79,-0.28,-1755.06,-17.55
1199,매도 청산,2024-04-15 22:10,XS6,2355.465,326.53,774680.9964,5551.01,0.72,9044.88,1.17,-171.43,-0.02,3795.95,37.96
1199,매도 진입,2024-04-15 07:00,S6,2372.465,326.53,774680.9964,5551.01,0.72,9044.88,1.17,-171.43,-0.02,3795.95,37.96
1200,매도 청산,2024-04-16 21:20,XS1,2372.595,67.59,160363.696,0,0.00,160.53,0.10,-191.96,-0.12,3795.95,37.96
1200,매도 진입,2024-04-16 20:10,S1,2372.595,67.59,160363.696,0,0.00,160.53,0.10,-191.96,-0.12,3795.95,37.96
1201,매도 청산,2024-04-16 21:20,XS2,2372.595,82.61,196222.2938,222.22,0.11,304.83,0.16,-12.39,-0.01,4018.17,40.18
1201,매도 진입,2024-04-16 20:50,S2,2375.285,82.61,196222.2938,222.22,0.11,304.83,0.16,-12.39,-0.01,4018.17,40.18
1202,매도 청산,2024-04-16 22:50,XS1,2375.495,67.59,160772.9535,213.25,0.13,605.27,0.38,0,0.00,4231.42,42.31
1202,매도 진입,2024-04-16 22:30,S1,2378.65,67.59,160772.9535,213.25,0.13,605.27,0.38,0,0.00,4231.42,42.31
1203,매수 청산,2024-04-17 20:10,XL1,2388.33,127.14,303652.2762,0,0.00,265.09,0.09,-412.57,-0.14,4231.42,42.31
1203,매수 진입,2024-04-17 19:20,L1,2388.33,127.14,303652.2762,0,0.00,265.09,0.09,-412.57,-0.14,4231.42,42.31
1204,매수 청산,2024-04-17 20:10,XL2,2388.33,155.4,370924.26,222.22,0.06,222.22,0.06,-282.05,-0.08,4453.64,44.54
1204,매수 진입,2024-04-17 19:40,L2,2386.9,155.4,370924.26,222.22,0.06,222.22,0.06,-282.05,-0.08,4453.64,44.54
1205,매수 청산,2024-04-17 20:10,XL3,2388.33,199.8,476616.906,571.43,0.12,571.43,0.12,-76.92,-0.02,5025.07,50.25
1205,매수 진입,2024-04-17 19:40,L3,2385.47,199.8,476616.906,571.43,0.12,571.43,0.12,-76.92,-0.02,5025.07,50.25
1206,매도 청산,2024-04-18 05:50,XS1,2360.34,34.76,82590.8028,545.38,0.66,545.38,0.66,-110.71,-0.13,5570.45,55.70
1206,매도 진입,2024-04-18 02:40,S1,2376.03,34.76,82590.8028,545.38,0.66,545.38,0.66,-110.71,-0.13,5570.45,55.70
1207,매수 청산,2024-04-18 21:00,XL1,2383.8,67.96,161821.255,181.79,0.11,292.57,0.18,-123.01,-0.08,5752.24,57.52
1207,매수 진입,2024-04-18 20:20,L1,2381.125,67.96,161821.255,181.79,0.11,292.57,0.18,-123.01,-0.08,5752.24,57.52
1208,매수 청산,2024-04-19 10:10,반대신호정리,2386.745,11.54,27432.4264,110.61,0.40,141.31,0.52,-86.9,-0.32,5862.85,58.63
1208,매수 진입,2024-04-18 23:30,L1,2377.16,11.54,27432.4264,110.61,0.40,141.31,0.52,-86.9,-0.32,5862.85,58.63
1209,매수 청산,2024-04-22 15:40,XL1,2360.682,29.63,70946.81275,-999.81,-1.41,114.52,0.16,-999.81,-1.41,4863.05,48.63
1209,매수 진입,2024-04-20 02:50,L1,2394.425,29.63,70946.81275,-999.81,-1.41,114.52,0.16,-999.81,-1.41,4863.05,48.63
1210,매수 청산,2024-04-22 15:40,XL2,2360.682,36.22,86503.8638,-999.96,-1.16,150.86,0.17,-999.96,-1.16,3863.09,38.63
1210,매수 진입,2024-04-20 04:40,L2,2388.29,36.22,86503.8638,-999.96,-1.16,150.86,0.17,-999.96,-1.16,3863.09,38.63
1211,매수 청산,2024-04-22 15:40,XL3,2360.682,46.57,110936.9584,-1000,-0.90,266.15,0.24,-1000,-0.90,2863.09,28.63
1211,매수 진입,2024-04-22 07:10,L3,2382.155,46.57,110936.9584,-1000,-0.90,266.15,0.24,-1000,-0.90,2863.09,28.63
1212,매도 청산,2024-04-23 14:50,XS1,2306.695,34.17,78819.76815,0,0.00,166.07,0.21,-278.14,-0.35,2863.09,28.63
1212,매도 진입,2024-04-23 12:40,S1,2306.695,34.17,78819.76815,0,0.00,166.07,0.21,-278.14,-0.35,2863.09,28.63
1213,매도 청산,2024-04-23 14:50,XS2,2306.695,41.77,96572.86655,222.22,0.23,222.22,0.23,-117.79,-0.12,3085.31,30.85
1213,매도 진입,2024-04-23 14:10,S2,2312.015,41.77,96572.86655,222.22,0.23,222.22,0.23,-117.79,-0.12,3085.31,30.85
1214,매수 청산,2024-04-24 15:50,XL1,2325.905,124.53,289685.4219,-40.47,-0.01,109.59,0.04,-239.72,-0.08,3044.83,30.45
1214,매수 진입,2024-04-24 15:30,L1,2326.23,124.53,289685.4219,-40.47,-0.01,109.59,0.04,-239.72,-0.08,3044.83,30.45
1215,매수 청산,2024-04-24 15:50,XL2,2325.905,152.2,353829.994,172.75,0.05,334.84,0.09,-70.77,-0.02,3217.58,32.18
1215,매수 진입,2024-04-24 15:30,L2,2324.77,152.2,353829.994,172.75,0.05,334.84,0.09,-70.77,-0.02,3217.58,32.18
1216,매도 청산,2024-04-24 20:10,XS1,2313.725,43.23,100204.1139,181.78,0.18,181.78,0.18,-28.53,-0.03,3399.36,33.99
1216,매도 진입,2024-04-24 19:10,S1,2317.93,43.23,100204.1139,181.78,0.18,181.78,0.18,-28.53,-0.03,3399.36,33.99
1217,매수 청산,2024-04-25 09:10,반대신호정리,2317.285,28.58,66454.7876,-226.78,-0.34,153.62,0.23,-328.67,-0.49,3172.58,31.73
1217,매수 진입,2024-04-25 00:40,L1,2325.22,28.58,66454.7876,-226.78,-0.34,153.62,0.23,-328.67,-0.49,3172.58,31.73
1218,매수 청산,2024-04-25 09:10,반대신호정리,2317.285,34.94,81020.9684,-55.03,-0.07,128.06,0.16,-179.59,-0.22,3117.55,31.18
1218,매수 진입,2024-04-25 03:30,L2,2318.86,34.94,81020.9684,-55.03,-0.07,128.06,0.16,-179.59,-0.22,3117.55,31.18
1219,매수 청산,2024-04-26 01:40,XL1,2330.485,27.56,64228.1666,0,0.00,55.67,0.09,-205.05,-0.32,3117.55,31.18
1219,매수 진입,2024-04-26 00:50,L1,2330.485,27.56,64228.1666,0,0.00,55.67,0.09,-205.05,-0.32,3117.55,31.18
1220,매수 청산,2024-04-26 01:40,XL2,2330.485,33.69,78291.8541,222.19,0.28,222.19,0.28,-28.47,-0.04,3339.74,33.40
1220,매수 진입,2024-04-26 01:20,L2,2323.89,33.69,78291.8541,222.19,0.28,222.19,0.28,-28.47,-0.04,3339.74,33.40
1221,매수 청산,2024-04-26 18:10,XL1,2349.91,58.27,136747.4533,181.8,0.13,181.8,0.13,-32.05,-0.02,3521.54,35.22
1221,매수 진입,2024-04-26 17:30,L1,2346.79,58.27,136747.4533,181.8,0.13,181.8,0.13,-32.05,-0.02,3521.54,35.22
1222,매도 청산,2024-04-29 15:40,XS1,2328.51,32.32,75257.4432,0,0.00,33.94,0.05,-262.76,-0.35,3521.54,35.22
1222,매도 진입,2024-04-29 13:00,S1,2328.51,32.32,75257.4432,0,0.00,33.94,0.05,-262.76,-0.35,3521.54,35.22
1223,매도 청산,2024-04-29 15:40,XS2,2328.51,39.5,92198.3325,222.19,0.24,222.19,0.24,-98.95,-0.11,3743.73,37.44
1223,매도 진입,2024-04-29 14:00,S2,2334.135,39.5,92198.3325,222.19,0.24,222.19,0.24,-98.95,-0.11,3743.73,37.44
1224,매수 청산,2024-04-29 21:40,XL1,2328.847,76.55,179273.2105,-999.97,-0.56,84.21,0.05,-999.97,-0.56,2743.75,27.44
1224,매수 진입,2024-04-29 19:40,L1,2341.91,76.55,179273.2105,-999.97,-0.56,84.21,0.05,-999.97,-0.56,2743.75,27.44
1225,매수 청산,2024-04-29 21:40,XL2,2328.847,93.56,218886.8946,-999.97,-0.46,16.84,0.01,-999.97,-0.46,1743.78,17.44
1225,매수 진입,2024-04-29 20:40,L2,2339.535,93.56,218886.8946,-999.97,-0.46,16.84,0.01,-999.97,-0.46,1743.78,17.44
1226,매수 청산,2024-04-29 21:40,XL3,2328.847,120.3,281160.348,-1000.05,-0.36,53.53,0.02,-1000.05,-0.36,743.73,7.44
1226,매수 진입,2024-04-29 20:50,L3,2337.16,120.3,281160.348,-1000.05,-0.36,53.53,0.02,-1000.05,-0.36,743.73,7.44
1227,매수 청산,2024-04-29 21:40,XL4,2328.847,168.42,393224.4897,-1000.08,-0.25,197.89,0.05,-1000.08,-0.25,-256.35,-2.56
1227,매수 진입,2024-04-29 21:10,L4,2334.785,168.42,393224.4897,-1000.08,-0.25,197.89,0.05,-1000.08,-0.25,-256.35,-2.56
1228,매수 청산,2024-04-29 21:40,XL5,2328.847,280.7,654707.487,-1000.13,-0.15,134.74,0.02,-1000.13,-0.15,-1256.48,-12.56
1228,매수 진입,2024-04-29 21:30,L5,2332.41,280.7,654707.487,-1000.13,-0.15,134.74,0.02,-1000.13,-0.15,-1256.48,-12.56
1229,매수 청산,2024-04-29 21:40,XL6,2328.847,842.1,1962122.473,-1000.41,-0.05,640,0.03,-1000.41,-0.05,-2256.9,-22.57
1229,매수 진입,2024-04-29 21:30,L6,2330.035,842.1,1962122.473,-1000.41,-0.05,640,0.03,-1000.41,-0.05,-2256.9,-22.57
1230,매수 청산,2024-04-30 09:00,반대신호정리,2333.185,30.76,71996.087,-227.32,-0.32,102.12,0.14,-234.54,-0.33,-2484.21,-24.84
1230,매수 진입,2024-04-30 02:50,L1,2340.575,30.76,71996.087,-227.32,-0.32,102.12,0.14,-234.54,-0.33,-2484.21,-24.84
1231,매수 청산,2024-04-30 09:00,반대신호정리,2333.185,37.6,87783.404,-55.65,-0.06,118.44,0.13,-64.48,-0.07,-2539.86,-25.40
1231,매수 진입,2024-04-30 04:00,L2,2334.665,37.6,87783.404,-55.65,-0.06,118.44,0.13,-64.48,-0.07,-2539.86,-25.40
1232,매도 청산,2024-04-30 20:00,XS1,2314.87,61.01,141230.2187,0,0.00,34.47,0.02,-195.54,-0.14,-2539.86,-25.40
1232,매도 진입,2024-04-30 18:20,S1,2314.87,61.01,141230.2187,0,0.00,34.47,0.02,-195.54,-0.14,-2539.86,-25.40
1233,매도 청산,2024-04-30 20:00,XS2,2314.87,74.57,172842.0745,222.22,0.13,222.22,0.13,-16.78,-0.01,-2317.64,-23.18
1233,매도 진입,2024-04-30 19:20,S2,2317.85,74.57,172842.0745,222.22,0.13,222.22,0.13,-16.78,-0.01,-2317.64,-23.18
1234,매도 청산,2024-05-02 21:50,XS1,2299.43,43.49,100002.2107,0,0.00,101.33,0.10,-222.67,-0.22,-2317.64,-23.18
1234,매도 진입,2024-05-02 20:00,S1,2299.43,43.49,100002.2107,0,0.00,101.33,0.10,-222.67,-0.22,-2317.64,-23.18
1235,매도 청산,2024-05-02 21:50,XS2,2299.43,53.16,122459.9076,222.21,0.18,284.41,0.23,-49.97,-0.04,-2095.43,-20.95
1235,매도 진입,2024-05-02 21:20,S2,2303.61,53.16,122459.9076,222.21,0.18,284.41,0.23,-49.97,-0.04,-2095.43,-20.95
1236,매도 청산,2024-05-03 04:30,XS1,2302.85,32.38,74566.283,0,0.00,124.34,0.17,-216.3,-0.29,-2095.43,-20.95
1236,매도 진입,2024-05-03 01:50,S1,2302.85,32.38,74566.283,0,0.00,124.34,0.17,-216.3,-0.29,-2095.43,-20.95
1237,매도 청산,2024-05-03 04:30,XS2,2302.85,39.57,91345.96005,222.19,0.24,222.19,0.24,-42.14,-0.05,-1873.25,-18.73
1237,매도 진입,2024-05-03 02:50,S2,2308.465,39.57,91345.96005,222.19,0.24,222.19,0.24,-42.14,-0.05,-1873.25,-18.73
1238,매도 청산,2024-05-03 15:10,반대신호정리,2304.235,62.8,144543.62,-162.34,-0.11,59.97,0.04,-449.02,-0.31,-2035.59,-20.36
1238,매도 진입,2024-05-03 12:30,S1,2301.65,62.8,144543.62,-162.34,-0.11,59.97,0.04,-449.02,-0.31,-2035.59,-20.36
1239,매수 청산,2024-05-06 16:20,XL1,2314.93,89.12,205761.1472,545.41,0.27,545.41,0.27,-57.04,-0.03,-1490.17,-14.90
1239,매수 진입,2024-05-06 12:20,L1,2308.81,89.12,205761.1472,545.41,0.27,545.41,0.27,-57.04,-0.03,-1490.17,-14.90
1240,매수 청산,2024-05-06 18:40,XL1,2319.79,133.2,308996.028,0,0.00,241.09,0.08,-546.12,-0.18,-1490.17,-14.90
1240,매수 진입,2024-05-06 17:20,L1,2319.79,133.2,308996.028,0,0.00,241.09,0.08,-546.12,-0.18,-1490.17,-14.90
1241,매수 청산,2024-05-06 18:40,XL2,2319.79,162.8,377439.59,222.22,0.06,222.22,0.06,-445.26,-0.12,-1267.95,-12.68
1241,매수 진입,2024-05-06 17:40,L2,2318.425,162.8,377439.59,222.22,0.06,222.22,0.06,-445.26,-0.12,-1267.95,-12.68
1242,매수 청산,2024-05-06 18:40,XL3,2319.79,209.31,484983.8286,571.42,0.12,571.42,0.12,-286.75,-0.06,-696.53,-6.97
1242,매수 진입,2024-05-06 18:10,L3,2317.06,209.31,484983.8286,571.42,0.12,571.42,0.12,-286.75,-0.06,-696.53,-6.97
1243,매수 청산,2024-05-06 18:40,XL4,2319.79,293.04,678591.2628,1200,0.18,1200,0.18,-1.47,0.00,503.46,5.03
1243,매수 진입,2024-05-06 18:20,L4,2315.695,293.04,678591.2628,1200,0.18,1200,0.18,-1.47,0.00,503.46,5.03
1244,매수 청산,2024-05-06 21:30,XL1,2318.55,133.2,308830.86,0,0.00,131.2,0.04,-526.14,-0.17,503.46,5.03
1244,매수 진입,2024-05-06 20:50,L1,2318.55,133.2,308830.86,0,0.00,131.2,0.04,-526.14,-0.17,503.46,5.03
1245,매수 청산,2024-05-06 21:30,XL2,2318.55,162.8,377237.718,222.22,0.06,222.22,0.06,-420.84,-0.11,725.69,7.26
1245,매수 진입,2024-05-06 21:00,L2,2317.185,162.8,377237.718,222.22,0.06,222.22,0.06,-420.84,-0.11,725.69,7.26
1246,매수 청산,2024-05-06 21:30,XL3,2318.55,209.31,484724.2842,571.42,0.12,571.42,0.12,-255.36,-0.05,1297.1,12.97
1246,매수 진입,2024-05-06 21:00,L3,2315.82,209.31,484724.2842,571.42,0.12,571.42,0.12,-255.36,-0.05,1297.1,12.97
1247,매도 청산,2024-05-07 18:40,XS1,2313.66,100.45,232588.9615,181.81,0.08,181.81,0.08,-142.64,-0.06,1478.92,14.79
1247,매도 진입,2024-05-07 18:10,S1,2315.47,100.45,232588.9615,181.81,0.08,181.81,0.08,-142.64,-0.06,1478.92,14.79
1248,매도 청산,2024-05-07 20:50,XS1,2313.35,100.45,232502.0722,126.06,0.05,154.19,0.07,-202.91,-0.09,1604.98,16.05
1248,매도 진입,2024-05-07 19:30,S1,2314.605,100.45,232502.0722,126.06,0.05,154.19,0.07,-202.91,-0.09,1604.98,16.05
1249,매도 청산,2024-05-07 20:50,XS2,2313.35,122.77,284386.2695,376.29,0.13,400.23,0.14,-25.78,-0.01,1981.27,19.81
1249,매도 진입,2024-05-07 20:30,S2,2316.415,122.77,284386.2695,376.29,0.13,400.23,0.14,-25.78,-0.01,1981.27,19.81
1250,매도 청산,2024-05-08 14:40,반대신호정리,2319.2,54.11,125089.6041,-402.31,-0.32,22.73,0.02,-528.38,-0.42,1578.96,15.79
1250,매도 진입,2024-05-08 11:40,S1,2311.765,54.11,125089.6041,-402.31,-0.32,22.73,0.02,-528.38,-0.42,1578.96,15.79
1251,매도 청산,2024-05-08 14:40,반대신호정리,2319.2,66.13,153099.2162,-269.48,-0.18,2.65,0.00,-423.56,-0.28,1309.48,13.09
1251,매도 진입,2024-05-08 11:50,S2,2315.125,66.13,153099.2162,-269.48,-0.18,2.65,0.00,-423.56,-0.28,1309.48,13.09
1252,매도 청산,2024-05-08 14:40,반대신호정리,2319.2,85.03,197140.7796,-60.8,-0.03,82.9,0.04,-258.92,-0.13,1248.69,12.49
1252,매도 진입,2024-05-08 13:10,S3,2318.485,85.03,197140.7796,-60.8,-0.03,82.9,0.04,-258.92,-0.13,1248.69,12.49
1253,매수 청산,2024-05-08 17:50,반대신호정리,2308.34,54.11,125415.3463,-511.07,-0.41,68.18,0.05,-759.7,-0.61,737.62,7.38
1253,매수 진입,2024-05-08 15:00,L1,2317.785,54.11,125415.3463,-511.07,-0.41,68.18,0.05,-759.7,-0.61,737.62,7.38
1254,매수 청산,2024-05-08 17:50,반대신호정리,2308.34,66.13,153052.9253,-402.4,-0.26,39.02,0.03,-706.27,-0.46,335.22,3.35
1254,매수 진입,2024-05-08 15:50,L2,2314.425,66.13,153052.9253,-402.4,-0.26,39.02,0.03,-706.27,-0.46,335.22,3.35
1255,매수 청산,2024-05-08 17:50,반대신호정리,2308.34,85.03,196509.857,-231.71,-0.12,106.71,0.05,-622.42,-0.32,103.51,1.04
1255,매수 진입,2024-05-08 16:30,L3,2311.065,85.03,196509.857,-231.71,-0.12,106.71,0.05,-622.42,-0.32,103.51,1.04
1256,매수 청산,2024-05-08 17:50,반대신호정리,2308.34,119.04,274709.2032,75.59,0.03,198.2,0.07,-471.4,-0.17,179.1,1.79
1256,매수 진입,2024-05-08 16:50,L4,2307.705,119.04,274709.2032,75.59,0.03,198.2,0.07,-471.4,-0.17,179.1,1.79
1257,매수 청산,2024-05-08 17:50,반대신호정리,2308.34,198.41,457205.0914,792.65,0.17,997.01,0.22,-119.05,-0.03,971.75,9.72
1257,매수 진입,2024-05-08 17:00,L5,2304.345,198.41,457205.0914,792.65,0.17,997.01,0.22,-119.05,-0.03,971.75,9.72
1258,매도 청산,2024-05-08 21:00,XS1,2318.45,121.21,280019.342,-999.98,-0.36,44.85,0.02,-999.98,-0.36,-28.23,-0.28
1258,매도 진입,2024-05-08 18:40,S1,2310.2,121.21,280019.342,-999.98,-0.36,44.85,0.02,-999.98,-0.36,-28.23,-0.28
1259,매도 청산,2024-05-08 21:00,XS2,2318.45,148.14,342455.238,-999.94,-0.29,11.11,0.00,-999.94,-0.29,-1028.18,-10.28
1259,매도 진입,2024-05-08 19:00,S2,2311.7,148.14,342455.238,-999.94,-0.29,11.11,0.00,-999.94,-0.29,-1028.18,-10.28
1260,매도 청산,2024-05-08 21:00,XS3,2318.45,190.47,440595.204,-999.97,-0.23,195.23,0.04,-999.97,-0.23,-2028.15,-20.28
1260,매도 진입,2024-05-08 19:00,S3,2313.2,190.47,440595.204,-999.97,-0.23,195.23,0.04,-999.97,-0.23,-2028.15,-20.28
1261,매도 청산,2024-05-08 21:00,XS4,2318.45,266.66,617237.902,-999.97,-0.16,462.66,0.07,-999.97,-0.16,-3028.12,-30.28
1261,매도 진입,2024-05-08 19:10,S4,2314.7,266.66,617237.902,-999.97,-0.16,462.66,0.07,-999.97,-0.16,-3028.12,-30.28
1262,매도 청산,2024-05-08 21:00,XS5,2318.45,444.44,1029411.928,-999.99,-0.10,1437.76,0.14,-999.99,-0.10,-4028.11,-40.28
1262,매도 진입,2024-05-08 19:20,S5,2316.2,444.44,1029411.928,-999.99,-0.10,1437.76,0.14,-999.99,-0.10,-4028.11,-40.28
1263,매도 청산,2024-05-08 21:00,XS6,2318.45,1333.33,3090258.941,-1000,-0.03,6313.32,0.20,-1000,-0.03,-5028.11,-50.28
1263,매도 진입,2024-05-08 20:00,S6,2317.7,1333.33,3090258.941,-1000,-0.03,6313.32,0.20,-1000,-0.03,-5028.11,-50.28
1264,매도 청산,2024-05-09 00:10,반대신호정리,2315,41.22,95383.9044,-40.4,-0.04,19.79,0.02,-157.05,-0.16,-5068.5,-50.69
1264,매도 진입,2024-05-08 23:20,S1,2314.02,41.22,95383.9044,-40.4,-0.04,19.79,0.02,-157.05,-0.16,-5068.5,-50.69
1265,매수 청산,2024-05-09 07:10,반대신호정리,2310.55,41.22,95581.5543,-340.68,-0.36,4.33,0.00,-448.27,-0.47,-5409.19,-54.09
1265,매수 진입,2024-05-09 01:30,L1,2318.815,41.22,95581.5543,-340.68,-0.36,4.33,0.00,-448.27,-0.47,-5409.19,-54.09
1266,매수 청산,2024-05-09 07:10,반대신호정리,2310.55,50.39,116622.868,-194.25,-0.17,62.99,0.05,-325.77,-0.28,-5603.44,-56.03
1266,매수 진입,2024-05-09 02:20,L2,2314.405,50.39,116622.868,-194.25,-0.17,62.99,0.05,-325.77,-0.28,-5603.44,-56.03
1267,매수 청산,2024-05-09 07:10,반대신호정리,2310.55,64.78,149641.4761,35.95,0.02,56.36,0.04,-133.12,-0.09,-5567.49,-55.67
1267,매수 진입,2024-05-09 04:20,L3,2309.995,64.78,149641.4761,35.95,0.02,56.36,0.04,-133.12,-0.09,-5567.49,-55.67
1268,매수 청산,2024-05-09 22:40,XL1,2319.63,70.06,162151.7682,361.51,0.22,513.19,0.32,-23.82,-0.01,-5205.98,-52.06
1268,매수 진입,2024-05-09 22:20,L1,2314.47,70.06,162151.7682,361.51,0.22,513.19,0.32,-23.82,-0.01,-5205.98,-52.06
1269,매수 청산,2024-05-10 15:10,XL1,2359.68,52.17,122559.0682,545.44,0.45,545.44,0.45,-104.6,-0.09,-4660.54,-46.61
1269,매수 진입,2024-05-10 11:30,L1,2349.225,52.17,122559.0682,545.44,0.45,545.44,0.45,-104.6,-0.09,-4660.54,-46.61
1270,매도 청산,2024-05-13 18:20,XS1,2341.565,53.63,126123.5481,545.42,0.43,545.42,0.43,-40.49,-0.03,-4115.12,-41.15
1270,매도 진입,2024-05-13 15:10,S1,2351.735,53.63,126123.5481,545.42,0.43,545.42,0.43,-40.49,-0.03,-4115.12,-41.15
1271,매수 청산,2024-05-14 16:00,XL1,2339.109,67.96,159065.8168,-99.97,-0.06,30.58,0.02,-252.47,-0.16,-4215.09,-42.15
1271,매수 진입,2024-05-14 15:30,L1,2340.58,67.96,159065.8168,-99.97,-0.06,30.58,0.02,-252.47,-0.16,-4215.09,-42.15
1272,매수 청산,2024-05-14 16:00,XL2,2339.109,83.07,194209.7683,100.02,0.05,103.42,0.05,-86.39,-0.04,-4115.08,-41.15
1272,매수 진입,2024-05-14 15:30,L2,2337.905,83.07,194209.7683,100.02,0.05,103.42,0.05,-86.39,-0.04,-4115.08,-41.15
1273,매수 청산,2024-05-14 19:50,XL1,2346.005,109.85,257708.6492,0,0.00,88.43,0.03,-366.35,-0.14,-4115.08,-41.15
1273,매수 진입,2024-05-14 19:20,L1,2346.005,109.85,257708.6492,0,0.00,88.43,0.03,-366.35,-0.14,-4115.08,-41.15
1274,매수 청산,2024-05-14 19:50,XL2,2346.005,134.27,314775.8745,222.22,0.07,222.22,0.07,-225.57,-0.07,-3892.86,-38.93
1274,매수 진입,2024-05-14 19:30,L2,2344.35,134.27,314775.8745,222.22,0.07,222.22,0.07,-225.57,-0.07,-3892.86,-38.93
1275,매수 청산,2024-05-14 19:50,XL3,2346.005,172.63,404419.4379,571.41,0.14,571.41,0.14,-4.32,0.00,-3321.45,-33.21
1275,매수 진입,2024-05-14 19:30,L3,2342.695,172.63,404419.4379,571.41,0.14,571.41,0.14,-4.32,0.00,-3321.45,-33.21
1276,매수 청산,2024-05-15 14:30,XL1,2357.688,125.39,295730.4342,-99.94,-0.03,34.48,0.01,-339.81,-0.11,-3421.39,-34.21
1276,매수 진입,2024-05-15 13:40,L1,2358.485,125.39,295730.4342,-99.94,-0.03,34.48,0.01,-339.81,-0.11,-3421.39,-34.21
1277,매수 청산,2024-05-15 14:30,XL2,2357.688,153.25,361215.6137,100.07,0.03,100.07,0.03,-193.09,-0.05,-3321.32,-33.21
1277,매수 진입,2024-05-15 13:40,L2,2357.035,153.25,361215.6137,100.07,0.03,100.07,0.03,-193.09,-0.05,-3321.32,-33.21
1278,매수 청산,2024-05-15 14:30,XL2,2357.688,153.25,361093.3202,222.37,0.06,222.37,0.06,-70.8,-0.02,-3098.95,-30.99
1278,매수 진입,2024-05-15 13:50,L2,2356.237,153.25,361093.3202,222.37,0.06,222.37,0.06,-70.8,-0.02,-3098.95,-30.99
1279,매도 청산,2024-05-17 16:40,반대신호정리,2383.845,25.62,61019.4102,-54.7,-0.09,197.02,0.32,-156.79,-0.26,-3153.65,-31.54
1279,매도 진입,2024-05-17 01:40,S1,2381.71,25.62,61019.4102,-54.7,-0.09,197.02,0.32,-156.79,-0.26,-3153.65,-31.54
1280,매수 청산,2024-05-17 17:50,XL1,2383.935,96.71,230550.3538,0,0.00,71.57,0.03,-250.96,-0.11,-3153.65,-31.54
1280,매수 진입,2024-05-17 17:20,L1,2383.935,96.71,230550.3538,0,0.00,71.57,0.03,-250.96,-0.11,-3153.65,-31.54
1281,매수 청산,2024-05-17 17:50,XL2,2383.935,118.2,281558.901,222.22,0.08,222.22,0.08,-84.51,-0.03,-2931.43,-29.31
1281,매수 진입,2024-05-17 17:30,L2,2382.055,118.2,281558.901,222.22,0.08,222.22,0.08,-84.51,-0.03,-2931.43,-29.31
1282,매수 청산,2024-05-20 23:50,반대신호정리,2419.56,15.36,37362.7392,-198.3,-0.53,271.18,0.73,-386,-1.03,-3129.73,-31.30
1282,매수 진입,2024-05-20 11:40,L1,2432.47,15.36,37362.7392,-198.3,-0.53,271.18,0.73,-386,-1.03,-3129.73,-31.30
1283,매수 청산,2024-05-20 23:50,반대신호정리,2419.56,18.78,45459.6192,-20.28,-0.04,52.02,0.11,-249.77,-0.55,-3150.01,-31.50
1283,매수 진입,2024-05-20 21:10,L2,2420.64,18.78,45459.6192,-20.28,-0.04,52.02,0.11,-249.77,-0.55,-3150.01,-31.50
1284,매수 청산,2024-05-20 23:50,반대신호정리,2419.56,24.15,58172.7615,259.61,0.45,337.01,0.58,-35.5,-0.06,-2890.4,-28.90
1284,매수 진입,2024-05-20 21:40,L3,2408.81,24.15,58172.7615,259.61,0.45,337.01,0.58,-35.5,-0.06,-2890.4,-28.90
1285,매도 청산,2024-05-21 17:30,XS1,2415.3,31.4,75840.42,0,0.00,209.6,0.28,-218.54,-0.29,-2890.4,-28.90
1285,매도 진입,2024-05-21 13:50,S1,2415.3,31.4,75840.42,0,0.00,209.6,0.28,-218.54,-0.29,-2890.4,-28.90
1286,매도 청산,2024-05-21 17:30,XS2,2415.3,38.38,92921.4342,222.22,0.24,222.22,0.24,-44.9,-0.05,-2668.18,-26.68
1286,매도 진입,2024-05-21 16:40,S2,2421.09,38.38,92921.4342,222.22,0.24,222.22,0.24,-44.9,-0.05,-2668.18,-26.68
1287,매도 청산,2024-05-22 05:30,반대신호정리,2421.755,38.03,92132.6189,33.28,0.04,54.57,0.06,-93.55,-0.10,-2634.91,-26.35
1287,매도 진입,2024-05-22 04:10,S1,2422.63,38.03,92132.6189,33.28,0.04,54.57,0.06,-93.55,-0.10,-2634.91,-26.35
1288,매도 청산,2024-05-23 21:50,XS1,2361.24,61.63,145523.2212,0,0.00,160.24,0.11,-508.76,-0.35,-2634.91,-26.35
1288,매도 진입,2024-05-23 17:40,S1,2361.24,61.63,145523.2212,0,0.00,160.24,0.11,-508.76,-0.35,-2634.91,-26.35
1289,매도 청산,2024-05-23 21:50,XS2,2361.24,75.32,178070.7908,222.19,0.12,222.19,0.12,-399.57,-0.22,-2412.71,-24.13
1289,매도 진입,2024-05-23 18:50,S2,2364.19,75.32,178070.7908,222.19,0.12,222.19,0.12,-399.57,-0.22,-2412.71,-24.13
1290,매도 청산,2024-05-23 21:50,XS3,2361.24,96.85,229257.509,571.42,0.25,571.42,0.25,-228.08,-0.10,-1841.3,-18.41
1290,매도 진입,2024-05-23 19:10,S3,2367.14,96.85,229257.509,571.42,0.25,571.42,0.25,-228.08,-0.10,-1841.3,-18.41
1291,매수 청산,2024-05-25 03:10,반대신호정리,2335.725,30,70050,21.75,0.03,60.45,0.09,-89.7,-0.13,-1819.55,-18.20
1291,매수 진입,2024-05-25 00:30,L1,2335,30,70050,21.75,0.03,60.45,0.09,-89.7,-0.13,-1819.55,-18.20
1292,매수 청산,2024-05-27 17:10,XL1,2342.46,45.68,107003.5728,0,0.00,101.64,0.09,-193.45,-0.18,-1819.55,-18.20
1292,매수 진입,2024-05-27 14:40,L1,2342.46,45.68,107003.5728,0,0.00,101.64,0.09,-193.45,-0.18,-1819.55,-18.20
1293,매수 청산,2024-05-27 17:10,XL2,2342.46,55.83,130557.3384,222.2,0.17,222.2,0.17,-14.24,-0.01,-1597.34,-15.97
1293,매수 진입,2024-05-27 16:30,L2,2338.48,55.83,130557.3384,222.2,0.17,222.2,0.17,-14.24,-0.01,-1597.34,-15.97
1294,매수 청산,2024-05-28 17:10,반대신호정리,2343.34,76.07,179069.5407,-811.67,-0.45,102.69,0.06,-959.24,-0.54,-2409.01,-24.09
1294,매수 진입,2024-05-28 11:20,L1,2354.01,76.07,179069.5407,-811.67,-0.45,102.69,0.06,-959.24,-0.54,-2409.01,-24.09
1295,매수 청산,2024-05-28 17:10,반대신호정리,2343.34,92.98,218653.6276,-769.87,-0.35,204.09,0.09,-950.26,-0.43,-3178.88,-31.79
1295,매수 진입,2024-05-28 12:20,L2,2351.62,92.98,218653.6276,-769.87,-0.35,204.09,0.09,-950.26,-0.43,-3178.88,-31.79
1296,매수 청산,2024-05-28 17:10,반대신호정리,2343.34,119.54,280826.9542,-704.09,-0.25,96.83,0.03,-936,-0.33,-3882.97,-38.83
1296,매수 진입,2024-05-28 15:00,L3,2349.23,119.54,280826.9542,-704.09,-0.25,96.83,0.03,-936,-0.33,-3882.97,-38.83
1297,매수 청산,2024-05-28 17:10,반대신호정리,2343.34,167.36,392767.1424,-585.76,-0.15,233.47,0.06,-910.44,-0.23,-4468.73,-44.69
1297,매수 진입,2024-05-28 15:10,L4,2346.84,167.36,392767.1424,-585.76,-0.15,233.47,0.06,-910.44,-0.23,-4468.73,-44.69
1298,매수 청산,2024-05-28 17:10,반대신호정리,2343.34,278.94,653960.883,-309.62,-0.05,344.49,0.05,-850.77,-0.13,-4778.36,-47.78
1298,매수 진입,2024-05-28 15:20,L5,2344.45,278.94,653960.883,-309.62,-0.05,344.49,0.05,-850.77,-0.13,-4778.36,-47.78
1299,매수 청산,2024-05-28 17:10,반대신호정리,2343.34,836.82,1959882.649,1071.13,0.05,2548.12,0.13,-552.3,-0.03,-3707.23,-37.07
1299,매수 진입,2024-05-28 15:30,L6,2342.06,836.82,1959882.649,1071.13,0.05,2548.12,0.13,-552.3,-0.03,-3707.23,-37.07
1300,매도 청산,2024-05-28 22:10,XS1,2360.16,64.02,150097.4508,-999.99,-0.67,58.58,0.04,-999.99,-0.67,-4707.22,-47.07
1300,매도 진입,2024-05-28 19:20,S1,2344.54,64.02,150097.4508,-999.99,-0.67,58.58,0.04,-999.99,-0.67,-4707.22,-47.07
1301,매도 청산,2024-05-28 22:10,XS2,2360.16,78.24,183659.0112,-999.91,-0.54,105.62,0.06,-999.91,-0.54,-5707.13,-57.07
1301,매도 진입,2024-05-28 20:40,S2,2347.38,78.24,183659.0112,-999.91,-0.54,105.62,0.06,-999.91,-0.54,-5707.13,-57.07
1302,매도 청산,2024-05-28 22:10,XS3,2360.16,100.6,236432.132,-999.96,-0.42,12.58,0.01,-999.96,-0.42,-6707.09,-67.07
1302,매도 진입,2024-05-28 21:10,S3,2350.22,100.6,236432.132,-999.96,-0.42,12.58,0.01,-999.96,-0.42,-6707.09,-67.07
1303,매도 청산,2024-05-28 22:10,XS4,2360.16,140.84,331404.9704,-999.96,-0.30,100,0.03,-999.96,-0.30,-7707.06,-77.07
1303,매도 진입,2024-05-28 21:20,S4,2353.06,140.84,331404.9704,-999.96,-0.30,100,0.03,-999.96,-0.30,-7707.06,-77.07
1304,매도 청산,2024-05-28 22:10,XS5,2360.16,234.74,553023.966,-999.99,-0.18,833.33,0.15,-999.99,-0.18,-8707.05,-87.07
1304,매도 진입,2024-05-28 21:20,S5,2355.9,234.74,553023.966,-999.99,-0.18,833.33,0.15,-999.99,-0.18,-8707.05,-87.07
1305,매도 청산,2024-05-28 22:10,XS6,2360.16,704.22,1661071.883,-999.99,-0.06,63.38,0.00,-999.99,-0.06,-9707.04,-97.07
1305,매도 진입,2024-05-28 22:10,S6,2358.74,704.22,1661071.883,-999.99,-0.06,63.38,0.00,-999.99,-0.06,-9707.04,-97.07
1306,매도 청산,2024-05-29 19:10,XS1,2343.595,117.3,275085.5085,181.82,0.07,181.82,0.07,-129.03,-0.05,-9525.23,-95.25
1306,매도 진입,2024-05-29 18:50,S1,2345.145,117.3,275085.5085,181.82,0.07,181.82,0.07,-129.03,-0.05,-9525.23,-95.25
1307,매도 청산,2024-05-30 14:30,XS1,2326.94,48.67,113797.5171,545.35,0.48,545.35,0.48,-87.61,-0.08,-8979.88,-89.80
1307,매도 진입,2024-05-30 07:00,S1,2338.145,48.67,113797.5171,545.35,0.48,545.35,0.48,-87.61,-0.08,-8979.88,-89.80
1308,매수 청산,2024-05-31 01:30,XL1,2345.365,50.78,119097.6347,0,0.00,22.34,0.02,-223.94,-0.19,-8979.88,-89.80
1308,매수 진입,2024-05-30 23:50,L1,2345.365,50.78,119097.6347,0,0.00,22.34,0.02,-223.94,-0.19,-8979.88,-89.80
1309,매수 청산,2024-05-31 01:30,XL2,2345.365,62.07,145354.5949,222.21,0.15,222.21,0.15,-51.52,-0.04,-8757.67,-87.58
1309,매수 진입,2024-05-31 01:00,L2,2341.785,62.07,145354.5949,222.21,0.15,222.21,0.15,-51.52,-0.04,-8757.67,-87.58
1310,매수 청산,2024-05-31 07:40,XL1,2344.865,50.78,119072.2447,0,0.00,38.59,0.03,-250.35,-0.21,-8757.67,-87.58
1310,매수 진입,2024-05-31 02:30,L1,2344.865,50.78,119072.2447,0,0.00,38.59,0.03,-250.35,-0.21,-8757.67,-87.58
1311,매수 청산,2024-05-31 07:40,XL2,2344.865,62.07,145323.5599,222.21,0.15,222.21,0.15,-83.79,-0.06,-8535.46,-85.35
1311,매수 진입,2024-05-31 04:00,L2,2341.285,62.07,145323.5599,222.21,0.15,222.21,0.15,-83.79,-0.06,-8535.46,-85.35
1312,매수 청산,2024-05-31 13:00,XL1,2343.961,104.49,245084.9521,-164.47,-0.07,84.11,0.03,-887.64,-0.36,-8699.92,-87.00
1312,매수 진입,2024-05-31 11:40,L1,2345.535,104.49,245084.9521,-164.47,-0.07,84.11,0.03,-887.64,-0.36,-8699.92,-87.00
1313,매수 청산,2024-05-31 13:00,XL2,2343.961,127.71,299326.0595,21.2,0.01,137.29,0.05,-862.68,-0.29,-8678.72,-86.79
1313,매수 진입,2024-05-31 11:40,L2,2343.795,127.71,299326.0595,21.2,0.01,137.29,0.05,-862.68,-0.29,-8678.72,-86.79
1314,매수 청산,2024-05-31 13:00,XL2,2343.961,127.71,299203.841,143.42,0.05,259.51,0.09,-740.46,-0.25,-8535.31,-85.35
1314,매수 진입,2024-05-31 11:40,L2,2342.838,127.71,299203.841,143.42,0.05,259.51,0.09,-740.46,-0.25,-8535.31,-85.35
1315,매수 청산,2024-05-31 13:00,XL2,2343.961,127.71,299124.9162,222.34,0.07,222.34,0.07,-661.54,-0.22,-8312.96,-83.13
1315,매수 진입,2024-05-31 12:00,L2,2342.22,127.71,299124.9162,222.34,0.07,222.34,0.07,-661.54,-0.22,-8312.96,-83.13
1316,매수 청산,2024-05-31 13:00,XL3,2343.961,164.2,384306.816,571.58,0.15,571.58,0.15,-564.85,-0.15,-7741.38,-77.41
1316,매수 진입,2024-05-31 12:00,L3,2340.48,164.2,384306.816,571.58,0.15,571.58,0.15,-564.85,-0.15,-7741.38,-77.41
1317,매수 청산,2024-05-31 13:00,XL4,2343.961,229.88,537629.5512,1200.2,0.22,1200.2,0.22,-390.8,-0.07,-6541.18,-65.41
1317,매수 진입,2024-05-31 12:00,L4,2338.74,229.88,537629.5512,1200.2,0.22,1200.2,0.22,-390.8,-0.07,-6541.18,-65.41
1318,매수 청산,2024-06-01 00:10,XL1,2330.007,46.92,110323.9344,-1000.01,-0.91,226.86,0.21,-1000.01,-0.91,-7541.19,-75.41
1318,매수 진입,2024-05-31 22:40,L1,2351.32,46.92,110323.9344,-1000.01,-0.91,226.86,0.21,-1000.01,-0.91,-7541.19,-75.41
1319,매수 청산,2024-06-01 00:10,XL2,2330.007,57.34,134602.4963,-999.89,-0.74,99.77,0.07,-999.89,-0.74,-8541.08,-85.41
1319,매수 진입,2024-05-31 22:50,L2,2347.445,57.34,134602.4963,-999.89,-0.74,99.77,0.07,-999.89,-0.74,-8541.08,-85.41
1320,매수 청산,2024-06-01 00:10,XL3,2330.007,73.73,172791.4161,-1000,-0.58,413.99,0.24,-1000,-0.58,-9541.08,-95.41
1320,매수 진입,2024-05-31 22:50,L3,2343.57,73.73,172791.4161,-1000,-0.58,413.99,0.24,-1000,-0.58,-9541.08,-95.41
1321,매수 청산,2024-06-01 00:10,XL4,2330.007,103.22,241503.3179,-1000,-0.41,458.3,0.19,-1000,-0.41,-10541.08,-105.41
1321,매수 진입,2024-05-31 23:10,L4,2339.695,103.22,241503.3179,-1000,-0.41,458.3,0.19,-1000,-0.41,-10541.08,-105.41
1322,매수 청산,2024-06-01 00:10,XL5,2330.007,172.04,401854.4728,-1000.07,-0.25,424.08,0.11,-1000.07,-0.25,-11541.14,-115.41
1322,매수 진입,2024-05-31 23:40,L5,2335.82,172.04,401854.4728,-1000.07,-0.25,424.08,0.11,-1000.07,-0.25,-11541.14,-115.41
1323,매수 청산,2024-06-01 00:10,XL6,2330.007,516.12,1203563.453,-1000.24,-0.08,38.71,0.00,-1000.24,-0.08,-12541.38,-125.41
1323,매수 진입,2024-06-01 00:10,L6,2331.945,516.12,1203563.453,-1000.24,-0.08,38.71,0.00,-1000.24,-0.08,-12541.38,-125.41
1324,매도 청산,2024-06-03 07:10,XS1,2324.445,46.92,109062.9594,0,0.00,180.64,0.17,-293.48,-0.27,-12541.38,-125.41
1324,매도 진입,2024-06-01 03:40,S1,2324.445,46.92,109062.9594,0,0.00,180.64,0.17,-293.48,-0.27,-12541.38,-125.41
1325,매도 청산,2024-06-03 07:10,XS2,2324.445,57.34,133505.8688,222.19,0.17,222.19,0.17,-136.47,-0.10,-12319.19,-123.19
1325,매도 진입,2024-06-01 04:50,S2,2328.32,57.34,133505.8688,222.19,0.17,222.19,0.17,-136.47,-0.10,-12319.19,-123.19
1326,매도 청산,2024-06-03 20:40,반대신호정리,2329.78,60.4,140226.15,-492.56,-0.35,412.53,0.29,-709.1,-0.51,-12811.75,-128.12
1326,매도 진입,2024-06-03 13:40,S1,2321.625,60.4,140226.15,-492.56,-0.35,412.53,0.29,-709.1,-0.51,-12811.75,-128.12
1327,매도 청산,2024-06-03 20:40,반대신호정리,2329.78,73.82,171604.5557,-379.8,-0.22,107.04,0.06,-644.45,-0.38,-13191.56,-131.92
1327,매도 진입,2024-06-03 16:00,S2,2324.635,73.82,171604.5557,-379.8,-0.22,107.04,0.06,-644.45,-0.38,-13191.56,-131.92
1328,매도 청산,2024-06-03 20:40,반대신호정리,2329.78,94.92,220940.0634,-202.65,-0.09,423.34,0.19,-542.94,-0.25,-13394.21,-133.94
1328,매도 진입,2024-06-03 16:10,S3,2327.645,94.92,220940.0634,-202.65,-0.09,423.34,0.19,-542.94,-0.25,-13394.21,-133.94
1329,매도 청산,2024-06-03 20:40,반대신호정리,2329.78,132.89,309720.7429,116.28,0.04,126.25,0.04,-360.13,-0.12,-13277.93,-132.78
1329,매도 진입,2024-06-03 19:40,S4,2330.655,132.89,309720.7429,116.28,0.04,126.25,0.04,-360.13,-0.12,-13277.93,-132.78
1330,매수 청산,2024-06-04 21:20,반대신호정리,2329.45,37.33,87621.90925,-663.54,-0.76,211.29,0.24,-814.54,-0.93,-13941.47,-139.41
1330,매수 진입,2024-06-04 03:40,L1,2347.225,37.33,87621.90925,-663.54,-0.76,211.29,0.24,-814.54,-0.93,-13941.47,-139.41
1331,매수 청산,2024-06-04 21:20,반대신호정리,2329.45,45.63,106881.6587,-588.86,-0.55,33.77,0.03,-773.43,-0.72,-14530.33,-145.30
1331,매수 진입,2024-06-04 16:30,L2,2342.355,45.63,106881.6587,-588.86,-0.55,33.77,0.03,-773.43,-0.72,-14530.33,-145.30
1332,매수 청산,2024-06-04 21:20,반대신호정리,2329.45,58.66,137116.8701,-471.33,-0.34,29.92,0.02,-708.61,-0.52,-15001.66,-150.02
1332,매수 진입,2024-06-04 17:00,L3,2337.485,58.66,137116.8701,-471.33,-0.34,29.92,0.02,-708.61,-0.52,-15001.66,-150.02
1333,매도 청산,2024-06-05 13:30,반대신호정리,2336.34,25.53,59398.3533,-248.41,-0.42,102.5,0.17,-289.77,-0.49,-15250.07,-152.50
1333,매도 진입,2024-06-05 01:10,S1,2326.61,25.53,59398.3533,-248.41,-0.42,102.5,0.17,-289.77,-0.49,-15250.07,-152.50
1334,매도 청산,2024-06-05 13:30,반대신호정리,2336.34,31.21,72835.7133,-81.46,-0.11,20.6,0.03,-132.02,-0.18,-15331.53,-153.32
1334,매도 진입,2024-06-05 12:00,S2,2333.73,31.21,72835.7133,-81.46,-0.11,20.6,0.03,-132.02,-0.18,-15331.53,-153.32
1335,매수 청산,2024-06-05 17:10,XL1,2333.965,102.14,237845.7575,545.43,0.23,545.43,0.23,-49.03,-0.02,-14786.1,-147.86
1335,매수 진입,2024-06-05 15:20,L1,2328.625,102.14,237845.7575,545.43,0.23,545.43,0.23,-49.03,-0.02,-14786.1,-147.86
1336,매수 청산,2024-06-05 19:30,XL1,2332.215,87.2,203369.148,0,0.00,89.82,0.04,-239.8,-0.12,-14786.1,-147.86
1336,매수 진입,2024-06-05 18:40,L1,2332.215,87.2,203369.148,0,0.00,89.82,0.04,-239.8,-0.12,-14786.1,-147.86
1337,매수 청산,2024-06-05 19:30,XL2,2332.215,106.58,248345.2554,222.22,0.09,222.22,0.09,-70.88,-0.03,-14563.88,-145.64
1337,매수 진입,2024-06-05 19:00,L2,2330.13,106.58,248345.2554,222.22,0.09,222.22,0.09,-70.88,-0.03,-14563.88,-145.64
1338,매수 청산,2024-06-06 13:40,XL1,2369.865,86.78,205656.8847,0,0.00,449.52,0.22,-250.36,-0.12,-14563.88,-145.64
1338,매수 진입,2024-06-06 11:40,L1,2369.865,86.78,205656.8847,0,0.00,449.52,0.22,-250.36,-0.12,-14563.88,-145.64
1339,매수 청산,2024-06-06 13:40,XL2,2369.865,106.07,251149.3639,222.22,0.09,222.22,0.09,-83.8,-0.03,-14341.66,-143.42
1339,매수 진입,2024-06-06 12:50,L2,2367.77,106.07,251149.3639,222.22,0.09,222.22,0.09,-83.8,-0.03,-14341.66,-143.42
1340,매수 청산,2024-06-07 21:00,반대신호정리,2336.7,25.27,59869.81035,-821.4,-1.37,469.52,0.78,-965.57,-1.61,-15163.06,-151.63
1340,매수 진입,2024-06-07 03:10,L1,2369.205,25.27,59869.81035,-821.4,-1.37,469.52,0.78,-965.57,-1.61,-15163.06,-151.63
1341,매수 청산,2024-06-07 21:00,반대신호정리,2336.7,30.88,72938.8688,-781.57,-1.07,29.49,0.04,-957.74,-1.31,-15944.64,-159.45
1341,매수 진입,2024-06-07 17:00,L2,2362.01,30.88,72938.8688,-781.57,-1.07,29.49,0.04,-957.74,-1.31,-15944.64,-159.45
1342,매수 청산,2024-06-07 21:00,반대신호정리,2336.7,39.71,93509.70365,-719.35,-0.77,171.94,0.18,-945.89,-1.01,-16663.98,-166.64
1342,매수 진입,2024-06-07 17:00,L3,2354.815,39.71,93509.70365,-719.35,-0.77,171.94,0.18,-945.89,-1.01,-16663.98,-166.64
1343,매수 청산,2024-06-07 21:00,반대신호정리,2336.7,55.59,130504.1958,-607.04,-0.47,39.47,0.03,-924.18,-0.71,-17271.03,-172.71
1343,매수 진입,2024-06-07 17:30,L4,2347.62,55.59,130504.1958,-607.04,-0.47,39.47,0.03,-924.18,-0.71,-17271.03,-172.71
1344,매도 청산,2024-06-11 14:30,XS1,2299.965,145.45,335075.3467,545.44,0.16,545.44,0.16,-106.91,-0.03,-16725.59,-167.26
1344,매도 진입,2024-06-11 13:00,S1,2303.715,145.45,335075.3467,545.44,0.16,545.44,0.16,-106.91,-0.03,-16725.59,-167.26
1345,매도 청산,2024-06-11 15:50,XS1,2301.74,145.45,334942.26,154.18,0.05,156.36,0.05,-282.9,-0.08,-16571.41,-165.71
1345,매도 진입,2024-06-11 15:20,S1,2302.8,145.45,334942.26,154.18,0.05,156.36,0.05,-282.9,-0.08,-16571.41,-165.71
1346,매도 청산,2024-06-11 15:50,XS2,2301.74,177.77,409590.9685,410.65,0.10,413.32,0.10,-123.55,-0.03,-16160.76,-161.61
1346,매도 진입,2024-06-11 15:30,S2,2304.05,177.77,409590.9685,410.65,0.10,413.32,0.10,-123.55,-0.03,-16160.76,-161.61
1347,매도 청산,2024-06-11 17:50,XS1,2305.225,82.08,189212.868,0,0.00,183.86,0.10,-216.28,-0.11,-16160.76,-161.61
1347,매도 진입,2024-06-11 16:30,S1,2305.225,82.08,189212.868,0,0.00,183.86,0.10,-216.28,-0.11,-16160.76,-161.61
1348,매도 청산,2024-06-11 17:50,XS2,2305.225,100.32,231482.3808,222.21,0.10,222.21,0.10,-42.13,-0.02,-15938.56,-159.39
1348,매도 진입,2024-06-11 17:20,S2,2307.44,100.32,231482.3808,222.21,0.10,222.21,0.10,-42.13,-0.02,-15938.56,-159.39
1349,매수 청산,2024-06-11 22:40,XL1,2312.327,82.08,189895.7736,-99.97,-0.05,119.02,0.06,-345.15,-0.18,-16038.53,-160.39
1349,매수 진입,2024-06-11 22:20,L1,2313.545,82.08,189895.7736,-99.97,-0.05,119.02,0.06,-345.15,-0.18,-16038.53,-160.39
1350,매수 청산,2024-06-11 22:40,XL2,2312.327,100.32,231872.6256,100.02,0.04,367.67,0.16,-199.64,-0.09,-15938.51,-159.39
1350,매수 진입,2024-06-11 22:20,L2,2311.33,100.32,231872.6256,100.02,0.04,367.67,0.16,-199.64,-0.09,-15938.51,-159.39
1351,매수 청산,2024-06-11 22:40,XL2,2312.327,100.32,231750.3355,222.31,0.10,222.31,0.10,-77.35,-0.03,-15716.2,-157.16
1351,매수 진입,2024-06-11 22:30,L2,2310.111,100.32,231750.3355,222.31,0.10,222.31,0.10,-77.35,-0.03,-15716.2,-157.16
1352,매수 청산,2024-06-12 02:50,XL1,2312.955,37.83,87499.08765,0,0.00,57.88,0.07,-263.86,-0.30,-15716.2,-157.16
1352,매수 진입,2024-06-12 00:20,L1,2312.955,37.83,87499.08765,0,0.00,57.88,0.07,-263.86,-0.30,-15716.2,-157.16
1353,매수 청산,2024-06-12 02:50,XL2,2312.955,46.24,106728.856,222.18,0.21,222.18,0.21,-100.34,-0.09,-15494.02,-154.94
1353,매수 진입,2024-06-12 01:20,L2,2308.15,46.24,106728.856,222.18,0.21,222.18,0.21,-100.34,-0.09,-15494.02,-154.94
1354,매수 청산,2024-06-12 20:10,반대신호정리,2313.235,37.83,87537.67425,-27.99,-0.03,146.59,0.17,-122,-0.14,-15522.01,-155.22
1354,매수 진입,2024-06-12 04:40,L1,2313.975,37.83,87537.67425,-27.99,-0.03,146.59,0.17,-122,-0.14,-15522.01,-155.22
1355,매수 청산,2024-06-13 15:00,반대신호정리,2311.715,13.46,31332.1207,-216.44,-0.69,160.17,0.51,-263.68,-0.84,-15738.45,-157.38
1355,매수 진입,2024-06-12 22:40,L1,2327.795,13.46,31332.1207,-216.44,-0.69,160.17,0.51,-263.68,-0.84,-15738.45,-157.38
1356,매도 청산,2024-06-13 17:00,XS1,2315.715,101.85,235855.5727,0,0.00,244.44,0.10,-303,-0.13,-15738.45,-157.38
1356,매도 진입,2024-06-13 16:00,S1,2315.715,101.85,235855.5727,0,0.00,244.44,0.10,-303,-0.13,-15738.45,-157.38
1357,매도 청산,2024-06-13 17:00,XS2,2315.715,124.49,288505.575,222.21,0.08,222.21,0.08,-148.14,-0.05,-15516.23,-155.16
1357,매도 진입,2024-06-13 16:40,S2,2317.5,124.49,288505.575,222.21,0.08,222.21,0.08,-148.14,-0.05,-15516.23,-155.16
1358,매도 청산,2024-06-13 18:40,XS1,2313.695,74.36,172228.1704,181.81,0.11,181.81,0.11,-175.86,-0.10,-15334.42,-153.34
1358,매도 진입,2024-06-13 18:10,S1,2316.14,74.36,172228.1704,181.81,0.11,181.81,0.11,-175.86,-0.10,-15334.42,-153.34
1359,매도 청산,2024-06-14 16:00,반대신호정리,2312.72,30.12,69663.3432,4.22,0.01,520.17,0.75,-129.37,-0.19,-15330.21,-153.30
1359,매도 진입,2024-06-13 23:40,S1,2312.86,30.12,69663.3432,4.22,0.01,520.17,0.75,-129.37,-0.19,-15330.21,-153.30
1360,매수 청산,2024-06-17 12:30,반대신호정리,2322.935,30.5,71057.5275,-208.01,-0.29,179.8,0.25,-248.27,-0.35,-15538.22,-155.38
1360,매수 진입,2024-06-14 22:40,L1,2329.755,30.5,71057.5275,-208.01,-0.29,179.8,0.25,-248.27,-0.35,-15538.22,-155.38
1361,매수 청산,2024-06-17 12:30,반대신호정리,2322.935,37.28,86631.0776,-32.06,-0.04,194.6,0.22,-81.27,-0.09,-15570.28,-155.70
1361,매수 진입,2024-06-17 10:00,L2,2323.795,37.28,86631.0776,-32.06,-0.04,194.6,0.22,-81.27,-0.09,-15570.28,-155.70
1362,매도 청산,2024-06-17 14:50,XS1,2317.865,82.83,192534.1935,545.44,0.28,545.44,0.28,-154.06,-0.08,-15024.84,-150.25
1362,매도 진입,2024-06-17 13:00,S1,2324.45,82.83,192534.1935,545.44,0.28,545.44,0.28,-154.06,-0.08,-15024.84,-150.25
1363,매도 청산,2024-06-17 20:30,XS1,2318.345,79.05,183446.9873,181.82,0.10,181.82,0.10,-164.03,-0.09,-14843.03,-148.43
1363,매도 진입,2024-06-17 17:20,S1,2320.645,79.05,183446.9873,181.82,0.10,181.82,0.10,-164.03,-0.09,-14843.03,-148.43
1364,매수 청산,2024-06-18 16:40,XL1,2315.855,114.35,265818.01,-999.99,-0.38,128.64,0.05,-999.99,-0.38,-15843.02,-158.43
1364,매수 진입,2024-06-18 11:40,L1,2324.6,114.35,265818.01,-999.99,-0.38,128.64,0.05,-999.99,-0.38,-15843.02,-158.43
1365,매수 청산,2024-06-18 16:40,XL2,2315.855,139.76,324663.8776,-999.98,-0.31,120.89,0.04,-999.98,-0.31,-16843,-168.43
1365,매수 진입,2024-06-18 13:40,L2,2323.01,139.76,324663.8776,-999.98,-0.31,120.89,0.04,-999.98,-0.31,-16843,-168.43
1366,매수 청산,2024-06-18 16:40,XL3,2315.855,179.69,417135.9598,-999.97,-0.24,441.14,0.11,-999.97,-0.24,-17842.98,-178.43
1366,매수 진입,2024-06-18 14:00,L3,2321.42,179.69,417135.9598,-999.97,-0.24,441.14,0.11,-999.97,-0.24,-17842.98,-178.43
1367,매수 청산,2024-06-18 16:40,XL4,2315.855,251.57,583599.6331,-999.99,-0.17,1017.6,0.17,-999.99,-0.17,-18842.97,-188.43
1367,매수 진입,2024-06-18 14:10,L4,2319.83,251.57,583599.6331,-999.99,-0.17,1017.6,0.17,-999.99,-0.17,-18842.97,-188.43
1368,매수 청산,2024-06-18 16:40,XL5,2315.855,419.28,971991.6672,-999.98,-0.10,475.88,0.05,-999.98,-0.10,-19842.95,-198.43
1368,매수 진입,2024-06-18 16:00,L5,2318.24,419.28,971991.6672,-999.98,-0.10,475.88,0.05,-999.98,-0.10,-19842.95,-198.43
1369,매수 청산,2024-06-18 16:40,XL6,2315.855,1257.86,2914021.369,-1000,-0.03,836.48,0.03,-1000,-0.03,-20842.95,-208.43
1369,매수 진입,2024-06-18 16:40,L6,2316.65,1257.86,2914021.369,-1000,-0.03,836.48,0.03,-1000,-0.03,-20842.95,-208.43
1370,매도 청산,2024-06-18 19:20,XS1,2310.91,71.44,165273.2252,181.81,0.11,181.81,0.11,-64.3,-0.04,-20661.13,-206.61
1370,매도 진입,2024-06-18 18:10,S1,2313.455,71.44,165273.2252,181.81,0.11,181.81,0.11,-64.3,-0.04,-20661.13,-206.61
1371,매도 청산,2024-06-18 21:40,XS1,2324.143,71.44,165036.7588,-1000.02,-0.61,37.15,0.02,-1000.02,-0.61,-21661.15,-216.61
1371,매도 진입,2024-06-18 20:20,S1,2310.145,71.44,165036.7588,-1000.02,-0.61,37.15,0.02,-1000.02,-0.61,-21661.15,-216.61
1372,매도 청산,2024-06-18 21:40,XS2,2324.143,87.31,201920.9639,-999.96,-0.50,102.59,0.05,-999.96,-0.50,-22661.11,-226.61
1372,매도 진입,2024-06-18 20:40,S2,2312.69,87.31,201920.9639,-999.96,-0.50,102.59,0.05,-999.96,-0.50,-22661.11,-226.61
1373,매도 청산,2024-06-18 21:40,XS3,2324.143,112.26,259908.2811,-1000.01,-0.38,417.61,0.16,-1000.01,-0.38,-23661.12,-236.61
1373,매도 진입,2024-06-18 21:20,S3,2315.235,112.26,259908.2811,-1000.01,-0.38,417.61,0.16,-1000.01,-0.38,-23661.12,-236.61
1374,매도 청산,2024-06-18 21:40,XS4,2324.143,157.17,364285.4826,-1000.07,-0.27,366.99,0.10,-1000.07,-0.27,-24661.2,-246.61
1374,매도 진입,2024-06-18 21:30,S4,2317.78,157.17,364285.4826,-1000.07,-0.27,366.99,0.10,-1000.07,-0.27,-24661.2,-246.61
1375,매도 청산,2024-06-18 21:40,XS5,2324.143,261.95,607809.1337,-1000.13,-0.16,229.21,0.04,-1000.13,-0.16,-25661.32,-256.61
1375,매도 진입,2024-06-18 21:30,S5,2320.325,261.95,607809.1337,-1000.13,-0.16,229.21,0.04,-1000.13,-0.16,-25661.32,-256.61
1376,매도 청산,2024-06-18 21:40,XS6,2324.143,785.85,1825427.39,-1000.39,-0.05,0,0.00,-1000.39,-0.05,-26661.71,-266.62
1376,매도 진입,2024-06-18 21:40,S6,2322.87,785.85,1825427.39,-1000.39,-0.05,0,0.00,-1000.39,-0.05,-26661.71,-266.62
1377,매수 청산,2024-06-19 22:30,반대신호정리,2329.815,23.38,54431.4456,39.63,0.07,161.56,0.30,-64.41,-0.12,-26622.08,-266.22
1377,매수 진입,2024-06-19 01:50,L1,2328.12,23.38,54431.4456,39.63,0.07,161.56,0.30,-64.41,-0.12,-26622.08,-266.22
1378,매수 청산,2024-06-20 13:40,XL1,2340.11,84.56,197334.2896,545.41,0.28,545.41,0.28,-98.94,-0.05,-26076.67,-260.77
1378,매수 진입,2024-06-20 11:40,L1,2333.66,84.56,197334.2896,545.41,0.28,545.41,0.28,-98.94,-0.05,-26076.67,-260.77
1379,매수 청산,2024-06-20 16:30,XL1,2344.91,102.43,240007.3181,181.81,0.08,181.81,0.08,-119.84,-0.05,-25894.85,-258.95
1379,매수 진입,2024-06-20 16:10,L1,2343.135,102.43,240007.3181,181.81,0.08,181.81,0.08,-119.84,-0.05,-25894.85,-258.95
1380,매수 청산,2024-06-20 19:40,XL1,2339.425,102.43,239623.2056,4.1,0.00,119.33,0.05,-792.3,-0.33,-25890.76,-258.91
1380,매수 진입,2024-06-20 16:50,L1,2339.385,102.43,239623.2056,4.1,0.00,119.33,0.05,-792.3,-0.33,-25890.76,-258.91
1381,매수 청산,2024-06-20 19:40,XL2,2339.425,125.19,292645.3959,227.22,0.08,227.22,0.08,-746.13,-0.25,-25663.54,-256.64
1381,매수 진입,2024-06-20 17:00,L2,2337.61,125.19,292645.3959,227.22,0.08,227.22,0.08,-746.13,-0.25,-25663.54,-256.64
1382,매수 청산,2024-06-20 19:40,XL3,2339.425,160.96,375976.0016,577.85,0.15,577.85,0.15,-673.62,-0.18,-25085.69,-250.86
1382,매수 진입,2024-06-20 17:00,L3,2335.835,160.96,375976.0016,577.85,0.15,577.85,0.15,-673.62,-0.18,-25085.69,-250.86
1383,매수 청산,2024-06-20 19:40,XL4,2339.425,225.35,525980.421,1209,0.23,1209,0.23,-543.09,-0.10,-23876.69,-238.77
1383,매수 진입,2024-06-20 17:10,L4,2334.06,225.35,525980.421,1209,0.23,1209,0.23,-543.09,-0.10,-23876.69,-238.77
1384,매수 청산,2024-06-20 19:40,XL5,2339.425,375.58,875959.6003,2681.64,0.31,2681.64,0.31,-238.49,-0.03,-21195.05,-211.95
1384,매수 진입,2024-06-20 18:10,L5,2332.285,375.58,875959.6003,2681.64,0.31,2681.64,0.31,-238.49,-0.03,-21195.05,-211.95
1385,매수 청산,2024-06-21 11:00,XL1,2360.799,127.14,300251.9169,-99.93,-0.03,139.22,0.05,-564.5,-0.19,-21294.98,-212.95
1385,매수 진입,2024-06-21 10:10,L1,2361.585,127.14,300251.9169,-99.93,-0.03,139.22,0.05,-564.5,-0.19,-21294.98,-212.95
1386,매수 청산,2024-06-21 11:00,XL2,2360.799,155.4,366768.087,100.08,0.03,181.82,0.05,-467.75,-0.13,-21194.9,-211.95
1386,매수 진입,2024-06-21 10:10,L2,2360.155,155.4,366768.087,100.08,0.03,181.82,0.05,-467.75,-0.13,-21194.9,-211.95
1387,매수 청산,2024-06-21 11:00,XL2,2360.799,155.4,366645.7872,222.38,0.06,222.38,0.06,-345.45,-0.09,-20972.52,-209.73
1387,매수 진입,2024-06-21 10:30,L2,2359.368,155.4,366645.7872,222.38,0.06,222.38,0.06,-345.45,-0.09,-20972.52,-209.73
1388,매수 청산,2024-06-21 11:00,XL3,2360.799,199.8,471116.0124,571.63,0.12,571.63,0.12,-158.44,-0.03,-20400.9,-204.01
1388,매수 진입,2024-06-21 10:30,L3,2357.938,199.8,471116.0124,571.63,0.12,571.63,0.12,-158.44,-0.03,-20400.9,-204.01
1389,매도 청산,2024-06-24 18:30,XS1,2321.845,29.97,69585.69465,0,0.00,121.98,0.18,-328.92,-0.47,-20400.9,-204.01
1389,매도 진입,2024-06-22 03:30,S1,2321.845,29.97,69585.69465,0,0.00,121.98,0.18,-328.92,-0.47,-20400.9,-204.01
1390,매도 청산,2024-06-24 18:30,XS2,2321.845,36.64,85294.6224,222.22,0.26,222.22,0.26,-179.9,-0.21,-20178.68,-201.79
1390,매도 진입,2024-06-24 16:20,S2,2327.91,36.64,85294.6224,222.22,0.26,222.22,0.26,-179.9,-0.21,-20178.68,-201.79
1391,매도 청산,2024-06-26 09:30,XS1,2318.575,42.08,97565.636,0,0.00,61.02,0.06,-228.92,-0.23,-20178.68,-201.79
1391,매도 진입,2024-06-26 03:10,S1,2318.575,42.08,97565.636,0,0.00,61.02,0.06,-228.92,-0.23,-20178.68,-201.79
1392,매도 청산,2024-06-26 09:30,XS2,2318.575,51.44,119489.7188,222.22,0.19,222.22,0.19,-57.61,-0.05,-19956.46,-199.56
1392,매도 진입,2024-06-26 09:10,S2,2322.895,51.44,119489.7188,222.22,0.19,222.22,0.19,-57.61,-0.05,-19956.46,-199.56
1393,매도 청산,2024-06-26 11:50,XS1,2319.56,80.62,186838.4624,-164.46,-0.09,0.81,0.00,-341.43,-0.18,-20120.92,-201.21
1393,매도 진입,2024-06-26 11:20,S1,2317.52,80.62,186838.4624,-164.46,-0.09,0.81,0.00,-341.43,-0.18,-20120.92,-201.21
1394,매도 청산,2024-06-26 11:50,XS2,2319.56,98.54,228590.6285,21.19,0.01,43.36,0.02,-195.11,-0.09,-20099.73,-201.00
1394,매도 진입,2024-06-26 11:20,S2,2319.775,98.54,228590.6285,21.19,0.01,43.36,0.02,-195.11,-0.09,-20099.73,-201.00
1395,매도 청산,2024-06-26 11:50,XS2,2319.56,98.54,228712.9166,143.47,0.06,165.65,0.07,-72.82,-0.03,-19956.26,-199.56
1395,매도 진입,2024-06-26 11:20,S2,2321.016,98.54,228712.9166,143.47,0.06,165.65,0.07,-72.82,-0.03,-19956.26,-199.56
1396,매도 청산,2024-06-26 17:50,XS1,2315.735,80.62,186694.5557,0,0.00,218.48,0.12,-189.86,-0.10,-19956.26,-199.56
1396,매도 진입,2024-06-26 15:40,S1,2315.735,80.62,186694.5557,0,0.00,218.48,0.12,-189.86,-0.10,-19956.26,-199.56
1397,매도 청산,2024-06-26 17:50,XS2,2315.735,98.54,228414.7346,222.21,0.10,222.21,0.10,-9.85,0.00,-19734.05,-197.34
1397,매도 진입,2024-06-26 17:30,S2,2317.99,98.54,228414.7346,222.21,0.10,222.21,0.10,-9.85,0.00,-19734.05,-197.34
1398,매수 청산,2024-06-27 20:10,XL1,2315.225,117.68,272220.9064,234.77,0.09,339.51,0.12,-25.89,-0.01,-19499.28,-194.99
1398,매수 진입,2024-06-27 19:50,L1,2313.23,117.68,272220.9064,234.77,0.09,339.51,0.12,-25.89,-0.01,-19499.28,-194.99
1399,매수 청산,2024-06-28 04:00,XL1,2327.005,46.32,107786.8716,0,0.00,63.69,0.06,-207.28,-0.19,-19499.28,-194.99
1399,매수 진입,2024-06-28 00:30,L1,2327.005,46.32,107786.8716,0,0.00,63.69,0.06,-207.28,-0.19,-19499.28,-194.99
1400,매수 청산,2024-06-28 04:00,XL2,2327.005,56.61,131509.5588,222.19,0.17,222.19,0.17,-31.14,-0.02,-19277.09,-192.77
1400,매수 진입,2024-06-28 03:40,L2,2323.08,56.61,131509.5588,222.19,0.17,222.19,0.17,-31.14,-0.02,-19277.09,-192.77
1401,매수 청산,2024-06-28 14:00,반대신호정리,2321.27,46.32,107741.478,-220.25,-0.20,121.82,0.11,-320.53,-0.30,-19497.34,-194.97
1401,매수 진입,2024-06-28 04:50,L1,2326.025,46.32,107741.478,-220.25,-0.20,121.82,0.11,-320.53,-0.30,-19497.34,-194.97
1402,매수 청산,2024-06-28 14:00,반대신호정리,2321.27,56.61,131454.081,-46.99,-0.04,167.85,0.13,-169.55,-0.13,-19544.32,-195.44
1402,매수 진입,2024-06-28 09:50,L2,2322.1,56.61,131454.081,-46.99,-0.04,167.85,0.13,-169.55,-0.13,-19544.32,-195.44
1403,매도 청산,2024-07-01 22:30,반대신호정리,2327.82,34.96,81283.5732,-97.01,-0.12,225.14,0.28,-471.96,-0.58,-19641.34,-196.41
1403,매도 진입,2024-06-29 05:00,S1,2325.045,34.96,81283.5732,-97.01,-0.12,225.14,0.28,-471.96,-0.58,-19641.34,-196.41
1404,매도 청산,2024-07-01 22:30,반대신호정리,2327.82,42.73,99571.36885,103.62,0.10,201.04,0.20,-354.66,-0.36,-19537.72,-195.38
1404,매도 진입,2024-07-01 19:10,S2,2330.245,42.73,99571.36885,103.62,0.10,201.04,0.20,-354.66,-0.36,-19537.72,-195.38
1405,매수 청산,2024-07-02 14:20,반대신호정리,2328.725,31.84,74109.192,37.41,0.05,217.79,0.29,-81.03,-0.11,-19500.3,-195.00
1405,매수 진입,2024-07-02 02:20,L1,2327.55,31.84,74109.192,37.41,0.05,217.79,0.29,-81.03,-0.11,-19500.3,-195.00
1406,매도 청산,2024-07-02 18:30,XS1,2327.97,61.21,142676.8374,181.79,0.13,181.79,0.13,-98.24,-0.07,-19318.51,-193.19
1406,매도 진입,2024-07-02 17:00,S1,2330.94,61.21,142676.8374,181.79,0.13,181.79,0.13,-98.24,-0.07,-19318.51,-193.19
1407,매도 청산,2024-07-02 20:20,XS1,2322.67,61.21,142352.4244,181.79,0.13,181.79,0.13,-12.55,-0.01,-19136.72,-191.37
1407,매도 진입,2024-07-02 19:50,S1,2325.64,61.21,142352.4244,181.79,0.13,181.79,0.13,-12.55,-0.01,-19136.72,-191.37
1408,매도 청산,2024-07-03 10:00,반대신호정리,2330.285,38.23,88878.82435,-207.97,-0.23,65.76,0.07,-281.76,-0.32,-19344.69,-193.45
1408,매도 진입,2024-07-03 02:30,S1,2324.845,38.23,88878.82435,-207.97,-0.23,65.76,0.07,-281.76,-0.32,-19344.69,-193.45
1409,매도 청산,2024-07-03 10:00,반대신호정리,2330.285,46.73,108862.208,-32.01,-0.03,42.06,0.04,-122.2,-0.11,-19376.7,-193.77
1409,매도 진입,2024-07-03 04:20,S2,2329.6,46.73,108862.208,-32.01,-0.03,42.06,0.04,-122.2,-0.11,-19376.7,-193.77
1410,매수 청산,2024-07-03 15:10,XL1,2333.485,133.68,311940.2748,0,0.00,272.04,0.09,-191.83,-0.06,-19376.7,-193.77
1410,매수 진입,2024-07-03 14:40,L1,2333.485,133.68,311940.2748,0,0.00,272.04,0.09,-191.83,-0.06,-19376.7,-193.77
1411,매수 청산,2024-07-03 15:10,XL2,2333.485,163.39,381045.9037,222.21,0.06,554.71,0.15,-12.25,0.00,-19154.49,-191.54
1411,매수 진입,2024-07-03 14:50,L2,2332.125,163.39,381045.9037,222.21,0.06,554.71,0.15,-12.25,0.00,-19154.49,-191.54
1412,매수 청산,2024-07-04 13:30,XL1,2359.36,113.63,268094.0768,0,0.00,119.88,0.04,-241.46,-0.09,-19154.49,-191.54
1412,매수 진입,2024-07-04 12:20,L1,2359.36,113.63,268094.0768,0,0.00,119.88,0.04,-241.46,-0.09,-19154.49,-191.54
1413,매수 청산,2024-07-04 13:30,XL2,2359.36,138.88,327445.7088,222.21,0.07,238.87,0.07,-72.91,-0.02,-18932.28,-189.32
1413,매수 진입,2024-07-04 12:50,L2,2357.76,138.88,327445.7088,222.21,0.07,238.87,0.07,-72.91,-0.02,-18932.28,-189.32
1414,매수 청산,2024-07-05 13:10,XL1,2362.505,250.78,591923.5574,545.45,0.09,545.45,0.09,0,0.00,-18386.83,-183.87
1414,매수 진입,2024-07-05 12:50,L1,2360.33,250.78,591923.5574,545.45,0.09,545.45,0.09,0,0.00,-18386.83,-183.87
1415,매수 청산,2024-07-05 16:30,XL1,2365.05,133.68,315978.0792,181.8,0.06,181.8,0.06,-181.8,-0.06,-18205.03,-182.05
1415,매수 진입,2024-07-05 16:10,L1,2363.69,133.68,315978.0792,181.8,0.06,181.8,0.06,-181.8,-0.06,-18205.03,-182.05
1416,매수 청산,2024-07-05 16:30,XL2,2365.05,163.39,385981.0987,444.42,0.12,444.42,0.12,0,0.00,-17760.61,-177.61
1416,매수 진입,2024-07-05 16:20,L2,2362.33,163.39,385981.0987,444.42,0.12,444.42,0.12,0,0.00,-17760.61,-177.61
1417,매수 청산,2024-07-05 19:20,XL1,2363.745,133.68,315803.6268,181.8,0.06,207.2,0.07,-61.49,-0.02,-17578.8,-175.79
1417,매수 진입,2024-07-05 19:00,L1,2362.385,133.68,315803.6268,181.8,0.06,207.2,0.07,-61.49,-0.02,-17578.8,-175.79
1418,매도 청산,2024-07-08 21:30,XS1,2373.67,106.01,251632.7567,0,0.00,22.26,0.01,-409.73,-0.16,-17578.8,-175.79
1418,매도 진입,2024-07-08 20:40,S1,2373.67,106.01,251632.7567,0,0.00,22.26,0.01,-409.73,-0.16,-17578.8,-175.79
1419,매도 청산,2024-07-08 21:30,XS2,2373.67,129.57,307778.6345,222.21,0.07,222.21,0.07,-278.58,-0.09,-17356.59,-173.57
1419,매도 진입,2024-07-08 20:50,S2,2375.385,129.57,307778.6345,222.21,0.07,222.21,0.07,-278.58,-0.09,-17356.59,-173.57
1420,매도 청산,2024-07-08 21:30,XS3,2373.67,166.59,396001.089,571.4,0.14,571.4,0.14,-72.47,-0.02,-16785.19,-167.85
1420,매도 진입,2024-07-08 21:20,S3,2377.1,166.59,396001.089,571.4,0.14,571.4,0.14,-72.47,-0.02,-16785.19,-167.85
1421,매도 청산,2024-07-09 15:20,반대신호정리,2364.025,37.68,88859.0484,-217.41,-0.24,126.04,0.14,-398.28,-0.45,-17002.6,-170.03
1421,매도 진입,2024-07-09 01:50,S1,2358.255,37.68,88859.0484,-217.41,-0.24,126.04,0.14,-398.28,-0.45,-17002.6,-170.03
1422,매도 청산,2024-07-09 15:20,반대신호정리,2364.025,46.05,108819.834,-43.52,-0.04,116.51,0.11,-264.56,-0.24,-17046.12,-170.46
1422,매도 진입,2024-07-09 09:10,S2,2363.08,46.05,108819.834,-43.52,-0.04,116.51,0.11,-264.56,-0.24,-17046.12,-170.46
1423,매도 청산,2024-07-09 15:20,반대신호정리,2364.025,59.21,140203.6551,229.73,0.16,265.85,0.19,-54.47,-0.04,-16816.38,-168.16
1423,매도 진입,2024-07-09 12:50,S3,2367.905,59.21,140203.6551,229.73,0.16,265.85,0.19,-54.47,-0.04,-16816.38,-168.16
1424,매수 청산,2024-07-09 16:40,XL1,2360.17,97.75,230849.3325,-142.71,-0.06,22.48,0.01,-309.87,-0.13,-16959.1,-169.59
1424,매수 진입,2024-07-09 16:20,L1,2361.63,97.75,230849.3325,-142.71,-0.06,22.48,0.01,-309.87,-0.13,-16959.1,-169.59
1425,매수 청산,2024-07-09 16:40,XL2,2360.17,119.47,281921.7219,47.79,0.02,80.04,0.03,-156.51,-0.06,-16911.31,-169.11
1425,매수 진입,2024-07-09 16:20,L2,2359.77,119.47,281921.7219,47.79,0.02,80.04,0.03,-156.51,-0.06,-16911.31,-169.11
1426,매수 청산,2024-07-09 16:40,XL2,2360.17,119.47,281799.5041,170.01,0.06,202.26,0.07,-34.29,-0.01,-16741.3,-167.41
1426,매수 진입,2024-07-09 16:20,L2,2358.747,119.47,281799.5041,170.01,0.06,202.26,0.07,-34.29,-0.01,-16741.3,-167.41
1427,매수 청산,2024-07-09 22:00,XL1,2360.95,97.75,230964.6775,-181.81,-0.08,185.73,0.08,-646.62,-0.28,-16923.12,-169.23
1427,매수 진입,2024-07-09 19:40,L1,2362.81,97.75,230964.6775,-181.81,-0.08,185.73,0.08,-646.62,-0.28,-16923.12,-169.23
1428,매수 청산,2024-07-09 22:00,XL2,2360.95,119.47,282062.6965,0,0.00,120.66,0.04,-568.08,-0.20,-16923.12,-169.23
1428,매수 진입,2024-07-09 20:00,L2,2360.95,119.47,282062.6965,0,0.00,120.66,0.04,-568.08,-0.20,-16923.12,-169.23
1429,매수 청산,2024-07-09 22:00,XL3,2360.95,153.6,362356.224,285.7,0.08,357.89,0.10,-444.67,-0.12,-16637.42,-166.37
1429,매수 진입,2024-07-09 20:30,L3,2359.09,153.6,362356.224,285.7,0.08,357.89,0.10,-444.67,-0.12,-16637.42,-166.37
1430,매수 청산,2024-07-09 22:00,XL4,2360.95,215.05,506922.3115,799.99,0.16,799.99,0.16,-222.58,-0.04,-15837.44,-158.37
1430,매수 진입,2024-07-09 21:20,L4,2357.23,215.05,506922.3115,799.99,0.16,799.99,0.16,-222.58,-0.04,-15837.44,-158.37
1431,매수 청산,2024-07-10 19:30,XL1,2375.18,48.35,114294.565,545.39,0.48,545.39,0.48,-36.26,-0.03,-15292.05,-152.92
1431,매수 진입,2024-07-10 07:00,L1,2363.9,48.35,114294.565,545.39,0.48,545.39,0.48,-36.26,-0.03,-15292.05,-152.92
1432,매수 청산,2024-07-11 09:50,반대신호정리,2374.23,56.29,133796.2639,-150.86,-0.11,22.52,0.02,-387.56,-0.29,-15442.91,-154.43
1432,매수 진입,2024-07-11 02:10,L1,2376.91,56.29,133796.2639,-150.86,-0.11,22.52,0.02,-387.56,-0.29,-15442.91,-154.43
1433,매수 청산,2024-07-11 09:50,반대신호정리,2374.23,68.79,163285.4472,37.83,0.02,45.06,0.03,-251.43,-0.15,-15405.07,-154.05
1433,매수 진입,2024-07-11 02:20,L2,2373.68,68.79,163285.4472,37.83,0.02,45.06,0.03,-251.43,-0.15,-15405.07,-154.05
1434,매수 청산,2024-07-11 09:50,반대신호정리,2374.23,88.45,209666.3025,334.34,0.16,343.63,0.16,-37.59,-0.02,-15070.73,-150.71
1434,매수 진입,2024-07-11 03:20,L3,2370.45,88.45,209666.3025,334.34,0.16,343.63,0.16,-37.59,-0.02,-15070.73,-150.71
1435,매도 청산,2024-07-13 03:50,반대신호정리,2414.55,32.49,78221.13705,-227.59,-0.29,26.48,0.03,-349.75,-0.45,-15298.32,-152.98
1435,매도 진입,2024-07-12 23:10,S1,2407.545,32.49,78221.13705,-227.59,-0.29,26.48,0.03,-349.75,-0.45,-15298.32,-152.98
1436,매도 청산,2024-07-13 03:50,반대신호정리,2414.55,39.71,95825.7894,-55.99,-0.06,148.32,0.15,-205.3,-0.21,-15354.31,-153.54
1436,매도 진입,2024-07-13 00:10,S2,2413.14,39.71,95825.7894,-55.99,-0.06,148.32,0.15,-205.3,-0.21,-15354.31,-153.54
1437,매수 청산,2024-07-16 11:20,XL1,2428.416,52.09,126596.1502,-99.96,-0.08,1.56,0.00,-546.68,-0.43,-15454.27,-154.54
1437,매수 진입,2024-07-16 02:00,L1,2430.335,52.09,126596.1502,-99.96,-0.08,1.56,0.00,-546.68,-0.43,-15454.27,-154.54
1438,매수 청산,2024-07-16 11:20,XL2,2428.416,63.67,154517.2211,100.03,0.06,100.03,0.06,-446.01,-0.29,-15354.25,-153.54
1438,매수 진입,2024-07-16 02:00,L2,2426.845,63.67,154517.2211,100.03,0.06,100.03,0.06,-446.01,-0.29,-15354.25,-153.54
1439,매수 청산,2024-07-16 11:20,XL2,2428.416,63.67,154394.9748,222.27,0.14,222.27,0.14,-323.76,-0.21,-15131.98,-151.32
1439,매수 진입,2024-07-16 02:10,L2,2424.925,63.67,154394.9748,222.27,0.14,222.27,0.14,-323.76,-0.21,-15131.98,-151.32
1440,매수 청산,2024-07-16 11:20,XL3,2428.416,81.86,198218.6691,571.46,0.29,571.46,0.29,-130.57,-0.07,-14560.51,-145.61
1440,매수 진입,2024-07-16 02:30,L3,2421.435,81.86,198218.6691,571.46,0.29,571.46,0.29,-130.57,-0.07,-14560.51,-145.61
1441,매수 청산,2024-07-16 20:30,XL1,2441.71,60.2,146990.942,0,0.00,49.06,0.03,-183.31,-0.12,-14560.51,-145.61
1441,매수 진입,2024-07-16 19:20,L1,2441.71,60.2,146990.942,0,0.00,49.06,0.03,-183.31,-0.12,-14560.51,-145.61
1442,매수 청산,2024-07-16 20:30,XL2,2441.71,73.58,179438.8102,222.21,0.12,282.18,0.16,-1.84,0.00,-14338.3,-143.38
1442,매수 진입,2024-07-16 20:10,L2,2438.69,73.58,179438.8102,222.21,0.12,282.18,0.16,-1.84,0.00,-14338.3,-143.38
1443,매수 청산,2024-07-17 12:40,XL1,2471.32,77.04,190390.4928,0,0.00,326.65,0.17,-560.08,-0.29,-14338.3,-143.38
1443,매수 진입,2024-07-17 11:40,L1,2471.32,77.04,190390.4928,0,0.00,326.65,0.17,-560.08,-0.29,-14338.3,-143.38
1444,매수 청산,2024-07-17 12:40,XL2,2471.32,94.16,232477.2736,222.22,0.10,222.22,0.10,-462.33,-0.20,-14116.08,-141.16
1444,매수 진입,2024-07-17 12:10,L2,2468.96,94.16,232477.2736,222.22,0.10,222.22,0.10,-462.33,-0.20,-14116.08,-141.16
1445,매수 청산,2024-07-17 12:40,XL3,2471.32,121.06,298606.596,571.4,0.19,571.4,0.19,-308.7,-0.10,-13544.68,-135.45
1445,매수 진입,2024-07-17 12:20,L3,2466.6,121.06,298606.596,571.4,0.19,571.4,0.19,-308.7,-0.10,-13544.68,-135.45
1446,매수 청산,2024-07-17 12:40,XL4,2471.32,169.49,417664.0376,1199.99,0.29,1199.99,0.29,-32.2,-0.01,-12344.69,-123.45
1446,매수 진입,2024-07-17 12:30,L4,2464.24,169.49,417664.0376,1199.99,0.29,1199.99,0.29,-32.2,-0.01,-12344.69,-123.45
1447,매도 청산,2024-07-18 13:50,반대신호정리,2466.205,19.6,48160.042,-177.58,-0.37,109.27,0.23,-232.16,-0.48,-12522.27,-125.22
1447,매도 진입,2024-07-18 02:20,S1,2457.145,19.6,48160.042,-177.58,-0.37,109.27,0.23,-232.16,-0.48,-12522.27,-125.22
1448,매도 청산,2024-07-18 13:50,반대신호정리,2466.205,23.95,59070.759,5.15,0.01,20.36,0.03,-61.55,-0.10,-12517.12,-125.17
1448,매도 진입,2024-07-18 12:00,S2,2466.42,23.95,59070.759,5.15,0.01,20.36,0.03,-61.55,-0.10,-12517.12,-125.17
1449,매수 청산,2024-07-18 15:20,XL1,2466.74,146.62,361721.8034,-48.38,-0.01,30.06,0.01,-351.15,-0.10,-12565.5,-125.66
1449,매수 진입,2024-07-18 15:00,L1,2467.07,146.62,361721.8034,-48.38,-0.01,30.06,0.01,-351.15,-0.10,-12565.5,-125.66
1450,매수 청산,2024-07-18 15:20,XL2,2466.74,179.21,441901.3943,163.08,0.04,193.55,0.04,-206.99,-0.05,-12402.42,-124.02
1450,매수 진입,2024-07-18 15:00,L2,2465.83,179.21,441901.3943,163.08,0.04,193.55,0.04,-206.99,-0.05,-12402.42,-124.02
1451,매수 청산,2024-07-18 15:20,XL2,2466.74,179.21,441778.9939,285.48,0.06,315.95,0.07,-84.59,-0.02,-12116.94,-121.17
1451,매수 진입,2024-07-18 15:00,L2,2465.147,179.21,441778.9939,285.48,0.06,315.95,0.07,-84.59,-0.02,-12116.94,-121.17
1452,매수 청산,2024-07-18 15:20,XL2,2466.74,179.21,441700.1415,364.33,0.08,394.8,0.09,-5.73,0.00,-11752.61,-117.53
1452,매수 진입,2024-07-18 15:00,L2,2464.707,179.21,441700.1415,364.33,0.08,394.8,0.09,-5.73,0.00,-11752.61,-117.53
1453,매수 청산,2024-07-19 02:50,반대신호정리,2456.555,43.91,108460.5541,-593.22,-0.55,0.44,0.00,-801.14,-0.74,-12345.83,-123.46
1453,매수 진입,2024-07-18 17:30,L1,2470.065,43.91,108460.5541,-593.22,-0.55,0.44,0.00,-801.14,-0.74,-12345.83,-123.46
1454,매수 청산,2024-07-19 02:50,반대신호정리,2456.555,53.67,132346.1948,-502.89,-0.38,214.68,0.16,-757.02,-0.57,-12848.72,-128.49
1454,매수 진입,2024-07-18 17:50,L2,2465.925,53.67,132346.1948,-502.89,-0.38,214.68,0.16,-757.02,-0.57,-12848.72,-128.49
1455,매수 청산,2024-07-19 02:50,반대신호정리,2456.555,69.01,169887.7828,-360.92,-0.21,561.74,0.33,-687.68,-0.40,-13209.64,-132.10
1455,매수 진입,2024-07-18 19:20,L3,2461.785,69.01,169887.7828,-360.92,-0.21,561.74,0.33,-687.68,-0.40,-13209.64,-132.10
1456,매도 청산,2024-07-19 14:00,XS1,2423.065,102.43,248739.9877,545.44,0.22,545.44,0.22,-120.87,-0.05,-12664.2,-126.64
1456,매도 진입,2024-07-19 12:00,S1,2428.39,102.43,248739.9877,545.44,0.22,545.44,0.22,-120.87,-0.05,-12664.2,-126.64
1457,매도 청산,2024-07-23 11:50,반대신호정리,2398.69,32.81,78349.78785,-351.23,-0.45,120.08,0.15,-526.27,-0.67,-13015.43,-130.15
1457,매도 진입,2024-07-23 00:10,S1,2387.985,32.81,78349.78785,-351.23,-0.45,120.08,0.15,-526.27,-0.67,-13015.43,-130.15
1458,매도 청산,2024-07-23 11:50,반대신호정리,2398.69,40.11,96004.28775,-207.17,-0.22,67.18,0.07,-421.15,-0.44,-13222.6,-132.23
1458,매도 진입,2024-07-23 02:00,S2,2393.525,40.11,96004.28775,-207.17,-0.22,67.18,0.07,-421.15,-0.44,-13222.6,-132.23
1459,매도 청산,2024-07-23 11:50,반대신호정리,2398.69,51.57,123719.7821,19.34,0.02,216.34,0.17,-255.79,-0.21,-13203.26,-132.03
1459,매도 진입,2024-07-23 04:50,S3,2399.065,51.57,123719.7821,19.34,0.02,216.34,0.17,-255.79,-0.21,-13203.26,-132.03
1460,매수 청산,2024-07-24 12:20,XL1,2416.67,41.22,99069.7968,545.34,0.55,545.34,0.55,-157.46,-0.16,-12657.92,-126.58
1460,매수 진입,2024-07-23 22:40,L1,2403.44,41.22,99069.7968,545.34,0.55,545.34,0.55,-157.46,-0.16,-12657.92,-126.58
1461,매수 청산,2024-07-24 14:30,XL1,2415.485,105.7,255316.7645,0,0.00,271.12,0.11,-251.04,-0.10,-12657.92,-126.58
1461,매수 진입,2024-07-24 13:20,L1,2415.485,105.7,255316.7645,0,0.00,271.12,0.11,-251.04,-0.10,-12657.92,-126.58
1462,매수 청산,2024-07-24 14:30,XL2,2415.485,129.19,311834.3003,222.21,0.07,222.21,0.07,-84.62,-0.03,-12435.71,-124.36
1462,매수 진입,2024-07-24 14:10,L2,2413.765,129.19,311834.3003,222.21,0.07,222.21,0.07,-84.62,-0.03,-12435.71,-124.36
1463,매도 청산,2024-07-25 10:40,XS1,2380.81,47.41,113419.6541,545.45,0.48,608.74,0.54,-91.98,-0.08,-11890.26,-118.90
1463,매도 진입,2024-07-25 10:20,S1,2392.315,47.41,113419.6541,545.45,0.48,608.74,0.54,-91.98,-0.08,-11890.26,-118.90
1464,매도 청산,2024-07-25 16:10,XS1,2366.195,47.41,112726.757,545.45,0.48,545.45,0.48,-50.97,-0.05,-11344.81,-113.45
1464,매도 진입,2024-07-25 14:00,S1,2377.7,47.41,112726.757,545.45,0.48,545.45,0.48,-50.97,-0.05,-11344.81,-113.45
1465,매수 청산,2024-07-26 16:50,XL1,2371.98,96.2,227639.022,545.45,0.24,545.45,0.24,-95.24,-0.04,-10799.35,-107.99
1465,매수 진입,2024-07-26 15:20,L1,2366.31,96.2,227639.022,545.45,0.24,545.45,0.24,-95.24,-0.04,-10799.35,-107.99
1466,매수 청산,2024-07-26 20:30,XL1,2373.35,101.85,241470.5632,255.13,0.11,319.3,0.13,-48.89,-0.02,-10544.22,-105.44
1466,매수 진입,2024-07-26 20:10,L1,2370.845,101.85,241470.5632,255.13,0.11,319.3,0.13,-48.89,-0.02,-10544.22,-105.44
1467,매도 청산,2024-07-30 09:10,XS1,2380.78,43.03,102444.9634,0,0.00,162.65,0.16,-202.46,-0.20,-10544.22,-105.44
1467,매도 진입,2024-07-30 02:20,S1,2380.78,43.03,102444.9634,0,0.00,162.65,0.16,-202.46,-0.20,-10544.22,-105.44
1468,매도 청산,2024-07-30 09:10,XS2,2380.78,52.59,125427.413,222.19,0.18,222.19,0.18,-25.24,-0.02,-10322.03,-103.22
1468,매도 진입,2024-07-30 04:30,S2,2385.005,52.59,125427.413,222.19,0.18,222.19,0.18,-25.24,-0.02,-10322.03,-103.22
1469,매도 청산,2024-07-30 17:20,반대신호정리,2389.43,79.22,188605.3916,-685.25,-0.36,85.95,0.05,-897.56,-0.48,-11007.28,-110.07
1469,매도 진입,2024-07-30 11:50,S1,2380.78,79.22,188605.3916,-685.25,-0.36,85.95,0.05,-897.56,-0.48,-11007.28,-110.07
1470,매도 청산,2024-07-30 17:20,반대신호정리,2389.43,96.82,230729.3215,-615.29,-0.27,155.4,0.07,-874.77,-0.38,-11622.57,-116.23
1470,매도 진입,2024-07-30 12:00,S2,2383.075,96.82,230729.3215,-615.29,-0.27,155.4,0.07,-874.77,-0.38,-11622.57,-116.23
1471,매도 청산,2024-07-30 17:20,반대신호정리,2389.43,124.49,296954.7113,-505.43,-0.17,32.37,0.01,-839.06,-0.28,-12128,-121.28
1471,매도 진입,2024-07-30 12:50,S3,2385.37,124.49,296954.7113,-505.43,-0.17,32.37,0.01,-839.06,-0.28,-12128,-121.28
1472,매도 청산,2024-07-30 17:20,반대신호정리,2389.43,174.29,416146.1328,-307.62,-0.07,312.85,0.08,-774.72,-0.19,-12435.62,-124.36
1472,매도 진입,2024-07-30 13:30,S4,2387.665,174.29,416146.1328,-307.62,-0.07,312.85,0.08,-774.72,-0.19,-12435.62,-124.36
1473,매수 청산,2024-07-30 19:00,XL1,2391.025,77.04,184022.7516,181.81,0.10,181.81,0.10,-62.79,-0.03,-12253.81,-122.54
1473,매수 진입,2024-07-30 18:10,L1,2388.665,77.04,184022.7516,181.81,0.10,181.81,0.10,-62.79,-0.03,-12253.81,-122.54
1474,매수 청산,2024-07-31 13:50,XL1,2420.415,35.79,86081.21325,545.44,0.63,545.44,0.63,-51.18,-0.06,-11708.37,-117.08
1474,매수 진입,2024-07-31 03:40,L1,2405.175,35.79,86081.21325,545.44,0.63,545.44,0.63,-51.18,-0.06,-11708.37,-117.08
1475,매도 청산,2024-08-02 09:10,반대신호정리,2445.595,36.8,89781.328,-216.57,-0.24,50.78,0.06,-291.27,-0.32,-11924.94,-119.25
1475,매도 진입,2024-08-02 04:00,S1,2439.71,36.8,89781.328,-216.57,-0.24,50.78,0.06,-291.27,-0.32,-11924.94,-119.25
1476,매도 청산,2024-08-02 09:10,반대신호정리,2445.595,44.98,109960.357,-42.51,-0.04,37.56,0.03,-133.82,-0.12,-11967.44,-119.67
1476,매도 진입,2024-08-02 05:40,S2,2444.65,44.98,109960.357,-42.51,-0.04,37.56,0.03,-133.82,-0.12,-11967.44,-119.67
1477,매수 청산,2024-08-02 17:20,XL1,2464.24,61.32,151107.1968,0,0.00,153.61,0.10,-246.2,-0.16,-11967.44,-119.67
1477,매수 진입,2024-08-02 15:50,L1,2464.24,61.32,151107.1968,0,0.00,153.61,0.10,-246.2,-0.16,-11967.44,-119.67
1478,매수 청산,2024-08-02 17:20,XL2,2464.24,74.94,184447.9485,222.2,0.12,248.8,0.13,-78.69,-0.04,-11745.25,-117.45
1478,매수 진입,2024-08-02 16:20,L2,2461.275,74.94,184447.9485,222.2,0.12,248.8,0.13,-78.69,-0.04,-11745.25,-117.45
1479,매수 청산,2024-08-05 16:20,반대신호정리,2434.435,25.86,63428.115,-473.63,-0.75,0,0.00,-787.7,-1.24,-12218.87,-122.19
1479,매수 진입,2024-08-05 14:00,L1,2452.75,25.86,63428.115,-473.63,-0.75,0,0.00,-787.7,-1.24,-12218.87,-122.19
1480,매수 청산,2024-08-05 16:20,반대신호정리,2434.435,31.61,77309.2092,-356.72,-0.46,102.26,0.13,-740.62,-0.96,-12575.59,-125.76
1480,매수 진입,2024-08-05 14:10,L2,2445.72,31.61,77309.2092,-356.72,-0.46,102.26,0.13,-740.62,-0.96,-12575.59,-125.76
1481,매수 청산,2024-08-05 16:20,반대신호정리,2434.435,40.64,99108.3616,-172.92,-0.17,237.13,0.24,-666.5,-0.67,-12748.51,-127.49
1481,매수 진입,2024-08-05 14:30,L3,2438.69,40.64,99108.3616,-172.92,-0.17,237.13,0.24,-666.5,-0.67,-12748.51,-127.49
1482,매수 청산,2024-08-05 16:20,반대신호정리,2434.435,56.89,138337.1374,157.87,0.11,205.66,0.15,-533.06,-0.39,-12590.65,-125.91
1482,매수 진입,2024-08-05 15:00,L4,2431.66,56.89,138337.1374,157.87,0.11,205.66,0.15,-533.06,-0.39,-12590.65,-125.91
1483,매수 청산,2024-08-05 16:20,반대신호정리,2434.435,94.83,229927.6629,929.81,0.40,1009.47,0.44,-221.9,-0.10,-11660.84,-116.61
1483,매수 진입,2024-08-05 15:20,L5,2424.63,94.83,229927.6629,929.81,0.40,1009.47,0.44,-221.9,-0.10,-11660.84,-116.61
1484,매도 청산,2024-08-05 22:30,XS1,2386.02,37.1,88639.5055,118.16,0.13,237.81,0.27,-188.65,-0.21,-11542.67,-115.43
1484,매도 진입,2024-08-05 22:10,S1,2389.205,37.1,88639.5055,118.16,0.13,237.81,0.27,-188.65,-0.21,-11542.67,-115.43
1485,매도 청산,2024-08-05 22:30,XS2,2386.02,45.35,108572.6617,366.65,0.34,512.91,0.47,-8.39,-0.01,-11176.02,-111.76
1485,매도 진입,2024-08-05 22:10,S2,2394.105,45.35,108572.6617,366.65,0.34,512.91,0.47,-8.39,-0.01,-11176.02,-111.76
1486,매도 청산,2024-08-06 11:40,반대신호정리,2409.52,13.42,32282.1455,-53.61,-0.17,62.34,0.19,-173.19,-0.54,-11229.63,-112.30
1486,매도 진입,2024-08-06 02:20,S1,2405.525,13.42,32282.1455,-53.61,-0.17,62.34,0.19,-173.19,-0.54,-11229.63,-112.30
1487,매도 청산,2024-08-06 22:50,XS1,2392.365,52.02,124632.6372,181.81,0.15,283.25,0.23,-158.92,-0.13,-11047.82,-110.48
1487,매도 진입,2024-08-06 22:30,S1,2395.86,52.02,124632.6372,181.81,0.15,283.25,0.23,-158.92,-0.13,-11047.82,-110.48
1488,매도 청산,2024-08-07 00:10,XS1,2382.44,26.52,63727.6926,545.38,0.86,545.38,0.86,-5.7,-0.01,-10502.44,-105.02
1488,매도 진입,2024-08-06 23:10,S1,2403.005,26.52,63727.6926,545.38,0.86,545.38,0.86,-5.7,-0.01,-10502.44,-105.02
1489,매도 청산,2024-08-07 16:30,XS1,2389.995,26.52,63382.6674,0,0.00,290.26,0.46,-204.73,-0.32,-10502.44,-105.02
1489,매도 진입,2024-08-07 02:00,S1,2389.995,26.52,63382.6674,0,0.00,290.26,0.46,-204.73,-0.32,-10502.44,-105.02
1490,매도 청산,2024-08-07 16:30,XS2,2389.995,32.41,77681.9085,222.17,0.29,222.17,0.29,-28.03,-0.04,-10280.27,-102.80
1490,매도 진입,2024-08-07 15:20,S2,2396.85,32.41,77681.9085,222.17,0.29,222.17,0.29,-28.03,-0.04,-10280.27,-102.80
1491,매수 청산,2024-08-07 21:10,XL1,2402.03,58.18,139466.4779,283.63,0.20,400.57,0.29,-6.69,0.00,-9996.64,-99.97
1491,매수 진입,2024-08-07 20:50,L1,2397.155,58.18,139466.4779,283.63,0.20,400.57,0.29,-6.69,0.00,-9996.64,-99.97
1492,매수 청산,2024-08-08 18:00,XL1,2398.12,52.02,124568.3925,181.81,0.15,181.81,0.15,-88.17,-0.07,-9814.83,-98.15
1492,매수 진입,2024-08-08 17:30,L1,2394.625,52.02,124568.3925,181.81,0.15,181.81,0.15,-88.17,-0.07,-9814.83,-98.15
1493,매수 청산,2024-08-12 13:00,반대신호정리,2428.665,28.23,68374.61265,186.6,0.27,424.3,0.62,-144.82,-0.21,-9628.23,-96.28
1493,매수 진입,2024-08-09 04:40,L1,2422.055,28.23,68374.61265,186.6,0.27,424.3,0.62,-144.82,-0.21,-9628.23,-96.28
1494,매도 청산,2024-08-13 19:40,XS1,2459.8,76.55,188479.4962,181.81,0.10,181.81,0.10,-106.02,-0.06,-9446.42,-94.46
1494,매도 진입,2024-08-13 19:20,S1,2462.175,76.55,188479.4962,181.81,0.10,181.81,0.10,-106.02,-0.06,-9446.42,-94.46
1495,매도 청산,2024-08-13 22:20,XS1,2462.2,76.55,188481.41,0,0.00,48.99,0.03,-796.12,-0.42,-9446.42,-94.46
1495,매도 진입,2024-08-13 20:00,S1,2462.2,76.55,188481.41,0,0.00,48.99,0.03,-796.12,-0.42,-9446.42,-94.46
1496,매도 청산,2024-08-13 22:20,XS2,2462.2,93.56,230585.637,222.21,0.10,222.21,0.10,-750.82,-0.33,-9224.22,-92.24
1496,매도 진입,2024-08-13 20:20,S2,2464.575,93.56,230585.637,222.21,0.10,222.21,0.10,-750.82,-0.33,-9224.22,-92.24
1497,매도 청산,2024-08-13 22:20,XS3,2462.2,120.3,296774.085,571.42,0.19,571.42,0.19,-679.69,-0.23,-8652.79,-86.53
1497,매도 진입,2024-08-13 21:20,S3,2466.95,120.3,296774.085,571.42,0.19,571.42,0.19,-679.69,-0.23,-8652.79,-86.53
1498,매도 청산,2024-08-13 22:20,XS4,2462.2,168.42,415883.7165,1199.99,0.29,1199.99,0.29,-551.58,-0.13,-7452.8,-74.53
1498,매도 진입,2024-08-13 21:30,S4,2469.325,168.42,415883.7165,1199.99,0.29,1199.99,0.29,-551.58,-0.13,-7452.8,-74.53
1499,매도 청산,2024-08-13 22:20,XS5,2462.2,280.7,693806.19,2666.65,0.38,2666.65,0.38,-252.63,-0.04,-4786.15,-47.86
1499,매도 진입,2024-08-13 21:30,S5,2471.7,280.7,693806.19,2666.65,0.38,2666.65,0.38,-252.63,-0.04,-4786.15,-47.86
1500,매도 청산,2024-08-14 16:40,XS1,2471.428,104.79,257980.9292,-1000.01,-0.39,271.93,0.11,-1000.01,-0.39,-5786.16,-57.86
1500,매도 진입,2024-08-14 14:00,S1,2461.885,104.79,257980.9292,-1000.01,-0.39,271.93,0.11,-1000.01,-0.39,-5786.16,-57.86
1501,매도 청산,2024-08-14 16:40,XS2,2471.428,128.08,315540.4496,-1000.05,-0.32,30.74,0.01,-1000.05,-0.32,-6786.21,-67.86
1501,매도 진입,2024-08-14 15:20,S2,2463.62,128.08,315540.4496,-1000.05,-0.32,30.74,0.01,-1000.05,-0.32,-6786.21,-67.86
1502,매도 청산,2024-08-14 16:40,XS3,2471.428,164.67,405970.0078,-1000.04,-0.25,163.85,0.04,-1000.04,-0.25,-7786.25,-77.86
1502,매도 진입,2024-08-14 15:20,S3,2465.355,164.67,405970.0078,-1000.04,-0.25,163.85,0.04,-1000.04,-0.25,-7786.25,-77.86
1503,매도 청산,2024-08-14 16:40,XS4,2471.428,230.54,568762.9286,-1000.08,-0.18,461.08,0.08,-1000.08,-0.18,-8786.33,-87.86
1503,매도 진입,2024-08-14 15:30,S4,2467.09,230.54,568762.9286,-1000.08,-0.18,461.08,0.08,-1000.08,-0.18,-8786.33,-87.86
1504,매도 청산,2024-08-14 16:40,XS5,2471.428,384.24,948621.318,-1000.18,-0.11,59.56,0.01,-1000.18,-0.11,-9786.51,-97.87
1504,매도 진입,2024-08-14 16:10,S5,2468.825,384.24,948621.318,-1000.18,-0.11,59.56,0.01,-1000.18,-0.11,-9786.51,-97.87
1505,매도 청산,2024-08-14 16:40,XS6,2471.428,1152.73,2847888.629,-1000.57,-0.04,1037.46,0.04,-1000.57,-0.04,-10787.08,-107.87
1505,매도 진입,2024-08-14 16:30,S6,2470.56,1152.73,2847888.629,-1000.57,-0.04,1037.46,0.04,-1000.57,-0.04,-10787.08,-107.87
1506,매수 청산,2024-08-14 18:50,XL1,2473.5,146.62,362482.7612,181.81,0.05,352.62,0.10,-162.75,-0.04,-10605.27,-106.05
1506,매수 진입,2024-08-14 18:30,L1,2472.26,146.62,362482.7612,181.81,0.05,352.62,0.10,-162.75,-0.04,-10605.27,-106.05
1507,매수 청산,2024-08-14 19:40,XL1,2473.005,146.62,362410.1843,181.81,0.05,228.73,0.06,-170.81,-0.05,-10423.46,-104.23
1507,매수 진입,2024-08-14 19:20,L1,2471.765,146.62,362410.1843,181.81,0.05,228.73,0.06,-170.81,-0.05,-10423.46,-104.23
1508,매도 청산,2024-08-15 17:00,반대신호정리,2455.855,24.9,60854.106,-296.68,-0.49,1.12,0.00,-372.13,-0.61,-10720.15,-107.20
1508,매도 진입,2024-08-15 03:30,S1,2443.94,24.9,60854.106,-296.68,-0.49,1.12,0.00,-372.13,-0.61,-10720.15,-107.20
1509,매도 청산,2024-08-15 17:00,반대신호정리,2455.855,30.44,74615.7456,-140.48,-0.19,90.25,0.12,-232.71,-0.31,-10860.63,-108.61
1509,매도 진입,2024-08-15 09:30,S2,2451.24,30.44,74615.7456,-140.48,-0.19,90.25,0.12,-232.71,-0.31,-10860.63,-108.61
1510,매도 청산,2024-08-15 17:00,반대신호정리,2455.855,39.13,96202.6702,105.06,0.11,186.65,0.19,-13.5,-0.01,-10755.56,-107.56
1510,매도 진입,2024-08-15 15:10,S3,2458.54,39.13,96202.6702,105.06,0.11,186.65,0.19,-13.5,-0.01,-10755.56,-107.56
1511,매수 청산,2024-08-15 17:40,XL1,2456.29,104.79,257189.2407,205.39,0.08,232.11,0.09,-18.34,-0.01,-10550.17,-105.50
1511,매수 진입,2024-08-15 17:20,L1,2454.33,104.79,257189.2407,205.39,0.08,232.11,0.09,-18.34,-0.01,-10550.17,-105.50
1512,매수 청산,2024-08-16 13:40,반대신호정리,2453.075,37.72,92605.8062,-75.82,-0.08,248.57,0.27,-161.44,-0.17,-10625.99,-106.26
1512,매수 진입,2024-08-16 02:20,L1,2455.085,37.72,92605.8062,-75.82,-0.08,248.57,0.27,-161.44,-0.17,-10625.99,-106.26
1513,매도 청산,2024-08-16 16:10,XS1,2453.015,89.56,219692.0234,0,0.00,30.9,0.01,-435.71,-0.20,-10625.99,-106.26
1513,매도 진입,2024-08-16 14:10,S1,2453.015,89.56,219692.0234,0,0.00,30.9,0.01,-435.71,-0.20,-10625.99,-106.26
1514,매도 청산,2024-08-16 16:10,XS2,2453.015,109.46,268729.2257,222.2,0.08,222.2,0.08,-310.32,-0.12,-10403.79,-104.04
1514,매도 진입,2024-08-16 14:30,S2,2455.045,109.46,268729.2257,222.2,0.08,222.2,0.08,-310.32,-0.12,-10403.79,-104.04
1515,매도 청산,2024-08-16 16:10,XS3,2453.015,140.74,345808.7355,571.4,0.17,571.4,0.17,-113.3,-0.03,-9832.38,-98.32
1515,매도 진입,2024-08-16 15:00,S3,2457.075,140.74,345808.7355,571.4,0.17,571.4,0.17,-113.3,-0.03,-9832.38,-98.32
1516,매도 청산,2024-08-19 21:40,XS1,2491.145,75.75,188886.0338,181.8,0.10,181.8,0.10,-153.39,-0.08,-9650.58,-96.51
1516,매도 진입,2024-08-19 20:50,S1,2493.545,75.75,188886.0338,181.8,0.10,181.8,0.10,-153.39,-0.08,-9650.58,-96.51
1517,매도 청산,2024-08-20 04:20,반대신호정리,2505.14,23.4,58194.981,-425.29,-0.73,9.13,0.02,-481.34,-0.83,-10075.88,-100.76
1517,매도 진입,2024-08-19 22:40,S1,2486.965,23.4,58194.981,-425.29,-0.73,9.13,0.02,-481.34,-0.83,-10075.88,-100.76
1518,매도 청산,2024-08-20 04:20,반대신호정리,2505.14,28.6,71349.421,-297.58,-0.42,28.17,0.04,-366.08,-0.51,-10373.46,-103.73
1518,매도 진입,2024-08-19 22:50,S2,2494.735,28.6,71349.421,-297.58,-0.42,28.17,0.04,-366.08,-0.51,-10373.46,-103.73
1519,매도 청산,2024-08-20 04:20,반대신호정리,2505.14,36.77,92017.10885,-96.89,-0.11,93.58,0.10,-184.95,-0.20,-10470.35,-104.70
1519,매도 진입,2024-08-19 23:30,S3,2502.505,36.77,92017.10885,-96.89,-0.11,93.58,0.10,-184.95,-0.20,-10470.35,-104.70
1520,매수 청산,2024-08-21 10:10,반대신호정리,2515.915,15.4,38713.444,31.65,0.08,36.96,0.10,-20.48,-0.05,-10438.7,-104.39
1520,매수 진입,2024-08-21 07:00,L1,2513.86,15.4,38713.444,31.65,0.08,36.96,0.10,-20.48,-0.05,-10438.7,-104.39
1521,매도 청산,2024-08-21 20:10,XS1,2507.65,88.69,222409.2434,5.76,0.00,79.82,0.04,-184.48,-0.08,-10432.94,-104.33
1521,매도 진입,2024-08-21 19:30,S1,2507.715,88.69,222409.2434,5.76,0.00,79.82,0.04,-184.48,-0.08,-10432.94,-104.33
1522,매도 청산,2024-08-21 20:10,XS2,2507.65,108.4,272058.526,229.27,0.08,289.97,0.11,-3.25,0.00,-10203.67,-102.04
1522,매도 진입,2024-08-21 19:50,S2,2509.765,108.4,272058.526,229.27,0.08,289.97,0.11,-3.25,0.00,-10203.67,-102.04
1523,매도 청산,2024-08-21 21:00,XS1,2511.855,88.69,222681.9651,-94.45,-0.04,7.1,0.00,-224.83,-0.10,-10298.13,-102.98
1523,매도 진입,2024-08-21 20:40,S1,2510.79,88.69,222681.9651,-94.45,-0.04,7.1,0.00,-224.83,-0.10,-10298.13,-102.98
1524,매도 청산,2024-08-21 21:00,XS2,2511.855,108.4,272391.856,106.77,0.04,154.47,0.06,-52.57,-0.02,-10191.35,-101.91
1524,매도 진입,2024-08-21 20:40,S2,2512.84,108.4,272391.856,106.77,0.04,154.47,0.06,-52.57,-0.02,-10191.35,-101.91
1525,매도 청산,2024-08-22 15:40,XS1,2503.655,121.61,304469.4846,0,0.00,523.53,0.17,-850.05,-0.28,-10191.35,-101.91
1525,매도 진입,2024-08-22 12:40,S1,2503.655,121.61,304469.4846,0,0.00,523.53,0.17,-850.05,-0.28,-10191.35,-101.91
1526,매도 청산,2024-08-22 15:40,XS2,2503.655,148.64,372365.496,222.22,0.06,222.22,0.06,-816.78,-0.22,-9969.14,-99.69
1526,매도 진입,2024-08-22 14:50,S2,2505.15,148.64,372365.496,222.22,0.06,222.22,0.06,-816.78,-0.22,-9969.14,-99.69
1527,매도 청산,2024-08-22 15:40,XS3,2503.655,191.11,479046.8371,573.33,0.12,573.33,0.12,-762.53,-0.16,-9395.81,-93.96
1527,매도 진입,2024-08-22 15:10,S3,2506.655,191.11,479046.8371,573.33,0.12,573.33,0.12,-762.53,-0.16,-9395.81,-93.96
1528,매도 청산,2024-08-22 15:40,XS4,2503.655,267.55,671052.857,1199.96,0.18,1199.96,0.18,-670.21,-0.10,-8195.84,-81.96
1528,매도 진입,2024-08-22 15:10,S4,2508.14,267.55,671052.857,1199.96,0.18,1199.96,0.18,-670.21,-0.10,-8195.84,-81.96
1529,매도 청산,2024-08-22 15:40,XS5,2503.655,445.93,1119121.536,2666.66,0.24,2666.66,0.24,-450.39,-0.04,-5529.18,-55.29
1529,매도 진입,2024-08-22 15:20,S5,2509.635,445.93,1119121.536,2666.66,0.24,2666.66,0.24,-450.39,-0.04,-5529.18,-55.29
1530,매도 청산,2024-08-22 20:00,XS1,2505.26,69.13,173370.4357,181.81,0.10,181.81,0.10,-89.18,-0.05,-5347.37,-53.47
1530,매도 진입,2024-08-22 19:30,S1,2507.89,69.13,173370.4357,181.81,0.10,181.81,0.10,-89.18,-0.05,-5347.37,-53.47
1531,매도 청산,2024-08-23 14:50,반대신호정리,2492.575,20.12,49877.983,-272.63,-0.55,79.57,0.16,-338.62,-0.68,-5620,-56.20
1531,매도 진입,2024-08-23 00:10,S1,2479.025,20.12,49877.983,-272.63,-0.55,79.57,0.16,-338.62,-0.68,-5620,-56.20
1532,매도 청산,2024-08-23 14:50,반대신호정리,2492.575,24.59,61181.3954,-111.02,-0.18,31.72,0.05,-191.68,-0.31,-5731.02,-57.31
1532,매도 진입,2024-08-23 09:10,S2,2488.06,24.59,61181.3954,-111.02,-0.18,31.72,0.05,-191.68,-0.31,-5731.02,-57.31
1533,매수 청산,2024-08-23 23:00,XL1,2508.165,50.43,125941.3605,545.4,0.43,545.4,0.43,-142.97,-0.11,-5185.62,-51.86
1533,매수 진입,2024-08-23 22:40,L1,2497.35,50.43,125941.3605,545.4,0.43,545.4,0.43,-142.97,-0.11,-5185.62,-51.86
1534,매수 청산,2024-08-26 20:50,XL1,2525.84,72.15,182057.538,181.82,0.10,243.15,0.13,-168.47,-0.09,-5003.8,-50.04
1534,매수 진입,2024-08-26 19:10,L1,2523.32,72.15,182057.538,181.82,0.10,243.15,0.13,-168.47,-0.09,-5003.8,-50.04
1535,매수 청산,2024-08-27 12:00,반대신호정리,2508.8,53.47,134677.0278,-531.49,-0.39,28.07,0.02,-689.5,-0.51,-5535.29,-55.35
1535,매수 진입,2024-08-27 04:50,L1,2518.74,53.47,134677.0278,-531.49,-0.39,28.07,0.02,-689.5,-0.51,-5535.29,-55.35
1536,매도 청산,2024-08-27 15:00,XS1,2514.038,186.48,467817.714,-1000.09,-0.21,42.89,0.01,-1000.09,-0.21,-6535.39,-65.35
1536,매도 진입,2024-08-27 14:10,S1,2508.675,186.48,467817.714,-1000.09,-0.21,42.89,0.01,-1000.09,-0.21,-6535.39,-65.35
1537,매도 청산,2024-08-27 15:00,XS2,2514.038,227.92,571999.428,-1000.11,-0.17,0,0.00,-1000.11,-0.17,-7535.5,-75.35
1537,매도 진입,2024-08-27 14:20,S2,2509.65,227.92,571999.428,-1000.11,-0.17,0,0.00,-1000.11,-0.17,-7535.5,-75.35
1538,매도 청산,2024-08-27 15:00,XS3,2514.038,293.04,735713.55,-1000.15,-0.14,222.71,0.03,-1000.15,-0.14,-8535.65,-85.36
1538,매도 진입,2024-08-27 14:20,S3,2510.625,293.04,735713.55,-1000.15,-0.14,222.71,0.03,-1000.15,-0.14,-8535.65,-85.36
1539,매도 청산,2024-08-27 15:00,XS4,2514.038,410.25,1030383.9,-1000.19,-0.10,229.74,0.02,-1000.19,-0.10,-9535.83,-95.36
1539,매도 진입,2024-08-27 14:30,S4,2511.6,410.25,1030383.9,-1000.19,-0.10,229.74,0.02,-1000.19,-0.10,-9535.83,-95.36
1540,매도 청산,2024-08-27 15:00,XS5,2514.038,683.76,1717998.282,-1000.34,-0.06,598.29,0.03,-1000.34,-0.06,-10536.18,-105.36
1540,매도 진입,2024-08-27 14:40,S5,2512.575,683.76,1717998.282,-1000.34,-0.06,598.29,0.03,-1000.34,-0.06,-10536.18,-105.36
1541,매도 청산,2024-08-27 15:00,XS6,2514.038,2051.28,5155994.844,-1001.02,-0.02,3035.89,0.06,-1001.02,-0.02,-11537.2,-115.37
1541,매도 진입,2024-08-27 14:50,S6,2513.55,2051.28,5155994.844,-1001.02,-0.02,3035.89,0.06,-1001.02,-0.02,-11537.2,-115.37
1542,매도 청산,2024-08-27 18:30,XS1,2511.01,73.61,185017.2628,181.82,0.10,183.29,0.10,-25.76,-0.01,-11355.38,-113.55
1542,매도 진입,2024-08-27 18:10,S1,2513.48,73.61,185017.2628,181.82,0.10,183.29,0.10,-25.76,-0.01,-11355.38,-113.55
1543,매도 청산,2024-08-28 10:10,반대신호정리,2522.11,24.65,62027.5345,-142.48,-0.23,156.9,0.25,-315.64,-0.51,-11497.86,-114.98
1543,매도 진입,2024-08-28 00:30,S1,2516.33,24.65,62027.5345,-142.48,-0.23,156.9,0.25,-315.64,-0.51,-11497.86,-114.98
1544,매도 청산,2024-08-28 17:20,XS1,2507.015,59.51,149374.2657,181.8,0.12,239.53,0.16,0,0.00,-11316.06,-113.16
1544,매도 진입,2024-08-28 17:00,S1,2510.07,59.51,149374.2657,181.8,0.12,239.53,0.16,0,0.00,-11316.06,-113.16
1545,매도 청산,2024-08-28 19:30,XS1,2506.365,59.51,149335.5842,181.8,0.12,181.8,0.12,-119.62,-0.08,-11134.25,-111.34
1545,매도 진입,2024-08-28 18:10,S1,2509.42,59.51,149335.5842,181.8,0.12,181.8,0.12,-119.62,-0.08,-11134.25,-111.34
1546,매도 청산,2024-08-29 13:50,반대신호정리,2515.74,23.86,59775.3843,-250.17,-0.42,56.67,0.09,-310.54,-0.52,-11384.43,-113.84
1546,매도 진입,2024-08-29 02:40,S1,2505.255,23.86,59775.3843,-250.17,-0.42,56.67,0.09,-310.54,-0.52,-11384.43,-113.84
1547,매수 청산,2024-08-29 17:00,XL1,2519.24,81.71,205609.7329,237.37,0.12,237.37,0.12,-87.43,-0.04,-11147.06,-111.47
1547,매수 진입,2024-08-29 16:40,L1,2516.335,81.71,205609.7329,237.37,0.12,237.37,0.12,-87.43,-0.04,-11147.06,-111.47
1548,매수 청산,2024-08-29 21:40,XL1,2508.392,81.71,205960.6773,-999.97,-0.49,141.36,0.07,-999.97,-0.49,-12147.03,-121.47
1548,매수 진입,2024-08-29 20:40,L1,2520.63,81.71,205960.6773,-999.97,-0.49,141.36,0.07,-999.97,-0.49,-12147.03,-121.47
1549,매수 청산,2024-08-29 21:40,XL2,2508.392,99.87,251513.1074,-1000,-0.40,186.26,0.07,-1000,-0.40,-13147.02,-131.47
1549,매수 진입,2024-08-29 21:00,L2,2518.405,99.87,251513.1074,-1000,-0.40,186.26,0.07,-1000,-0.40,-13147.02,-131.47
1550,매수 청산,2024-08-29 21:40,XL3,2508.392,128.41,323102.6738,-1000.06,-0.31,525.2,0.16,-1000.06,-0.31,-14147.08,-141.47
1550,매수 진입,2024-08-29 21:10,L3,2516.18,128.41,323102.6738,-1000.06,-0.31,525.2,0.16,-1000.06,-0.31,-14147.08,-141.47
1551,매수 청산,2024-08-29 21:40,XL4,2508.392,179.77,451933.6903,-1000.06,-0.22,0,0.00,-1000.06,-0.22,-15147.14,-151.47
1551,매수 진입,2024-08-29 21:30,L4,2513.955,179.77,451933.6903,-1000.06,-0.22,0,0.00,-1000.06,-0.22,-15147.14,-151.47
1552,매수 청산,2024-08-29 21:40,XL5,2508.392,299.62,752564.5426,-1000.13,-0.13,103.37,0.01,-1000.13,-0.13,-16147.27,-161.47
1552,매수 진입,2024-08-29 21:30,L5,2511.73,299.62,752564.5426,-1000.13,-0.13,103.37,0.01,-1000.13,-0.13,-16147.27,-161.47
1553,매수 청산,2024-08-29 21:40,XL6,2508.392,898.87,2255718.759,-1000.44,-0.04,2310.1,0.10,-1000.44,-0.04,-17147.72,-171.48
1553,매수 진입,2024-08-29 21:30,L6,2509.505,898.87,2255718.759,-1000.44,-0.04,2310.1,0.10,-1000.44,-0.04,-17147.72,-171.48
1554,매수 청산,2024-08-30 11:40,반대신호정리,2516.975,42.73,107866.9711,-316.63,-0.29,86.31,0.08,-432.43,-0.40,-17464.35,-174.64
1554,매수 진입,2024-08-30 02:50,L1,2524.385,42.73,107866.9711,-316.63,-0.29,86.31,0.08,-432.43,-0.40,-17464.35,-174.64
1555,매수 청산,2024-08-30 11:40,반대신호정리,2516.975,52.22,131601.1886,-164.75,-0.13,36.03,0.03,-306.27,-0.23,-17629.1,-176.29
1555,매수 진입,2024-08-30 08:10,L2,2520.13,52.22,131601.1886,-164.75,-0.13,36.03,0.03,-306.27,-0.23,-17629.1,-176.29
1556,매수 청산,2024-08-30 11:40,반대신호정리,2516.975,67.14,168915.8475,73.85,0.04,289.71,0.17,-108.1,-0.06,-17555.25,-175.55
1556,매수 진입,2024-08-30 10:00,L3,2515.875,67.14,168915.8475,73.85,0.04,289.71,0.17,-108.1,-0.06,-17555.25,-175.55
1557,매도 청산,2024-08-30 14:50,XS1,2513.515,144.3,362701.6575,1.44,0.00,134.2,0.04,-413.42,-0.11,-17553.8,-175.54
1557,매도 진입,2024-08-30 13:20,S1,2513.525,144.3,362701.6575,1.44,0.00,134.2,0.04,-413.42,-0.11,-17553.8,-175.54
1558,매도 청산,2024-08-30 14:50,XS2,2513.515,176.36,443507.4826,223.98,0.05,386.23,0.09,-283.06,-0.06,-17329.83,-173.30
1558,매도 진입,2024-08-30 14:30,S2,2514.785,176.36,443507.4826,223.98,0.05,386.23,0.09,-283.06,-0.06,-17329.83,-173.30
1559,매도 청산,2024-08-30 14:50,XS3,2513.515,226.75,570513.2037,573.68,0.10,782.29,0.14,-78.23,-0.01,-16756.15,-167.56
1559,매도 진입,2024-08-30 14:30,S3,2516.045,226.75,570513.2037,573.68,0.10,782.29,0.14,-78.23,-0.01,-16756.15,-167.56
1560,매도 청산,2024-09-02 17:40,XS1,2504.105,108.22,269994.2903,-999.95,-0.37,100.1,0.04,-999.95,-0.37,-17756.1,-177.56
1560,매도 진입,2024-09-02 12:30,S1,2494.865,108.22,269994.2903,-999.95,-0.37,100.1,0.04,-999.95,-0.37,-17756.1,-177.56
1561,매도 청산,2024-09-02 17:40,XS2,2504.105,132.27,330218.0072,-999.96,-0.30,156.74,0.05,-999.96,-0.30,-18756.06,-187.56
1561,매도 진입,2024-09-02 13:00,S2,2496.545,132.27,330218.0072,-999.96,-0.30,156.74,0.05,-999.96,-0.30,-18756.06,-187.56
1562,매도 청산,2024-09-02 17:40,XS3,2504.105,170.06,424848.1435,-999.95,-0.24,487.22,0.11,-999.95,-0.24,-19756.01,-197.56
1562,매도 진입,2024-09-02 13:00,S3,2498.225,170.06,424848.1435,-999.95,-0.24,487.22,0.11,-999.95,-0.24,-19756.01,-197.56
1563,매도 청산,2024-09-02 17:40,XS4,2504.105,238.09,595202.3815,-999.98,-0.17,865.46,0.15,-999.98,-0.17,-20755.99,-207.56
1563,매도 진입,2024-09-02 15:10,S4,2499.905,238.09,595202.3815,-999.98,-0.17,865.46,0.15,-999.98,-0.17,-20755.99,-207.56
1564,매도 청산,2024-09-02 17:40,XS5,2504.105,396.82,992678.9597,-999.99,-0.10,0,0.00,-999.99,-0.10,-21755.98,-217.56
1564,매도 진입,2024-09-02 17:30,S5,2501.585,396.82,992678.9597,-999.99,-0.10,0,0.00,-999.99,-0.10,-21755.98,-217.56
1565,매도 청산,2024-09-02 17:40,XS6,2504.105,1190.47,2980061.885,-999.99,-0.03,208.33,0.01,-999.99,-0.03,-22755.97,-227.56
1565,매도 진입,2024-09-02 17:40,S6,2503.265,1190.47,2980061.885,-999.99,-0.03,208.33,0.01,-999.99,-0.03,-22755.97,-227.56
1566,매도 청산,2024-09-03 11:30,XS1,2493.825,125.82,313773.0615,0,0.00,156.65,0.05,-221.44,-0.07,-22755.97,-227.56
1566,매도 진입,2024-09-03 11:00,S1,2493.825,125.82,313773.0615,0,0.00,156.65,0.05,-221.44,-0.07,-22755.97,-227.56
1567,매도 청산,2024-09-03 11:30,XS2,2493.825,153.78,383722.6206,222.21,0.06,255.27,0.07,-48.44,-0.01,-22533.76,-225.34
1567,매도 진입,2024-09-03 11:10,S2,2495.27,153.78,383722.6206,222.21,0.06,255.27,0.07,-48.44,-0.01,-22533.76,-225.34
1568,매도 청산,2024-09-03 17:10,XS1,2503.798,125.82,314027.847,-1000.02,-0.32,379.98,0.12,-1000.02,-0.32,-23533.78,-235.34
1568,매도 진입,2024-09-03 12:30,S1,2495.85,125.82,314027.847,-1000.02,-0.32,379.98,0.12,-1000.02,-0.32,-23533.78,-235.34
1569,매도 청산,2024-09-03 17:10,XS2,2503.798,153.78,384034.0251,-1000.03,-0.26,380.61,0.10,-1000.03,-0.26,-24533.81,-245.34
1569,매도 진입,2024-09-03 15:20,S2,2497.295,153.78,384034.0251,-1000.03,-0.26,380.61,0.10,-1000.03,-0.26,-24533.81,-245.34
1570,매도 청산,2024-09-03 17:10,XS3,2503.798,197.72,494050.8728,-1000.07,-0.20,408.29,0.08,-1000.07,-0.20,-25533.88,-255.34
1570,매도 진입,2024-09-03 15:50,S3,2498.74,197.72,494050.8728,-1000.07,-0.20,408.29,0.08,-1000.07,-0.20,-25533.88,-255.34
1571,매도 청산,2024-09-03 17:10,XS4,2503.798,276.81,692076.2098,-1000.11,-0.14,229.75,0.03,-1000.11,-0.14,-26533.99,-265.34
1571,매도 진입,2024-09-03 16:10,S4,2500.185,276.81,692076.2098,-1000.11,-0.14,229.75,0.03,-1000.11,-0.14,-26533.99,-265.34
1572,매도 청산,2024-09-03 17:10,XS5,2503.798,461.36,1154152.017,-1000.23,-0.09,1026.53,0.09,-1000.23,-0.09,-27534.22,-275.34
1572,매도 진입,2024-09-03 16:30,S5,2501.63,461.36,1154152.017,-1000.23,-0.09,1026.53,0.09,-1000.23,-0.09,-27534.22,-275.34
1573,매도 청산,2024-09-03 17:10,XS6,2503.798,1384.08,3464456.046,-1000.69,-0.03,678.2,0.02,-1000.69,-0.03,-28534.91,-285.35
1573,매도 진입,2024-09-03 17:10,S6,2503.075,1384.08,3464456.046,-1000.69,-0.03,678.2,0.02,-1000.69,-0.03,-28534.91,-285.35
1574,매도 청산,2024-09-04 10:00,반대신호정리,2492.36,17.24,42794.5072,-173.78,-0.41,3.62,0.01,-220.15,-0.51,-28708.69,-287.09
1574,매도 진입,2024-09-04 00:30,S1,2482.28,17.24,42794.5072,-173.78,-0.41,3.62,0.01,-220.15,-0.51,-28708.69,-287.09
1575,매도 청산,2024-09-04 10:00,반대신호정리,2492.36,21.07,52523.82275,9.8,0.02,33.5,0.06,-46.88,-0.09,-28698.89,-286.99
1575,매도 진입,2024-09-04 04:20,S2,2492.825,21.07,52523.82275,9.8,0.02,33.5,0.06,-46.88,-0.09,-28698.89,-286.99
1576,매수 청산,2024-09-04 15:30,XL1,2488.465,151.51,378027.2981,-999.97,-0.26,244.69,0.06,-999.97,-0.26,-29698.86,-296.99
1576,매수 진입,2024-09-04 14:20,L1,2495.065,151.51,378027.2981,-999.97,-0.26,244.69,0.06,-999.97,-0.26,-29698.86,-296.99
1577,매수 청산,2024-09-04 15:30,XL2,2488.465,185.18,461813.9207,-999.97,-0.22,0,0.00,-999.97,-0.22,-30698.83,-306.99
1577,매수 진입,2024-09-04 14:50,L2,2493.865,185.18,461813.9207,-999.97,-0.22,0,0.00,-999.97,-0.22,-30698.83,-306.99
1578,매수 청산,2024-09-04 15:30,XL3,2488.465,238.09,593478.6099,-999.98,-0.17,194.04,0.03,-999.98,-0.17,-31698.81,-316.99
1578,매수 진입,2024-09-04 15:00,L3,2492.665,238.09,593478.6099,-999.98,-0.17,194.04,0.03,-999.98,-0.17,-31698.81,-316.99
1579,매수 청산,2024-09-04 15:30,XL4,2488.465,333.33,830480.0284,-999.99,-0.12,355,0.04,-999.99,-0.12,-32698.8,-326.99
1579,매수 진입,2024-09-04 15:10,L4,2491.465,333.33,830480.0284,-999.99,-0.12,355,0.04,-999.99,-0.12,-32698.8,-326.99
1580,매수 청산,2024-09-04 15:30,XL5,2488.465,555.55,1383466.721,-999.99,-0.07,169.44,0.01,-999.99,-0.07,-33698.79,-336.99
1580,매수 진입,2024-09-04 15:20,L5,2490.265,555.55,1383466.721,-999.99,-0.07,169.44,0.01,-999.99,-0.07,-33698.79,-336.99
1581,매수 청산,2024-09-04 15:30,XL6,2488.465,1666.66,4148425.073,-1000,-0.02,0,0.00,-1000,-0.02,-34698.79,-346.99
1581,매수 진입,2024-09-04 15:30,L6,2489.065,1666.66,4148425.073,-1000,-0.02,0,0.00,-1000,-0.02,-34698.79,-346.99
1582,매수 청산,2024-09-05 17:10,XL1,2509.49,37.33,93133.8704,545.39,0.59,545.39,0.59,-124.31,-0.13,-34153.39,-341.53
1582,매수 진입,2024-09-05 02:30,L1,2494.88,37.33,93133.8704,545.39,0.59,545.39,0.59,-124.31,-0.13,-34153.39,-341.53
1583,매수 청산,2024-09-05 19:30,XL1,2516.795,126.26,317576.7276,193.81,0.06,221.59,0.07,-3.79,0.00,-33959.59,-339.60
1583,매수 진입,2024-09-05 19:10,L1,2515.26,126.26,317576.7276,193.81,0.06,221.59,0.07,-3.79,0.00,-33959.59,-339.60
1584,매수 청산,2024-09-05 21:00,XL1,2515.825,126.26,317466.2501,181.81,0.06,247.47,0.08,-82.7,-0.03,-33777.77,-337.78
1584,매수 진입,2024-09-05 20:40,L1,2514.385,126.26,317466.2501,181.81,0.06,247.47,0.08,-82.7,-0.03,-33777.77,-337.78
1585,매수 청산,2024-09-06 09:20,XL2,2516.475,252.52,635642.0814,-181.81,-0.03,55.55,0.01,-181.81,-0.03,-33959.59,-339.60
1585,매수 진입,2024-09-06 09:10,L1,2517.195,252.52,635642.0814,-181.81,-0.03,55.55,0.01,-181.81,-0.03,-33959.59,-339.60
1586,매수 청산,2024-09-06 09:20,XL2,2516.475,56.12,141224.577,0,0.00,0,0.00,0,0.00,-33959.59,-339.60
1586,매수 진입,2024-09-06 09:20,L2,2516.475,56.12,141224.577,0,0.00,0,0.00,0,0.00,-33959.59,-339.60
1587,매수 청산,2024-09-06 11:00,XL1,2513.235,252.52,635460.267,-818.16,-0.13,101.01,0.02,-818.16,-0.13,-34777.75,-347.78
1587,매수 진입,2024-09-06 09:20,L2,2516.475,252.52,635460.267,-818.16,-0.13,101.01,0.02,-818.16,-0.13,-34777.75,-347.78
1588,매수 청산,2024-09-06 11:00,XL3,2513.235,396.82,998301.8991,-999.99,-0.10,408.72,0.04,-999.99,-0.10,-35777.73,-357.78
1588,매수 진입,2024-09-06 09:30,L3,2515.755,396.82,998301.8991,-999.99,-0.10,408.72,0.04,-999.99,-0.10,-35777.73,-357.78
1589,매수 청산,2024-09-06 11:00,XL4,2513.235,555.55,1397227.694,-999.99,-0.07,758.33,0.05,-999.99,-0.07,-36777.73,-367.78
1589,매수 진입,2024-09-06 10:10,L4,2515.035,555.55,1397227.694,-999.99,-0.07,758.33,0.05,-999.99,-0.07,-36777.73,-367.78
1590,매수 청산,2024-09-06 11:00,XL5,2513.235,925.92,2328054.545,-999.99,-0.04,1393.51,0.06,-999.99,-0.04,-37777.72,-377.78
1590,매수 진입,2024-09-06 10:30,L5,2514.315,925.92,2328054.545,-999.99,-0.04,1393.51,0.06,-999.99,-0.04,-37777.72,-377.78
1591,매수 청산,2024-09-06 11:00,XL6,2513.235,2777.77,6982188.783,-1000,-0.01,6180.54,0.09,-1000,-0.01,-38777.71,-387.78
1591,매수 진입,2024-09-06 10:30,L6,2513.595,2777.77,6982188.783,-1000,-0.01,6180.54,0.09,-1000,-0.01,-38777.71,-387.78
1592,매도 청산,2024-09-09 22:50,반대신호정리,2501.985,18.89,47133.47795,-129.02,-0.27,180.31,0.38,-192.58,-0.41,-38906.73,-389.07
1592,매도 진입,2024-09-07 02:30,S1,2495.155,18.89,47133.47795,-129.02,-0.27,180.31,0.38,-192.58,-0.41,-38906.73,-389.07
1593,매수 청산,2024-09-10 21:40,XL1,2511.025,49.81,124528.7357,545.42,0.44,545.42,0.44,-30.14,-0.02,-38361.32,-383.61
1593,매수 진입,2024-09-10 03:00,L1,2500.075,49.81,124528.7357,545.42,0.44,545.42,0.44,-30.14,-0.02,-38361.32,-383.61
1594,매수 청산,2024-09-11 15:40,XL1,2527.645,36.76,92370.8956,545.33,0.59,545.33,0.59,-12.68,-0.01,-37815.98,-378.16
1594,매수 진입,2024-09-11 03:10,L1,2512.81,36.76,92370.8956,545.33,0.59,545.33,0.59,-12.68,-0.01,-37815.98,-378.16
1595,매도 청산,2024-09-12 10:20,XS1,2513.331,94.69,237887.3197,-99.99,-0.04,51.13,0.02,-229.62,-0.10,-37915.97,-379.16
1595,매도 진입,2024-09-12 10:00,S1,2512.275,94.69,237887.3197,-99.99,-0.04,51.13,0.02,-229.62,-0.10,-37915.97,-379.16
1596,매도 청산,2024-09-12 10:20,XS2,2513.331,115.74,290992.9293,100,0.03,100,0.03,-58.45,-0.02,-37815.97,-378.16
1596,매도 진입,2024-09-12 10:00,S2,2514.195,115.74,290992.9293,100,0.03,100,0.03,-58.45,-0.02,-37815.97,-378.16
1597,매수 청산,2024-09-12 17:20,XL1,2518.05,94.69,238434.1545,0,0.00,123.57,0.05,-327.63,-0.14,-37815.97,-378.16
1597,매수 진입,2024-09-12 15:40,L1,2518.05,94.69,238434.1545,0,0.00,123.57,0.05,-327.63,-0.14,-37815.97,-378.16
1598,매수 청산,2024-09-12 17:20,XL2,2518.05,115.74,291216.8862,222.22,0.08,222.22,0.08,-178.24,-0.06,-37593.75,-375.94
1598,매수 진입,2024-09-12 16:00,L2,2516.13,115.74,291216.8862,222.22,0.08,222.22,0.08,-178.24,-0.06,-37593.75,-375.94
1599,매수 청산,2024-09-13 10:00,XL1,2566.49,24.7,62846.927,545.38,0.87,545.38,0.87,-12.23,-0.02,-37048.38,-370.48
1599,매수 진입,2024-09-12 23:30,L1,2544.41,24.7,62846.927,545.38,0.87,545.38,0.87,-12.23,-0.02,-37048.38,-370.48
1600,매수 청산,2024-09-13 17:50,XL1,2569.225,59.32,152224.6112,181.82,0.12,181.82,0.12,-23.73,-0.02,-36866.56,-368.67
1600,매수 진입,2024-09-13 17:30,L1,2566.16,59.32,152224.6112,181.82,0.12,181.82,0.12,-23.73,-0.02,-36866.56,-368.67
1601,매수 청산,2024-09-16 17:10,XL1,2585.8,50.22,129858.876,0,0.00,196.61,0.15,-312.87,-0.24,-36866.56,-368.67
1601,매수 진입,2024-09-16 13:30,L1,2585.8,50.22,129858.876,0,0.00,196.61,0.15,-312.87,-0.24,-36866.56,-368.67
1602,매수 청산,2024-09-16 17:10,XL2,2585.8,61.38,158494.2084,222.2,0.14,222.2,0.14,-160.2,-0.10,-36644.37,-366.44
1602,매수 진입,2024-09-16 16:10,L2,2582.18,61.38,158494.2084,222.2,0.14,222.2,0.14,-160.2,-0.10,-36644.37,-366.44
1603,매도 청산,2024-09-18 13:10,반대신호정리,2574.64,52.17,134051.5976,-267.37,-0.20,23.22,0.02,-366.49,-0.27,-36911.74,-369.12
1603,매도 진입,2024-09-18 05:30,S1,2569.515,52.17,134051.5976,-267.37,-0.20,23.22,0.02,-366.49,-0.27,-36911.74,-369.12
1604,매도 청산,2024-09-18 13:10,반대신호정리,2574.64,63.76,164054.48,-104.57,-0.06,185.22,0.11,-225.71,-0.14,-37016.3,-370.16
1604,매도 진입,2024-09-18 08:20,S2,2573,63.76,164054.48,-104.57,-0.06,185.22,0.11,-225.71,-0.14,-37016.3,-370.16
1605,매도 청산,2024-09-18 13:10,반대신호정리,2574.64,81.98,211220.2403,151.25,0.07,523.85,0.25,-4.51,0.00,-36865.05,-368.65
1605,매도 진입,2024-09-18 10:00,S3,2576.485,81.98,211220.2403,151.25,0.07,523.85,0.25,-4.51,0.00,-36865.05,-368.65
1606,매수 청산,2024-09-18 23:10,XL1,2574.785,35.75,92025.505,23.06,0.03,24.31,0.03,-195.73,-0.21,-36841.99,-368.42
1606,매수 진입,2024-09-18 22:40,L1,2574.14,35.75,92025.505,23.06,0.03,24.31,0.03,-195.73,-0.21,-36841.99,-368.42
1607,매수 청산,2024-09-18 23:10,XL2,2574.785,43.7,112267.7035,250.4,0.22,250.4,0.22,-17.04,-0.02,-36591.59,-365.92
1607,매수 진입,2024-09-18 22:50,L2,2569.055,43.7,112267.7035,250.4,0.22,250.4,0.22,-17.04,-0.02,-36591.59,-365.92
1608,매수 청산,2024-09-19 04:50,XL1,2547.587,35.75,92249.83625,-1173.6,-1.27,228.8,0.25,-1173.6,-1.27,-37765.19,-377.65
1608,매수 진입,2024-09-19 03:50,L1,2580.415,35.75,92249.83625,-1173.6,-1.27,228.8,0.25,-1173.6,-1.27,-37765.19,-377.65
1609,매수 청산,2024-09-19 04:50,XL2,2547.587,43.7,112541.921,-1212.37,-1.08,501.89,0.45,-1212.37,-1.08,-38977.56,-389.78
1609,매수 진입,2024-09-19 03:50,L2,2575.33,43.7,112541.921,-1212.37,-1.08,501.89,0.45,-1212.37,-1.08,-38977.56,-389.78
1610,매수 청산,2024-09-19 04:50,XL2,2547.587,43.7,112387.8785,-1058.33,-0.94,655.94,0.58,-1058.33,-0.94,-40035.89,-400.36
1610,매수 진입,2024-09-19 03:50,L2,2571.805,43.7,112387.8785,-1058.33,-0.94,655.94,0.58,-1058.33,-0.94,-40035.89,-400.36
1611,매수 청산,2024-09-19 04:50,XL2,2547.587,43.7,112329.539,-999.99,-0.89,64.02,0.06,-999.99,-0.89,-41035.87,-410.36
1611,매수 진입,2024-09-19 04:00,L2,2570.47,43.7,112329.539,-999.99,-0.89,64.02,0.06,-999.99,-0.89,-41035.87,-410.36
1612,매수 청산,2024-09-19 04:50,XL3,2547.587,56.18,144123.3293,-999.89,-0.69,367.98,0.26,-999.89,-0.69,-42035.77,-420.36
1612,매수 진입,2024-09-19 04:00,L3,2565.385,56.18,144123.3293,-999.89,-0.69,367.98,0.26,-999.89,-0.69,-42035.77,-420.36
1613,매수 청산,2024-09-19 04:50,XL4,2547.587,78.66,201393.198,-1000,-0.50,618.27,0.31,-1000,-0.50,-43035.77,-430.36
1613,매수 진입,2024-09-19 04:00,L4,2560.3,78.66,201393.198,-1000,-0.50,618.27,0.31,-1000,-0.50,-43035.77,-430.36
1614,매수 청산,2024-09-19 04:50,XL5,2547.587,131.1,334988.6865,-1000.03,-0.30,1491.92,0.45,-1000.03,-0.30,-44035.8,-440.36
1614,매수 진입,2024-09-19 04:20,L5,2555.215,131.1,334988.6865,-1000.03,-0.30,1491.92,0.45,-1000.03,-0.30,-44035.8,-440.36
1615,매수 청산,2024-09-19 04:50,XL6,2547.587,393.31,1002991.63,-1000.19,-0.10,1077.67,0.11,-1000.19,-0.10,-45035.99,-450.36
1615,매수 진입,2024-09-19 04:40,L6,2550.13,393.31,1002991.63,-1000.19,-0.10,1077.67,0.11,-1000.19,-0.10,-45035.99,-450.36
1616,매수 청산,2024-09-19 13:40,XL1,2562.78,93.47,239523.4179,19.63,0.01,65.43,0.03,-272.47,-0.11,-45016.36,-450.16
1616,매수 진입,2024-09-19 13:10,L1,2562.57,93.47,239523.4179,19.63,0.01,65.43,0.03,-272.47,-0.11,-45016.36,-450.16
1617,매수 청산,2024-09-19 13:40,XL2,2562.78,114.25,292551.4063,246.21,0.08,281.63,0.10,-110.82,-0.04,-44770.15,-447.70
1617,매수 진입,2024-09-19 13:20,L2,2560.625,114.25,292551.4063,246.21,0.08,281.63,0.10,-110.82,-0.04,-44770.15,-447.70
1618,매수 청산,2024-09-20 15:00,XL1,2595.785,128.04,331818.861,545.45,0.16,545.45,0.16,-7.04,0.00,-44224.7,-442.25
1618,매수 진입,2024-09-20 13:00,L1,2591.525,128.04,331818.861,545.45,0.16,545.45,0.16,-7.04,0.00,-44224.7,-442.25
1619,매수 청산,2024-09-23 16:20,XL1,2618.037,98.54,258981.3499,-999.98,-0.39,317.3,0.12,-999.98,-0.39,-45224.68,-452.25
1619,매수 진입,2024-09-23 14:10,L1,2628.185,98.54,258981.3499,-999.98,-0.39,317.3,0.12,-999.98,-0.39,-45224.68,-452.25
1620,매수 청산,2024-09-23 16:20,XL2,2618.037,120.44,316316.3896,-1000.01,-0.32,121.04,0.04,-1000.01,-0.32,-46224.7,-462.25
1620,매수 진입,2024-09-23 15:40,L2,2626.34,120.44,316316.3896,-1000.01,-0.32,121.04,0.04,-1000.01,-0.32,-46224.7,-462.25
1621,매수 청산,2024-09-23 16:20,XL3,2618.037,154.85,406399.1795,-996.15,-0.25,97.56,0.02,-996.15,-0.25,-47220.85,-472.21
1621,매수 진입,2024-09-23 16:00,L3,2624.47,154.85,406399.1795,-996.15,-0.25,97.56,0.02,-996.15,-0.25,-47220.85,-472.21
1622,매수 청산,2024-09-23 16:20,XL4,2618.037,216.8,568590.52,-1000.1,-0.18,27.1,0.00,-1000.1,-0.18,-48220.94,-482.21
1622,매수 진입,2024-09-23 16:00,L4,2622.65,216.8,568590.52,-1000.1,-0.18,27.1,0.00,-1000.1,-0.18,-48220.94,-482.21
1623,매수 청산,2024-09-23 16:20,XL5,2618.037,361.33,946975.4706,-1000.16,-0.11,0,0.00,-1000.16,-0.11,-49221.11,-492.21
1623,매수 진입,2024-09-23 16:10,L5,2620.805,361.33,946975.4706,-1000.16,-0.11,0,0.00,-1000.16,-0.11,-49221.11,-492.21
1624,매수 청산,2024-09-23 16:20,XL6,2618.037,1084.01,2838978.83,-1000.54,-0.04,0,0.00,-1000.54,-0.04,-50221.65,-502.22
1624,매수 진입,2024-09-23 16:20,L6,2618.96,1084.01,2838978.83,-1000.54,-0.04,0,0.00,-1000.54,-0.04,-50221.65,-502.22
1625,매도 청산,2024-09-24 01:20,반대신호정리,2628.37,42.98,112525.7231,-441.62,-0.39,18.27,0.02,-722.49,-0.64,-50663.27,-506.63
1625,매도 진입,2024-09-23 18:20,S1,2618.095,42.98,112525.7231,-441.62,-0.39,18.27,0.02,-722.49,-0.64,-50663.27,-506.63
1626,매도 청산,2024-09-24 01:20,반대신호정리,2628.37,52.53,137750.7323,-317.54,-0.23,116.09,0.08,-660.83,-0.48,-50980.81,-509.81
1626,매도 진입,2024-09-23 19:00,S2,2622.325,52.53,137750.7323,-317.54,-0.23,116.09,0.08,-660.83,-0.48,-50980.81,-509.81
1627,매수 청산,2024-09-24 10:10,XL1,2627.34,53.16,139669.3944,0,0.00,81.33,0.06,-184.47,-0.13,-50980.81,-509.81
1627,매수 진입,2024-09-24 03:10,L1,2627.34,53.16,139669.3944,0,0.00,81.33,0.06,-184.47,-0.13,-50980.81,-509.81
1628,매수 청산,2024-09-24 10:10,XL2,2627.34,64.97,170476.0824,222.2,0.13,255.98,0.15,-3.25,0.00,-50758.62,-507.59
1628,매수 진입,2024-09-24 09:50,L2,2623.92,64.97,170476.0824,222.2,0.13,255.98,0.15,-3.25,0.00,-50758.62,-507.59
1629,매수 청산,2024-09-24 14:40,XL3,2632.16,182.73,481563.901,-589.3,-0.12,16.45,0.00,-589.3,-0.12,-51347.92,-513.48
1629,매수 진입,2024-09-24 14:40,L1,2635.385,182.73,481563.901,-589.3,-0.12,16.45,0.00,-589.3,-0.12,-51347.92,-513.48
1630,매수 청산,2024-09-24 14:40,XL3,2632.16,104.42,275083.0038,-232.86,-0.08,30.28,0.01,-232.86,-0.08,-51580.78,-515.81
1630,매수 진입,2024-09-24 14:40,L2,2634.39,104.42,275083.0038,-232.86,-0.08,30.28,0.01,-232.86,-0.08,-51580.78,-515.81
1631,매수 청산,2024-09-24 15:00,XL1,2625.47,118.91,313255.3149,-1060.68,-0.34,34.48,0.01,-1090.4,-0.35,-52641.45,-526.41
1631,매수 진입,2024-09-24 14:40,L2,2634.39,118.91,313255.3149,-1060.68,-0.34,34.48,0.01,-1090.4,-0.35,-52641.45,-526.41
1632,매수 청산,2024-09-24 15:00,XL1,2625.47,63.82,168091.7964,-534.3,-0.32,0,0.00,-550.26,-0.33,-53175.75,-531.76
1632,매수 진입,2024-09-24 14:40,L2,2633.842,63.82,168091.7964,-534.3,-0.32,0,0.00,-550.26,-0.33,-53175.75,-531.76
1633,매수 청산,2024-09-24 15:00,XL2,2625.47,159.51,420124.1374,-1335.42,-0.32,0,0.00,-1375.3,-0.33,-54511.17,-545.11
1633,매수 진입,2024-09-24 14:40,L2,2633.842,159.51,420124.1374,-1335.42,-0.32,0,0.00,-1375.3,-0.33,-54511.17,-545.11
1634,매수 청산,2024-09-24 15:00,XL2,2625.47,63.82,168051.4622,-493.97,-0.29,15,0.01,-509.92,-0.30,-55005.14,-550.05
1634,매수 진입,2024-09-24 14:40,L2,2633.21,63.82,168051.4622,-493.97,-0.29,15,0.01,-509.92,-0.30,-55005.14,-550.05
1635,매수 청산,2024-09-24 15:00,XL2,2625.47,159.51,420023.3271,-1234.61,-0.29,37.48,0.01,-1274.48,-0.30,-56239.75,-562.40
1635,매수 진입,2024-09-24 14:40,L2,2633.21,159.51,420023.3271,-1234.61,-0.29,37.48,0.01,-1274.48,-0.30,-56239.75,-562.40
1636,매수 청산,2024-09-24 15:00,XL2,2625.47,63.82,168047.9521,-490.46,-0.29,18.51,0.01,-506.41,-0.30,-56730.2,-567.30
1636,매수 진입,2024-09-24 14:40,L2,2633.155,63.82,168047.9521,-490.46,-0.29,18.51,0.01,-506.41,-0.30,-56730.2,-567.30
1637,매수 청산,2024-09-24 15:00,XL2,2625.47,159.51,420014.5541,-1225.83,-0.29,46.26,0.01,-1265.71,-0.30,-57956.04,-579.56
1637,매수 진입,2024-09-24 14:40,L2,2633.155,159.51,420014.5541,-1225.83,-0.29,46.26,0.01,-1265.71,-0.30,-57956.04,-579.56
1638,매수 청산,2024-09-24 15:00,XL2,2625.47,63.82,167984.4512,-426.96,-0.25,82.01,0.05,-442.91,-0.26,-58382.99,-583.83
1638,매수 진입,2024-09-24 14:40,L3,2632.16,63.82,167984.4512,-426.96,-0.25,82.01,0.05,-442.91,-0.26,-58382.99,-583.83
1639,매수 청산,2024-09-24 15:00,XL2,2625.47,223.33,587840.2928,-1494.08,-0.25,286.98,0.05,-1549.91,-0.26,-59877.07,-598.77
1639,매수 진입,2024-09-24 14:40,L3,2632.16,223.33,587840.2928,-1494.08,-0.25,286.98,0.05,-1549.91,-0.26,-59877.07,-598.77
1640,매수 청산,2024-09-24 15:00,XL2,2625.47,223.33,587692.895,-1346.68,-0.23,434.38,0.07,-1402.51,-0.24,-61223.75,-612.24
1640,매수 진입,2024-09-24 14:40,L2,2631.5,223.33,587692.895,-1346.68,-0.23,434.38,0.07,-1402.51,-0.24,-61223.75,-612.24
1641,매수 청산,2024-09-24 21:50,XL1,2630.53,80.45,211626.1385,0,0.00,173.37,0.08,-568.38,-0.27,-61223.75,-612.24
1641,매수 진입,2024-09-24 20:10,L1,2630.53,80.45,211626.1385,0,0.00,173.37,0.08,-568.38,-0.27,-61223.75,-612.24
1642,매수 청산,2024-09-24 21:50,XL2,2630.53,98.32,258411.5064,222.2,0.09,222.2,0.09,-472.43,-0.18,-61001.55,-610.02
1642,매수 진입,2024-09-24 20:30,L2,2628.27,98.32,258411.5064,222.2,0.09,222.2,0.09,-472.43,-0.18,-61001.55,-610.02
1643,매수 청산,2024-09-24 21:50,XL3,2630.53,126.42,331980.1842,571.42,0.17,571.42,0.17,-321.74,-0.10,-60430.13,-604.30
1643,매수 진입,2024-09-24 20:30,L3,2626.01,126.42,331980.1842,571.42,0.17,571.42,0.17,-321.74,-0.10,-60430.13,-604.30
1644,매수 청산,2024-09-24 21:50,XL4,2630.53,176.99,464377.5125,1199.99,0.26,1199.99,0.26,-50.44,-0.01,-59230.14,-592.30
1644,매수 진입,2024-09-24 20:40,L4,2623.75,176.99,464377.5125,1199.99,0.26,1199.99,0.26,-50.44,-0.01,-59230.14,-592.30
1645,매수 청산,2024-09-25 01:40,XL1,2652.33,50.36,133025.94,545.4,0.41,545.4,0.41,-80.32,-0.06,-58684.74,-586.85
1645,매수 진입,2024-09-25 00:50,L1,2641.5,50.36,133025.94,545.4,0.41,545.4,0.41,-80.32,-0.06,-58684.74,-586.85
1646,매수 청산,2024-09-25 10:50,XL1,2659.655,50.36,133940.2258,0,0.00,164.93,0.12,-205.22,-0.15,-58684.74,-586.85
1646,매수 진입,2024-09-25 05:40,L1,2659.655,50.36,133940.2258,0,0.00,164.93,0.12,-205.22,-0.15,-58684.74,-586.85
1647,매수 청산,2024-09-25 10:50,XL2,2659.655,61.55,163479.5697,222.2,0.14,222.2,0.14,-28.62,-0.02,-58462.54,-584.63
1647,매수 진입,2024-09-25 10:30,L2,2656.045,61.55,163479.5697,222.2,0.14,222.2,0.14,-28.62,-0.02,-58462.54,-584.63
1648,매도 청산,2024-09-25 22:50,반대신호정리,2664.01,48.29,128278.0389,-367,-0.29,0.24,0.00,-481.93,-0.38,-58829.55,-588.30
1648,매도 진입,2024-09-25 20:50,S1,2656.41,48.29,128278.0389,-367,-0.29,0.24,0.00,-481.93,-0.38,-58829.55,-588.30
1649,매도 청산,2024-09-25 22:50,반대신호정리,2664.01,59.02,157003.5285,-226.34,-0.14,181.49,0.12,-366.81,-0.23,-59055.89,-590.56
1649,매도 진입,2024-09-25 21:00,S2,2660.175,59.02,157003.5285,-226.34,-0.14,181.49,0.12,-366.81,-0.23,-59055.89,-590.56
1650,매도 청산,2024-09-25 22:50,반대신호정리,2664.01,75.88,202139.7672,-5.31,0.00,282.27,0.14,-185.91,-0.09,-59061.2,-590.61
1650,매도 진입,2024-09-25 22:00,S3,2663.94,75.88,202139.7672,-5.31,0.00,282.27,0.14,-185.91,-0.09,-59061.2,-590.61
1651,매수 청산,2024-09-26 02:30,XL1,2661.75,42.98,114583.8204,-181.81,-0.16,65.54,0.06,-699.71,-0.61,-59243,-592.43
1651,매수 진입,2024-09-25 23:10,L1,2665.98,42.98,114583.8204,-181.81,-0.16,65.54,0.06,-699.71,-0.61,-59243,-592.43
1652,매수 청산,2024-09-26 02:30,XL2,2661.75,52.53,139821.7275,0,0.00,30.2,0.02,-632.99,-0.45,-59243,-592.43
1652,매수 진입,2024-09-25 23:40,L2,2661.75,52.53,139821.7275,0,0.00,30.2,0.02,-632.99,-0.45,-59243,-592.43
1653,매수 청산,2024-09-26 02:30,XL3,2661.75,67.54,179488.9008,285.69,0.16,285.69,0.16,-528.16,-0.29,-58957.31,-589.57
1653,매수 진입,2024-09-25 23:50,L3,2657.52,67.54,179488.9008,285.69,0.16,285.69,0.16,-528.16,-0.29,-58957.31,-589.57
1654,매수 청산,2024-09-26 02:30,XL4,2661.75,94.56,250895.1024,799.98,0.32,799.98,0.32,-339.47,-0.14,-58157.33,-581.57
1654,매수 진입,2024-09-26 01:20,L4,2653.29,94.56,250895.1024,799.98,0.32,799.98,0.32,-339.47,-0.14,-58157.33,-581.57
1655,매수 청산,2024-09-26 09:40,반대신호정리,2658.82,42.98,114328.5192,-52.44,-0.05,25.14,0.02,-195.77,-0.17,-58209.77,-582.10
1655,매수 진입,2024-09-26 04:40,L1,2660.04,42.98,114328.5192,-52.44,-0.05,25.14,0.02,-195.77,-0.17,-58209.77,-582.10
1656,매수 청산,2024-09-26 09:40,반대신호정리,2658.82,52.53,139509.6993,158.12,0.11,196.72,0.14,-17.07,-0.01,-58051.65,-580.52
1656,매수 진입,2024-09-26 09:00,L2,2655.81,52.53,139509.6993,158.12,0.11,196.72,0.14,-17.07,-0.01,-58051.65,-580.52
1657,매수 청산,2024-09-26 19:10,XL1,2669.925,75.44,201237.3316,181.81,0.09,181.81,0.09,-39.98,-0.02,-57869.84,-578.70
1657,매수 진입,2024-09-26 18:10,L1,2667.515,75.44,201237.3316,181.81,0.09,181.81,0.09,-39.98,-0.02,-57869.84,-578.70
1658,매도 청산,2024-09-27 13:00,XS1,2672.214,172.33,460338.2358,-164.4,-0.04,2.58,0.00,-479.94,-0.10,-58034.25,-580.34
1658,매도 진입,2024-09-27 12:30,S1,2671.26,172.33,460338.2358,-164.4,-0.04,2.58,0.00,-479.94,-0.10,-58034.25,-580.34
1659,매도 청산,2024-09-27 13:00,XS2,2672.214,210.63,562869.7085,21.27,0.00,84.25,0.01,-364.39,-0.06,-58012.97,-580.13
1659,매도 진입,2024-09-27 12:30,S2,2672.315,210.63,562869.7085,21.27,0.00,84.25,0.01,-364.39,-0.06,-58012.97,-580.13
1660,매도 청산,2024-09-27 13:00,XS2,2672.214,210.63,562992.0845,143.65,0.03,143.65,0.03,-242.01,-0.04,-57869.32,-578.69
1660,매도 진입,2024-09-27 12:30,S2,2672.896,210.63,562992.0845,143.65,0.03,143.65,0.03,-242.01,-0.04,-57869.32,-578.69
1661,매도 청산,2024-09-27 13:00,XS2,2672.214,210.63,563070.8601,222.43,0.04,222.43,0.04,-163.24,-0.03,-57646.9,-576.47
1661,매도 진입,2024-09-27 12:40,S2,2673.27,210.63,563070.8601,222.43,0.04,222.43,0.04,-163.24,-0.03,-57646.9,-576.47
1662,매도 청산,2024-09-27 21:00,XS1,2663.79,68.61,182762.6319,0,0.00,7.55,0.00,-376.67,-0.21,-57646.9,-576.47
1662,매도 진입,2024-09-27 19:20,S1,2663.79,68.61,182762.6319,0,0.00,7.55,0.00,-376.67,-0.21,-57646.9,-576.47
1663,매도 청산,2024-09-27 21:00,XS2,2663.79,83.85,223580.994,222.2,0.10,222.2,0.10,-238.13,-0.11,-57424.69,-574.25
1663,매도 진입,2024-09-27 20:10,S2,2666.44,83.85,223580.994,222.2,0.10,222.2,0.10,-238.13,-0.11,-57424.69,-574.25
1664,매도 청산,2024-09-27 21:00,XS3,2663.79,107.81,287754.5929,571.39,0.20,571.39,0.20,-20.48,-0.01,-56853.3,-568.53
1664,매도 진입,2024-09-27 20:40,S3,2669.09,107.81,287754.5929,571.39,0.20,571.39,0.20,-20.48,-0.01,-56853.3,-568.53
1665,매도 청산,2024-09-30 18:10,반대신호정리,2650.77,21.35,56679.553,85.61,0.15,99.49,0.18,-125.86,-0.22,-56767.69,-567.68
1665,매도 진입,2024-09-30 13:20,S1,2654.78,21.35,56679.553,85.61,0.15,99.49,0.18,-125.86,-0.22,-56767.69,-567.68
1666,매수 청산,2024-10-01 18:30,XL1,2648.655,98.81,261168.1694,545.43,0.21,545.43,0.21,-132.9,-0.05,-56222.26,-562.22
1666,매수 진입,2024-10-01 15:00,L1,2643.135,98.81,261168.1694,545.43,0.21,545.43,0.21,-132.9,-0.05,-56222.26,-562.22
1667,매수 청산,2024-10-02 15:40,반대신호정리,2648.835,11.57,30796.9103,-149.89,-0.49,45.35,0.15,-199.12,-0.65,-56372.15,-563.72
1667,매수 진입,2024-10-02 02:40,L1,2661.79,11.57,30796.9103,-149.89,-0.49,45.35,0.15,-199.12,-0.65,-56372.15,-563.72
1668,매도 청산,2024-10-02 17:10,XS1,2651.386,62.05,164418.5388,-99.96,-0.06,12.1,0.01,-379.75,-0.23,-56472.11,-564.72
1668,매도 진입,2024-10-02 16:00,S1,2649.775,62.05,164418.5388,-99.96,-0.06,12.1,0.01,-379.75,-0.23,-56472.11,-564.72
1669,매도 청산,2024-10-02 17:10,XS2,2651.386,75.84,201181.1472,100.03,0.05,100.03,0.05,-241.93,-0.12,-56372.08,-563.72
1669,매도 진입,2024-10-02 16:00,S2,2652.705,75.84,201181.1472,100.03,0.05,100.03,0.05,-241.93,-0.12,-56372.08,-563.72
1670,매도 청산,2024-10-02 17:10,XS2,2651.386,75.84,201303.4013,222.29,0.11,222.29,0.11,-119.68,-0.06,-56149.79,-561.50
1670,매도 진입,2024-10-02 16:10,S2,2654.317,75.84,201303.4013,222.29,0.11,222.29,0.11,-119.68,-0.06,-56149.79,-561.50
1671,매도 청산,2024-10-02 20:00,XS1,2648.56,42.03,111500.7566,181.78,0.16,181.78,0.16,-42.24,-0.04,-55968.01,-559.68
1671,매도 진입,2024-10-02 19:20,S1,2652.885,42.03,111500.7566,181.78,0.16,181.78,0.16,-42.24,-0.04,-55968.01,-559.68
1672,매수 청산,2024-10-03 12:10,XL1,2654.075,156.73,416973.1121,-999.94,-0.24,401.23,0.10,-999.94,-0.24,-56967.94,-569.68
1672,매수 진입,2024-10-03 08:50,L1,2660.455,156.73,416973.1121,-999.94,-0.24,401.23,0.10,-999.94,-0.24,-56967.94,-569.68
1673,매수 청산,2024-10-03 12:10,XL2,2654.075,191.57,509441.1432,-1000,-0.20,103.45,0.02,-1000,-0.20,-57967.94,-579.68
1673,매수 진입,2024-10-03 09:10,L2,2659.295,191.57,509441.1432,-1000,-0.20,103.45,0.02,-1000,-0.20,-57967.94,-579.68
1674,매수 청산,2024-10-03 12:10,XL3,2654.075,246.3,654698.6505,-999.98,-0.15,216.74,0.03,-999.98,-0.15,-58967.92,-589.68
1674,매수 진입,2024-10-03 09:40,L3,2658.135,246.3,654698.6505,-999.98,-0.15,216.74,0.03,-999.98,-0.15,-58967.92,-589.68
1675,매수 청산,2024-10-03 12:10,XL4,2654.075,344.82,916178.1195,-999.98,-0.11,703.43,0.08,-999.98,-0.11,-59967.9,-599.68
1675,매수 진입,2024-10-03 10:10,L4,2656.975,344.82,916178.1195,-999.98,-0.11,703.43,0.08,-999.98,-0.11,-59967.9,-599.68
1676,매수 청산,2024-10-03 12:10,XL5,2654.075,574.71,1526323.439,-1000,-0.07,1675.28,0.11,-1000,-0.07,-60967.89,-609.68
1676,매수 진입,2024-10-03 10:30,L5,2655.815,574.71,1526323.439,-1000,-0.07,1675.28,0.11,-1000,-0.07,-60967.89,-609.68
1677,매수 청산,2024-10-03 12:10,XL6,2654.075,1724.13,4576970.325,-1000,-0.02,801.72,0.02,-1000,-0.02,-61967.89,-619.68
1677,매수 진입,2024-10-03 12:10,L6,2654.655,1724.13,4576970.325,-1000,-0.02,801.72,0.02,-1000,-0.02,-61967.89,-619.68
1678,매도 청산,2024-10-04 00:40,XS1,2649.895,63.13,167287.8714,0,0.00,234.53,0.14,-300.5,-0.18,-61967.89,-619.68
1678,매도 진입,2024-10-03 23:20,S1,2649.895,63.13,167287.8714,0,0.00,234.53,0.14,-300.5,-0.18,-61967.89,-619.68
1679,매도 청산,2024-10-04 00:40,XS2,2649.895,77.16,204688.119,222.22,0.11,222.22,0.11,-145.06,-0.07,-61745.67,-617.46
1679,매도 진입,2024-10-04 00:10,S2,2652.775,77.16,204688.119,222.22,0.11,222.22,0.11,-145.06,-0.07,-61745.67,-617.46
1680,매수 청산,2024-10-04 15:50,XL1,2660.237,164.54,438715.4701,-1000.07,-0.23,60.88,0.01,-1000.07,-0.23,-62745.74,-627.46
1680,매수 진입,2024-10-04 15:10,L1,2666.315,164.54,438715.4701,-1000.07,-0.23,60.88,0.01,-1000.07,-0.23,-62745.74,-627.46
1681,매수 청산,2024-10-04 15:50,XL2,2660.237,201.1,535973.731,-1000.07,-0.19,106.58,0.02,-1000.07,-0.19,-63745.81,-637.46
1681,매수 진입,2024-10-04 15:20,L2,2665.21,201.1,535973.731,-1000.07,-0.19,106.58,0.02,-1000.07,-0.19,-63745.81,-637.46
1682,매수 청산,2024-10-04 15:50,XL3,2660.237,258.56,688830.9888,-1000.11,-0.15,422.75,0.06,-1000.11,-0.15,-64745.92,-647.46
1682,매수 진입,2024-10-04 15:30,L3,2664.105,258.56,688830.9888,-1000.11,-0.15,422.75,0.06,-1000.11,-0.15,-64745.92,-647.46
1683,매수 청산,2024-10-04 15:50,XL4,2660.237,361.99,963979.37,-1000.18,-0.10,137.56,0.01,-1000.18,-0.10,-65746.1,-657.46
1683,매수 진입,2024-10-04 15:40,L4,2663,361.99,963979.37,-1000.18,-0.10,137.56,0.01,-1000.18,-0.10,-65746.1,-657.46
1684,매수 청산,2024-10-04 15:50,XL5,2660.237,603.31,1605947.872,-1000.29,-0.06,316.74,0.02,-1000.29,-0.06,-66746.39,-667.46
1684,매수 진입,2024-10-04 15:50,L5,2661.895,603.31,1605947.872,-1000.29,-0.06,316.74,0.02,-1000.29,-0.06,-66746.39,-667.46
1685,매수 청산,2024-10-04 15:50,XL6,2660.237,1809.95,4815896.861,-1000.9,-0.02,0,0.00,-1000.9,-0.02,-67747.29,-677.47
1685,매수 진입,2024-10-04 15:50,L6,2660.79,1809.95,4815896.861,-1000.9,-0.02,0,0.00,-1000.9,-0.02,-67747.29,-677.47
1686,매도 청산,2024-10-05 00:40,XS1,2651.33,46.44,123127.7652,0,0.00,219.66,0.18,-878.18,-0.71,-67747.29,-677.47
1686,매도 진입,2024-10-04 23:10,S1,2651.33,46.44,123127.7652,0,0.00,219.66,0.18,-878.18,-0.71,-67747.29,-677.47
1687,매도 청산,2024-10-05 00:40,XS2,2651.33,56.76,150711.7062,222.22,0.15,222.22,0.15,-851.12,-0.56,-67525.08,-675.25
1687,매도 진입,2024-10-04 23:40,S2,2655.245,56.76,150711.7062,222.22,0.15,222.22,0.15,-851.12,-0.56,-67525.08,-675.25
1688,매도 청산,2024-10-05 00:40,XS3,2651.33,72.97,194038.9052,571.36,0.29,571.36,0.29,-808.51,-0.42,-66953.72,-669.54
1688,매도 진입,2024-10-04 23:50,S3,2659.16,72.97,194038.9052,571.36,0.29,571.36,0.29,-808.51,-0.42,-66953.72,-669.54
1689,매도 청산,2024-10-05 00:40,XS4,2651.33,102.17,272086.3727,1199.99,0.44,1199.99,0.44,-732.05,-0.27,-65753.73,-657.54
1689,매도 진입,2024-10-05 00:00,S4,2663.075,102.17,272086.3727,1199.99,0.44,1199.99,0.44,-732.05,-0.27,-65753.73,-657.54
1690,매도 청산,2024-10-05 00:40,XS5,2651.33,170.28,454135.0572,2666.58,0.59,2666.58,0.59,-553.41,-0.12,-63087.15,-630.87
1690,매도 진입,2024-10-05 00:00,S5,2666.99,170.28,454135.0572,2666.58,0.59,2666.58,0.59,-553.41,-0.12,-63087.15,-630.87
1691,매도 청산,2024-10-07 10:40,XS1,2647.31,46.44,122941.0764,0,0.00,208.05,0.17,-313.01,-0.25,-63087.15,-630.87
1691,매도 진입,2024-10-05 02:20,S1,2647.31,46.44,122941.0764,0,0.00,208.05,0.17,-313.01,-0.25,-63087.15,-630.87
1692,매도 청산,2024-10-07 10:40,XS2,2647.31,56.76,150483.531,222.22,0.15,222.22,0.15,-160.35,-0.11,-62864.93,-628.65
1692,매도 진입,2024-10-05 04:50,S2,2651.225,56.76,150483.531,222.22,0.15,222.22,0.15,-160.35,-0.11,-62864.93,-628.65
1693,매도 청산,2024-10-07 20:00,반대신호정리,2655.44,47.1,124405.4655,-665.76,-0.54,7.54,0.01,-812.24,-0.65,-63530.69,-635.31
1693,매도 진입,2024-10-07 15:30,S1,2641.305,47.1,124405.4655,-665.76,-0.54,7.54,0.01,-812.24,-0.65,-63530.69,-635.31
1694,매도 청산,2024-10-07 20:00,반대신호정리,2655.44,57.57,152282.1491,-591.53,-0.39,91.82,0.06,-770.57,-0.51,-64122.23,-641.22
1694,매도 진입,2024-10-07 16:00,S2,2645.165,57.57,152282.1491,-591.53,-0.39,91.82,0.06,-770.57,-0.51,-64122.23,-641.22
1695,매도 청산,2024-10-07 20:00,반대신호정리,2655.44,74.01,196054.3403,-474.77,-0.24,8.14,0.00,-704.95,-0.36,-64597,-645.97
1695,매도 진입,2024-10-07 16:30,S3,2649.025,74.01,196054.3403,-474.77,-0.24,8.14,0.00,-704.95,-0.36,-64597,-645.97
1696,매도 청산,2024-10-07 20:00,반대신호정리,2655.44,103.62,274891.9437,-264.75,-0.10,218.64,0.08,-587.01,-0.21,-64861.75,-648.62
1696,매도 진입,2024-10-07 17:00,S4,2652.885,103.62,274891.9437,-264.75,-0.10,218.64,0.08,-587.01,-0.21,-64861.75,-648.62
1697,매도 청산,2024-10-08 12:30,XS1,2641.75,143.72,379364.0306,-308.28,-0.08,32.34,0.01,-567.69,-0.15,-65170.03,-651.70
1697,매도 진입,2024-10-08 12:10,S1,2639.605,143.72,379364.0306,-308.28,-0.08,32.34,0.01,-567.69,-0.15,-65170.03,-651.70
1698,매도 청산,2024-10-08 12:30,XS2,2641.75,175.66,463895.2242,-154.58,-0.03,0,0.00,-471.65,-0.10,-65324.61,-653.25
1698,매도 진입,2024-10-08 12:10,S2,2640.87,175.66,463895.2242,-154.58,-0.03,0,0.00,-471.65,-0.10,-65324.61,-653.25
1699,매도 청산,2024-10-08 12:30,XS2,2641.75,175.66,464017.4836,-32.32,-0.01,31.79,0.01,-349.39,-0.08,-65356.93,-653.57
1699,매도 진입,2024-10-08 12:10,S2,2641.566,175.66,464017.4836,-32.32,-0.01,31.79,0.01,-349.39,-0.08,-65356.93,-653.57
1700,매도 청산,2024-10-08 12:30,XS2,2641.75,175.66,464195.6028,145.8,0.03,209.91,0.05,-171.27,-0.04,-65211.13,-652.11
1700,매도 진입,2024-10-08 12:10,S2,2642.58,175.66,464195.6028,145.8,0.03,209.91,0.05,-171.27,-0.04,-65211.13,-652.11
1701,매도 청산,2024-10-08 12:30,XS2,2641.75,175.66,464180.6717,130.87,0.03,194.98,0.04,-186.2,-0.04,-65080.27,-650.80
1701,매도 진입,2024-10-08 12:10,S2,2642.495,175.66,464180.6717,130.87,0.03,194.98,0.04,-186.2,-0.04,-65080.27,-650.80
1702,매도 청산,2024-10-08 12:30,XS2,2641.75,175.66,464268.5017,218.7,0.05,282.81,0.06,-98.37,-0.02,-64861.57,-648.62
1702,매도 진입,2024-10-08 12:10,S2,2642.995,175.66,464268.5017,218.7,0.05,282.81,0.06,-98.37,-0.02,-64861.57,-648.62
1703,매도 청산,2024-10-09 12:10,XS1,2615.77,45.22,118285.1194,0,0.00,35.05,0.03,-385.73,-0.33,-64861.57,-648.62
1703,매도 진입,2024-10-09 04:00,S1,2615.77,45.22,118285.1194,0,0.00,35.05,0.03,-385.73,-0.33,-64861.57,-648.62
1704,매도 청산,2024-10-09 12:10,XS2,2615.77,55.27,144795.7933,222.19,0.15,222.19,0.15,-249.27,-0.17,-64639.38,-646.39
1704,매도 진입,2024-10-09 04:40,S2,2619.79,55.27,144795.7933,222.19,0.15,222.19,0.15,-249.27,-0.17,-64639.38,-646.39
1705,매도 청산,2024-10-09 12:10,XS3,2615.77,71.07,186474.1767,571.4,0.31,571.4,0.31,-34.82,-0.02,-64067.98,-640.68
1705,매도 진입,2024-10-09 08:10,S3,2623.81,71.07,186474.1767,571.4,0.31,571.4,0.31,-34.82,-0.02,-64067.98,-640.68
1706,매도 청산,2024-10-09 18:40,XS1,2615.215,78.53,205372.834,0,0.00,82.46,0.04,-271.32,-0.13,-64067.98,-640.68
1706,매도 진입,2024-10-09 17:30,S1,2615.215,78.53,205372.834,0,0.00,82.46,0.04,-271.32,-0.13,-64067.98,-640.68
1707,매도 청산,2024-10-09 18:40,XS2,2615.215,95.99,251256.7047,222.22,0.09,222.22,0.09,-109.43,-0.04,-63845.76,-638.46
1707,매도 진입,2024-10-09 18:20,S2,2617.53,95.99,251256.7047,222.22,0.09,222.22,0.09,-109.43,-0.04,-63845.76,-638.46
1708,매도 청산,2024-10-10 00:20,XS1,2613.372,28.79,75139.021,-99.96,-0.13,10.36,0.01,-231.76,-0.31,-63945.72,-639.46
1708,매도 진입,2024-10-10 00:00,S1,2609.9,28.79,75139.021,-99.96,-0.13,10.36,0.01,-231.76,-0.31,-63945.72,-639.46
1709,매도 청산,2024-10-10 00:20,XS2,2613.372,35.18,92038.4437,100.02,0.11,100.02,0.11,-61.04,-0.07,-63845.71,-638.46
1709,매도 진입,2024-10-10 00:00,S2,2616.215,35.18,92038.4437,100.02,0.11,100.02,0.11,-61.04,-0.07,-63845.71,-638.46
1710,매도 청산,2024-10-10 14:30,반대신호정리,2613.365,28.79,75057.40135,-181.38,-0.24,53.41,0.07,-284.88,-0.38,-64027.08,-640.27
1710,매도 진입,2024-10-10 02:50,S1,2607.065,28.79,75057.40135,-181.38,-0.24,53.41,0.07,-284.88,-0.38,-64027.08,-640.27
1711,매도 청산,2024-10-10 14:30,반대신호정리,2613.365,35.18,91938.7084,0.53,0.00,66.14,0.07,-125.94,-0.14,-64026.55,-640.27
1711,매도 진입,2024-10-10 11:30,S2,2613.38,35.18,91938.7084,0.53,0.00,66.14,0.07,-125.94,-0.14,-64026.55,-640.27
1712,매수 청산,2024-10-10 16:40,XL1,2615.34,66.23,172945.0744,268.89,0.16,333.47,0.19,-25.83,-0.01,-63757.66,-637.58
1712,매수 진입,2024-10-10 16:20,L1,2611.28,66.23,172945.0744,268.89,0.16,333.47,0.19,-25.83,-0.01,-63757.66,-637.58
1713,매수 청산,2024-10-10 18:30,XL1,2617.415,66.23,173169.5941,181.8,0.10,199.35,0.12,-12.25,-0.01,-63575.86,-635.76
1713,매수 진입,2024-10-10 18:10,L1,2614.67,66.23,173169.5941,181.8,0.10,199.35,0.12,-12.25,-0.01,-63575.86,-635.76
1714,매수 청산,2024-10-11 15:20,XL1,2646.965,90.45,238872.5708,545.41,0.23,545.41,0.23,-10.85,0.00,-63030.44,-630.30
1714,매수 진입,2024-10-11 12:20,L1,2640.935,90.45,238872.5708,545.41,0.23,545.41,0.23,-10.85,0.00,-63030.44,-630.30
1715,매수 청산,2024-10-14 16:20,XL2,2661.385,100.45,267517.9378,-181.81,-0.07,25.61,0.01,-181.81,-0.07,-63212.26,-632.12
1715,매수 진입,2024-10-14 16:20,L1,2663.195,100.45,267517.9378,-181.81,-0.07,25.61,0.01,-181.81,-0.07,-63212.26,-632.12
1716,매수 청산,2024-10-14 16:20,XL2,2661.385,22.32,59402.1132,0,0.00,0,0.00,0,0.00,-63212.26,-632.12
1716,매수 진입,2024-10-14 16:20,L2,2661.385,22.32,59402.1132,0,0.00,0,0.00,0,0.00,-63212.26,-632.12
1717,매수 청산,2024-10-14 16:30,XL1,2663.195,100.45,267336.1233,181.81,0.07,181.81,0.07,-217.98,-0.08,-63030.44,-630.30
1717,매수 진입,2024-10-14 16:20,L2,2661.385,100.45,267336.1233,181.81,0.07,181.81,0.07,-217.98,-0.08,-63030.44,-630.30
1718,매수 청산,2024-10-14 16:30,XL2,2663.195,122.77,326516.0227,444.43,0.14,444.43,0.14,-44.2,-0.01,-62586.02,-625.86
1718,매수 진입,2024-10-14 16:30,L2,2659.575,122.77,326516.0227,444.43,0.14,444.43,0.14,-44.2,-0.01,-62586.02,-625.86
1719,매수 청산,2024-10-14 22:30,반대신호정리,2653.52,100.45,266784.6528,-238.57,-0.09,97.44,0.04,-814.65,-0.31,-62824.59,-628.25
1719,매수 진입,2024-10-14 20:00,L1,2655.895,100.45,266784.6528,-238.57,-0.09,97.44,0.04,-814.65,-0.31,-62824.59,-628.25
1720,매수 청산,2024-10-14 22:30,반대신호정리,2653.52,122.77,325842.0155,-69.37,-0.02,283.6,0.09,-773.45,-0.24,-62893.95,-628.94
1720,매수 진입,2024-10-14 20:10,L2,2654.085,122.77,325842.0155,-69.37,-0.02,283.6,0.09,-773.45,-0.24,-62893.95,-628.94
1721,매수 청산,2024-10-14 22:30,반대신호정리,2653.52,157.85,418661.6088,196.52,0.05,369.37,0.09,-708.75,-0.17,-62697.43,-626.97
1721,매수 진입,2024-10-14 20:50,L3,2652.275,157.85,418661.6088,196.52,0.05,369.37,0.09,-708.75,-0.17,-62697.43,-626.97
1722,매수 청산,2024-10-14 22:30,반대신호정리,2653.52,220.99,585726.2604,675.12,0.12,917.11,0.16,-592.25,-0.10,-62022.3,-620.22
1722,매수 진입,2024-10-14 21:20,L4,2650.465,220.99,585726.2604,675.12,0.12,917.11,0.16,-592.25,-0.10,-62022.3,-620.22
1723,매수 청산,2024-10-16 10:00,XL1,2664.495,42.03,111988.7248,0,0.00,85.32,0.08,-239.36,-0.21,-62022.3,-620.22
1723,매수 진입,2024-10-16 04:10,L1,2664.495,42.03,111988.7248,0,0.00,85.32,0.08,-239.36,-0.21,-62022.3,-620.22
1724,매수 청산,2024-10-16 10:00,XL2,2664.495,51.38,136679.5346,222.22,0.16,222.22,0.16,-70.39,-0.05,-61800.09,-618.00
1724,매수 진입,2024-10-16 04:50,L2,2660.17,51.38,136679.5346,222.22,0.16,222.22,0.16,-70.39,-0.05,-61800.09,-618.00
1725,매수 청산,2024-10-16 17:50,XL1,2679.16,66.72,178571.7432,181.81,0.10,181.81,0.10,-6.67,0.00,-61618.27,-616.18
1725,매수 진입,2024-10-16 17:30,L1,2676.435,66.72,178571.7432,181.81,0.10,181.81,0.10,-6.67,0.00,-61618.27,-616.18
1726,매수 청산,2024-10-17 12:40,XL1,2677.2,128.94,345410.2743,-212.11,-0.06,61.89,0.02,-547.35,-0.16,-61830.38,-618.30
1726,매수 진입,2024-10-17 12:30,L1,2678.845,128.94,345410.2743,-212.11,-0.06,61.89,0.02,-547.35,-0.16,-61830.38,-618.30
1727,매수 청산,2024-10-17 12:40,XL2,2677.2,157.6,421963.756,-37.04,-0.01,0,0.00,-446.8,-0.11,-61867.42,-618.67
1727,매수 진입,2024-10-17 12:30,L2,2677.435,157.6,421963.756,-37.04,-0.01,0,0.00,-446.8,-0.11,-61867.42,-618.67
1728,매수 청산,2024-10-17 12:40,XL2,2677.2,157.6,421841.4584,85.26,0.02,85.26,0.02,-324.5,-0.08,-61782.16,-617.82
1728,매수 진입,2024-10-17 12:30,L2,2676.659,157.6,421841.4584,85.26,0.02,85.26,0.02,-324.5,-0.08,-61782.16,-617.82
1729,매수 청산,2024-10-17 12:40,XL2,2677.2,157.6,421762.5008,164.22,0.04,164.22,0.04,-245.54,-0.06,-61617.94,-616.18
1729,매수 진입,2024-10-17 12:30,L2,2676.158,157.6,421762.5008,164.22,0.04,164.22,0.04,-245.54,-0.06,-61617.94,-616.18
1730,매수 청산,2024-10-17 12:40,XL2,2677.2,157.6,421704.3464,222.37,0.05,222.37,0.05,-187.39,-0.04,-61395.56,-613.96
1730,매수 진입,2024-10-17 12:40,L2,2675.789,157.6,421704.3464,222.37,0.05,222.37,0.05,-187.39,-0.04,-61395.56,-613.96
1731,매수 청산,2024-10-17 15:40,XL1,2685.34,128.94,345702.3234,545.42,0.16,545.42,0.16,-55.44,-0.02,-60850.14,-608.50
1731,매수 진입,2024-10-17 15:10,L1,2681.11,128.94,345702.3234,545.42,0.16,545.42,0.16,-55.44,-0.02,-60850.14,-608.50
1732,매수 청산,2024-10-17 17:10,XL1,2682.74,71.3,191097.547,181.82,0.10,255.25,0.13,-4.99,0.00,-60668.33,-606.68
1732,매수 진입,2024-10-17 16:30,L1,2680.19,71.3,191097.547,181.82,0.10,255.25,0.13,-4.99,0.00,-60668.33,-606.68
1733,매수 청산,2024-10-18 01:50,XL1,2691.09,41.74,112326.0966,0,0.00,207.24,0.18,-295.52,-0.26,-60668.33,-606.68
1733,매수 진입,2024-10-18 00:20,L1,2691.09,41.74,112326.0966,0,0.00,207.24,0.18,-295.52,-0.26,-60668.33,-606.68
1734,매수 청산,2024-10-18 01:50,XL2,2691.09,51.02,137077.2197,222.19,0.16,242.35,0.18,-139.03,-0.10,-60446.14,-604.46
1734,매수 진입,2024-10-18 01:30,L2,2686.735,51.02,137077.2197,222.19,0.16,242.35,0.18,-139.03,-0.10,-60446.14,-604.46
1735,매수 청산,2024-10-18 13:00,XL1,2710.105,137.22,371694.675,185.93,0.05,297.77,0.08,-205.14,-0.06,-60260.21,-602.60
1735,매수 진입,2024-10-18 12:30,L1,2708.75,137.22,371694.675,185.93,0.05,297.77,0.08,-205.14,-0.06,-60260.21,-602.60
1736,매수 청산,2024-10-18 13:00,XL2,2710.105,167.71,454062.2468,449.46,0.10,586.15,0.13,-28.51,-0.01,-59810.74,-598.11
1736,매수 진입,2024-10-18 12:40,L2,2707.425,167.71,454062.2468,449.46,0.10,586.15,0.13,-28.51,-0.01,-59810.74,-598.11
1737,매수 청산,2024-10-21 18:20,XL1,2735.825,58.36,159117.3728,545.37,0.34,545.37,0.34,-163.99,-0.10,-59265.37,-592.65
1737,매수 진입,2024-10-21 11:00,L1,2726.48,58.36,159117.3728,545.37,0.34,545.37,0.34,-163.99,-0.10,-59265.37,-592.65
1738,매수 청산,2024-10-22 14:50,XL1,2731.139,182.73,499235.7193,-174.69,-0.03,231.15,0.05,-544.54,-0.11,-59440.06,-594.40
1738,매수 진입,2024-10-22 14:40,L1,2732.095,182.73,499235.7193,-174.69,-0.03,231.15,0.05,-544.54,-0.11,-59440.06,-594.40
1739,매수 청산,2024-10-22 14:50,XL2,2731.139,223.33,609936.563,8.71,0.00,8.71,0.00,-443.31,-0.07,-59431.35,-594.31
1739,매수 진입,2024-10-22 14:40,L2,2731.1,223.33,609936.563,8.71,0.00,8.71,0.00,-443.31,-0.07,-59431.35,-594.31
1740,매수 청산,2024-10-22 14:50,XL2,2731.139,223.33,609779.1153,166.16,0.03,166.16,0.03,-285.86,-0.05,-59265.19,-592.65
1740,매수 진입,2024-10-22 14:40,L2,2730.395,223.33,609779.1153,166.16,0.03,166.16,0.03,-285.86,-0.05,-59265.19,-592.65
1741,매수 청산,2024-10-22 14:50,XL2,2731.139,223.33,609722.8362,222.44,0.04,222.44,0.04,-229.58,-0.04,-59042.75,-590.43
1741,매수 진입,2024-10-22 14:50,L2,2730.143,223.33,609722.8362,222.44,0.04,222.44,0.04,-229.58,-0.04,-59042.75,-590.43
1742,매수 청산,2024-10-22 14:50,XL3,2731.139,287.15,783674.8482,571.72,0.07,571.72,0.07,-9.48,0.00,-58471.04,-584.71
1742,매수 진입,2024-10-22 14:50,L3,2729.148,287.15,783674.8482,571.72,0.07,571.72,0.07,-9.48,0.00,-58471.04,-584.71
1743,매수 청산,2024-10-22 17:30,XL1,2736.67,107.9,294986.731,299.96,0.10,497.42,0.17,-149.44,-0.05,-58171.08,-581.71
1743,매수 진입,2024-10-22 17:10,L1,2733.89,107.9,294986.731,299.96,0.10,497.42,0.17,-149.44,-0.05,-58171.08,-581.71
1744,매수 청산,2024-10-22 19:10,XL1,2732.865,107.9,294876.1335,0,0.00,120.85,0.04,-317.77,-0.11,-58171.08,-581.71
1744,매수 진입,2024-10-22 18:30,L1,2732.865,107.9,294876.1335,0,0.00,120.85,0.04,-317.77,-0.11,-58171.08,-581.71
1745,매수 청산,2024-10-22 19:10,XL2,2732.865,131.88,360188.0184,222.22,0.06,222.22,0.06,-166.17,-0.05,-57948.86,-579.49
1745,매수 진입,2024-10-22 18:40,L2,2731.18,131.88,360188.0184,222.22,0.06,222.22,0.06,-166.17,-0.05,-57948.86,-579.49
1746,매수 청산,2024-10-23 16:00,XL1,2750.54,93,255787.665,12.56,0.00,275.28,0.11,-205.06,-0.08,-57936.3,-579.36
1746,매수 진입,2024-10-23 14:20,L1,2750.405,93,255787.665,12.56,0.00,275.28,0.11,-205.06,-0.08,-57936.3,-579.36
1747,매수 청산,2024-10-23 16:00,XL2,2750.54,113.66,312388.827,237.55,0.08,279.04,0.09,-28.41,-0.01,-57698.75,-576.99
1747,매수 진입,2024-10-23 15:40,L2,2748.45,113.66,312388.827,237.55,0.08,279.04,0.09,-28.41,-0.01,-57698.75,-576.99
1748,매도 청산,2024-10-24 22:10,반대신호정리,2740.65,19.95,54182.0055,-493.96,-0.91,52.57,0.10,-514.41,-0.95,-58192.71,-581.93
1748,매도 진입,2024-10-24 03:50,S1,2715.89,19.95,54182.0055,-493.96,-0.91,52.57,0.10,-514.41,-0.95,-58192.71,-581.93
1749,매도 청산,2024-10-24 22:10,반대신호정리,2740.65,24.39,66462.75,-381.7,-0.57,113.54,0.17,-406.7,-0.61,-58574.42,-585.74
1749,매도 진입,2024-10-24 10:20,S2,2725,24.39,66462.75,-381.7,-0.57,113.54,0.17,-406.7,-0.61,-58574.42,-585.74
1750,매도 청산,2024-10-24 22:10,반대신호정리,2740.65,31.36,85741.6896,-205.09,-0.24,58.33,0.07,-237.24,-0.28,-58779.52,-587.80
1750,매도 진입,2024-10-24 15:30,S3,2734.11,31.36,85741.6896,-205.09,-0.24,58.33,0.07,-237.24,-0.28,-58779.52,-587.80
1751,매수 청산,2024-10-24 23:10,XL1,2735.18,44.61,122008.35,8.03,0.01,55.99,0.05,-240.67,-0.20,-58771.48,-587.71
1751,매수 진입,2024-10-24 22:50,L1,2735,44.61,122008.35,8.03,0.01,55.99,0.05,-240.67,-0.20,-58771.48,-587.71
1752,매수 청산,2024-10-24 23:10,XL2,2735.18,54.53,148917.3403,232.03,0.16,290.64,0.20,-71.98,-0.05,-58539.46,-585.39
1752,매수 진입,2024-10-24 22:50,L2,2730.925,54.53,148917.3403,232.03,0.16,290.64,0.20,-71.98,-0.05,-58539.46,-585.39
1753,매수 청산,2024-10-25 10:20,반대신호정리,2734.365,44.61,121750.5042,229.52,0.19,384.76,0.32,-151,-0.12,-58309.94,-583.10
1753,매수 진입,2024-10-25 00:40,L1,2729.22,44.61,121750.5042,229.52,0.19,384.76,0.32,-151,-0.12,-58309.94,-583.10
1754,매도 청산,2024-10-25 14:30,XS1,2727.715,154.08,420273.2304,-13.1,0.00,123.26,0.03,-202.62,-0.05,-58323.04,-583.23
1754,매도 진입,2024-10-25 14:10,S1,2727.63,154.08,420273.2304,-13.1,0.00,123.26,0.03,-202.62,-0.05,-58323.04,-583.23
1755,매도 청산,2024-10-25 14:30,XS2,2727.715,188.32,513889.4992,206.21,0.04,372.87,0.07,-25.42,0.00,-58116.83,-581.17
1755,매도 진입,2024-10-25 14:10,S2,2728.81,188.32,513889.4992,206.21,0.04,372.87,0.07,-25.42,0.00,-58116.83,-581.17
1756,매도 청산,2024-10-25 16:10,XS1,2729.78,154.08,420794.7912,190.29,0.05,329.73,0.08,-255,-0.06,-57926.54,-579.27
1756,매도 진입,2024-10-25 15:50,S1,2731.015,154.08,420794.7912,190.29,0.05,329.73,0.08,-255,-0.06,-57926.54,-579.27
1757,매도 청산,2024-10-25 16:10,XS2,2729.78,188.32,514526.9624,454.79,0.09,625.22,0.12,-89.45,-0.02,-57471.75,-574.72
1757,매도 진입,2024-10-25 15:50,S2,2732.195,188.32,514526.9624,454.79,0.09,625.22,0.12,-89.45,-0.02,-57471.75,-574.72
1758,매수 청산,2024-10-28 12:00,XL1,2734.29,45.45,124633.4445,-359.96,-0.29,255.66,0.21,-793.33,-0.64,-57831.71,-578.32
1758,매수 진입,2024-10-26 04:00,L1,2742.21,45.45,124633.4445,-359.96,-0.29,255.66,0.21,-793.33,-0.64,-57831.71,-578.32
1759,매수 청산,2024-10-28 12:00,XL2,2734.29,55.55,151877.3108,12.5,0.01,348.02,0.23,-517.17,-0.34,-57819.21,-578.19
1759,매수 진입,2024-10-28 07:00,L3,2734.065,55.55,151877.3108,12.5,0.01,348.02,0.23,-517.17,-0.34,-57819.21,-578.19
1760,매수 청산,2024-10-28 12:00,XL3,2734.29,15.87,43389.61155,3.57,0.01,99.43,0.23,-147.75,-0.34,-57815.64,-578.16
1760,매수 진입,2024-10-28 07:00,L3,2734.065,15.87,43389.61155,3.57,0.01,99.43,0.23,-147.75,-0.34,-57815.64,-578.16
1761,매수 청산,2024-10-28 12:00,XL3,2734.29,55.55,151877.3108,12.5,0.01,348.02,0.23,-517.17,-0.34,-57803.14,-578.03
1761,매수 진입,2024-10-28 07:00,L2,2734.065,55.55,151877.3108,12.5,0.01,348.02,0.23,-517.17,-0.34,-57803.14,-578.03
1762,매수 청산,2024-10-28 12:00,XL4,2734.29,100,273021,408,0.15,543,0.20,-545.5,-0.20,-57395.14,-573.95
1762,매수 진입,2024-10-28 10:00,L4,2730.21,100,273021,408,0.15,543,0.20,-545.5,-0.20,-57395.14,-573.95
1763,매수 청산,2024-10-28 12:00,XL5,2734.29,166.66,454350.1586,1346.61,0.30,1571.6,0.35,-242.49,-0.05,-56048.53,-560.49
1763,매수 진입,2024-10-28 10:10,L5,2726.21,166.66,454350.1586,1346.61,0.30,1571.6,0.35,-242.49,-0.05,-56048.53,-560.49
1764,매수 청산,2024-10-28 21:50,반대신호정리,2733.125,12.64,34641.7528,-95.05,-0.27,37.98,0.11,-160.72,-0.46,-56143.58,-561.44
1764,매수 진입,2024-10-28 16:00,L1,2740.645,12.64,34641.7528,-95.05,-0.27,37.98,0.11,-160.72,-0.46,-56143.58,-561.44
1765,매수 청산,2024-10-29 17:40,XL1,2752.02,79.57,218821.8763,156.36,0.07,521.58,0.24,-289.63,-0.13,-55987.23,-559.87
1765,매수 진입,2024-10-29 15:00,L1,2750.055,79.57,218821.8763,156.36,0.07,521.58,0.24,-289.63,-0.13,-55987.23,-559.87
1766,매수 청산,2024-10-29 17:40,XL2,2752.02,97.25,267220.6325,413.31,0.15,505.21,0.19,-131.77,-0.05,-55573.91,-555.74
1766,매수 진입,2024-10-29 17:20,L2,2747.77,97.25,267220.6325,413.31,0.15,505.21,0.19,-131.77,-0.05,-55573.91,-555.74
1767,매수 청산,2024-10-30 14:30,XL1,2783.105,102.43,284528.0054,545.44,0.19,545.44,0.19,-165.42,-0.06,-55028.47,-550.28
1767,매수 진입,2024-10-30 10:20,L1,2777.78,102.43,284528.0054,545.44,0.19,545.44,0.19,-165.42,-0.06,-55028.47,-550.28
1768,매수 청산,2024-10-31 23:40,XL1,2738.43,20.61,57438.8334,-999.79,-1.74,66.57,0.12,-999.79,-1.74,-56028.27,-560.28
1768,매수 진입,2024-10-31 04:10,L1,2786.94,20.61,57438.8334,-999.79,-1.74,66.57,0.12,-999.79,-1.74,-56028.27,-560.28
1769,매도 청산,2024-11-04 17:50,XS1,2732.04,28.67,78327.5868,0,0.00,0,0.00,-369.7,-0.47,-56028.27,-560.28
1769,매도 진입,2024-11-04 08:00,S1,2732.04,28.67,78327.5868,0,0.00,0,0.00,-369.7,-0.47,-56028.27,-560.28
1770,매도 청산,2024-11-04 17:50,XS2,2732.04,35.05,95980.219,222.22,0.23,222.22,0.23,-229.75,-0.24,-55806.05,-558.06
1770,매도 진입,2024-11-04 08:10,S2,2738.38,35.05,95980.219,222.22,0.23,222.22,0.23,-229.75,-0.24,-55806.05,-558.06
1771,매도 청산,2024-11-04 17:50,XS3,2732.04,45.06,123677.0832,571.36,0.46,571.36,0.46,-9.69,-0.01,-55234.69,-552.35
1771,매도 진입,2024-11-04 16:10,S3,2744.72,45.06,123677.0832,571.36,0.46,571.36,0.46,-9.69,-0.01,-55234.69,-552.35
1772,매수 청산,2024-11-05 13:30,반대신호정리,2735.355,32.46,88960.6875,-171.06,-0.19,67.35,0.08,-514.82,-0.58,-55405.75,-554.06
1772,매수 진입,2024-11-05 00:40,L1,2740.625,32.46,88960.6875,-171.06,-0.19,67.35,0.08,-514.82,-0.58,-55405.75,-554.06
1773,매수 청산,2024-11-05 13:30,반대신호정리,2735.355,39.68,108525.792,13.09,0.01,186.89,0.17,-407.12,-0.38,-55392.66,-553.93
1773,매수 진입,2024-11-05 01:10,L2,2735.025,39.68,108525.792,13.09,0.01,186.89,0.17,-407.12,-0.38,-55392.66,-553.93
1774,매도 청산,2024-11-05 15:00,XS1,2731.94,132.71,363101.1955,545.44,0.15,545.44,0.15,-164.56,-0.05,-54847.22,-548.47
1774,매도 진입,2024-11-05 14:20,S1,2736.05,132.71,363101.1955,545.44,0.15,545.44,0.15,-164.56,-0.05,-54847.22,-548.47
1775,매수 청산,2024-11-05 22:40,XL1,2742.87,49.4,135377.736,120.04,0.09,153.63,0.11,-196.61,-0.15,-54727.18,-547.27
1775,매수 진입,2024-11-05 21:30,L1,2740.44,49.4,135377.736,120.04,0.09,153.63,0.11,-196.61,-0.15,-54727.18,-547.27
1776,매수 청산,2024-11-05 22:40,XL2,2742.87,60.38,165245.5688,368.92,0.22,409.98,0.25,-18.11,-0.01,-54358.25,-543.58
1776,매수 진입,2024-11-05 22:20,L2,2736.76,60.38,165245.5688,368.92,0.22,409.98,0.25,-18.11,-0.01,-54358.25,-543.58
1777,매도 청산,2024-11-06 14:10,XS1,2738.76,111.2,304550.112,0,0.00,286.9,0.09,-547.66,-0.18,-54358.25,-543.58
1777,매도 진입,2024-11-06 13:20,S1,2738.76,111.2,304550.112,0,0.00,286.9,0.09,-547.66,-0.18,-54358.25,-543.58
1778,매도 청산,2024-11-06 14:10,XS2,2738.76,135.91,372447.0844,222.21,0.06,222.21,0.06,-447.14,-0.12,-54136.04,-541.36
1778,매도 진입,2024-11-06 13:40,S2,2740.395,135.91,372447.0844,222.21,0.06,222.21,0.06,-447.14,-0.12,-54136.04,-541.36
1779,매도 청산,2024-11-06 14:10,XS3,2738.76,174.74,479142.3222,571.4,0.12,571.4,0.12,-289.19,-0.06,-53564.64,-535.65
1779,매도 진입,2024-11-06 13:40,S3,2742.03,174.74,479142.3222,571.4,0.12,571.4,0.12,-289.19,-0.06,-53564.64,-535.65
1780,매도 청산,2024-11-06 14:10,XS4,2738.76,244.64,671210.2056,1199.96,0.18,1199.96,0.18,-4.89,0.00,-52364.68,-523.65
1780,매도 진입,2024-11-06 14:00,S4,2743.665,244.64,671210.2056,1199.96,0.18,1199.96,0.18,-4.89,0.00,-52364.68,-523.65
1781,매도 청산,2024-11-06 16:40,XS1,2726.135,111.2,303698.876,552.66,0.18,823.99,0.27,-1.67,0.00,-51812.02,-518.12
1781,매도 진입,2024-11-06 16:20,S1,2731.105,111.2,303698.876,552.66,0.18,823.99,0.27,-1.67,0.00,-51812.02,-518.12
1782,매도 청산,2024-11-06 17:50,XS1,2728.095,46.14,126056.0949,181.79,0.14,262.08,0.21,-84.44,-0.07,-51630.23,-516.30
1782,매도 진입,2024-11-06 17:20,S1,2732.035,46.14,126056.0949,181.79,0.14,262.08,0.21,-84.44,-0.07,-51630.23,-516.30
1783,매도 청산,2024-11-07 13:40,XS1,2656.28,45.06,119691.9768,0,0.00,225.75,0.19,-225.98,-0.19,-51630.23,-516.30
1783,매도 진입,2024-11-07 11:10,S1,2656.28,45.06,119691.9768,0,0.00,225.75,0.19,-225.98,-0.19,-51630.23,-516.30
1784,매도 청산,2024-11-07 13:40,XS2,2656.28,55.07,146503.547,222.21,0.15,222.21,0.15,-53.97,-0.04,-51408.02,-514.08
1784,매도 진입,2024-11-07 12:30,S2,2660.315,55.07,146503.547,222.21,0.15,222.21,0.15,-53.97,-0.04,-51408.02,-514.08
1785,매수 청산,2024-11-08 04:30,XL1,2693.725,49.54,133447.1365,0,0.00,330.93,0.25,-244.23,-0.18,-51408.02,-514.08
1785,매수 진입,2024-11-08 01:20,L1,2693.725,49.54,133447.1365,0,0.00,330.93,0.25,-244.23,-0.18,-51408.02,-514.08
1786,매수 청산,2024-11-08 04:30,XL2,2693.725,60.55,162882.8302,222.22,0.14,260.37,0.16,-76.29,-0.05,-51185.8,-511.86
1786,매수 진입,2024-11-08 04:00,L2,2690.055,60.55,162882.8302,222.22,0.14,260.37,0.16,-76.29,-0.05,-51185.8,-511.86
1787,매도 청산,2024-11-08 21:20,XS1,2687.35,27.97,75165.1795,0,0.00,15.52,0.02,-214.81,-0.29,-51185.8,-511.86
1787,매도 진입,2024-11-08 19:50,S1,2687.35,27.97,75165.1795,0,0.00,15.52,0.02,-214.81,-0.29,-51185.8,-511.86
1788,매도 청산,2024-11-08 21:20,XS2,2687.35,34.18,92075.793,222.17,0.24,222.17,0.24,-40.33,-0.04,-50963.63,-509.64
1788,매도 진입,2024-11-08 20:40,S2,2693.85,34.18,92075.793,222.17,0.24,222.17,0.24,-40.33,-0.04,-50963.63,-509.64
1789,매도 청산,2024-11-11 11:30,XS1,2668.905,28.38,76288.8456,545.32,0.71,545.32,0.71,-8.66,-0.01,-50418.31,-504.18
1789,매도 진입,2024-11-09 05:30,S1,2688.12,28.38,76288.8456,545.32,0.71,545.32,0.71,-8.66,-0.01,-50418.31,-504.18
1790,매도 청산,2024-11-12 16:20,XS1,2599.63,74.21,193463.9858,545.44,0.28,545.44,0.28,-161.78,-0.08,-49872.87,-498.73
1790,매도 진입,2024-11-12 15:40,S1,2606.98,74.21,193463.9858,545.44,0.28,545.44,0.28,-161.78,-0.08,-49872.87,-498.73
1791,매수 청산,2024-11-13 12:50,XL1,2610.895,140.4,366229.188,340.47,0.09,373.46,0.10,-266.76,-0.07,-49532.4,-495.32
1791,매수 진입,2024-11-13 12:30,L1,2608.47,140.4,366229.188,340.47,0.09,373.46,0.10,-266.76,-0.07,-49532.4,-495.32
1792,매수 청산,2024-11-13 12:50,XL2,2610.895,171.6,447391.23,638.35,0.14,678.68,0.15,-103.82,-0.02,-48894.05,-488.94
1792,매수 진입,2024-11-13 12:30,L2,2607.175,171.6,447391.23,638.35,0.14,678.68,0.15,-103.82,-0.02,-48894.05,-488.94
1793,매수 청산,2024-11-13 15:00,XL1,2605.825,140.4,365825.538,32.29,0.01,174.8,0.05,-205.69,-0.06,-48861.75,-488.62
1793,매수 진입,2024-11-13 14:40,L1,2605.595,140.4,365825.538,32.29,0.01,174.8,0.05,-205.69,-0.06,-48861.75,-488.62
1794,매수 청산,2024-11-13 15:00,XL2,2605.825,171.6,446897.88,261.69,0.06,435.86,0.10,-29.17,-0.01,-48600.06,-486.00
1794,매수 진입,2024-11-13 14:40,L2,2604.3,171.6,446897.88,261.69,0.06,435.86,0.10,-29.17,-0.01,-48600.06,-486.00
1795,매수 청산,2024-11-13 17:10,XL1,2605.61,140.4,365827.644,0,0.00,258.34,0.07,-633.91,-0.17,-48600.06,-486.00
1795,매수 진입,2024-11-13 15:50,L1,2605.61,140.4,365827.644,0,0.00,258.34,0.07,-633.91,-0.17,-48600.06,-486.00
1796,매수 청산,2024-11-13 17:10,XL2,2605.61,171.6,446900.454,222.22,0.05,222.22,0.05,-552.55,-0.12,-48377.84,-483.78
1796,매수 진입,2024-11-13 17:00,L2,2604.315,171.6,446900.454,222.22,0.05,222.22,0.05,-552.55,-0.12,-48377.84,-483.78
1797,매수 청산,2024-11-13 17:10,XL3,2605.61,220.62,574278.2724,571.41,0.10,571.41,0.10,-424.69,-0.07,-47806.43,-478.06
1797,매수 진입,2024-11-13 17:10,L3,2603.02,220.62,574278.2724,571.41,0.10,571.41,0.10,-424.69,-0.07,-47806.43,-478.06
1798,매수 청산,2024-11-13 17:10,XL4,2605.61,308.88,803620.818,1200,0.15,1200,0.15,-194.59,-0.02,-46606.44,-466.06
1798,매수 진입,2024-11-13 17:10,L4,2601.725,308.88,803620.818,1200,0.15,1200,0.15,-194.59,-0.02,-46606.44,-466.06
1799,매도 청산,2024-11-14 14:30,XS1,2555.825,19.84,51252.7712,545.2,1.06,545.2,1.06,-33.43,-0.07,-46061.23,-460.61
1799,매도 진입,2024-11-14 03:20,S1,2583.305,19.84,51252.7712,545.2,1.06,545.2,1.06,-33.43,-0.07,-46061.23,-460.61
1800,매도 청산,2024-11-14 17:30,XS1,2555.71,98.28,251363.8764,188.7,0.08,300.25,0.12,-222.11,-0.09,-45872.53,-458.73
1800,매도 진입,2024-11-14 16:40,S1,2557.63,98.28,251363.8764,188.7,0.08,300.25,0.12,-222.11,-0.09,-45872.53,-458.73
1801,매도 청산,2024-11-14 17:30,XS2,2555.71,120.12,307444.7376,452.85,0.15,539.94,0.18,-49.25,-0.02,-45419.68,-454.20
1801,매도 진입,2024-11-14 17:10,S2,2559.48,120.12,307444.7376,452.85,0.15,539.94,0.18,-49.25,-0.02,-45419.68,-454.20
1802,매도 청산,2024-11-15 00:20,XS1,2569.495,41.99,106893.1032,-999.99,-0.94,94.9,0.09,-999.99,-0.94,-46419.68,-464.20
1802,매도 진입,2024-11-14 19:30,S1,2545.68,41.99,106893.1032,-999.99,-0.94,94.9,0.09,-999.99,-0.94,-46419.68,-464.20
1803,매도 청산,2024-11-15 00:20,XS2,2569.495,51.32,130866.5132,-999.97,-0.76,35.41,0.03,-999.97,-0.76,-47419.64,-474.20
1803,매도 진입,2024-11-14 20:30,S2,2550.01,51.32,130866.5132,-999.97,-0.76,35.41,0.03,-999.97,-0.76,-47419.64,-474.20
1804,매도 청산,2024-11-15 00:20,XS3,2569.495,65.98,168535.3532,-999.93,-0.59,276.13,0.16,-999.93,-0.59,-48419.57,-484.20
1804,매도 진입,2024-11-14 20:40,S3,2554.34,65.98,168535.3532,-999.93,-0.59,276.13,0.16,-999.93,-0.59,-48419.57,-484.20
1805,매도 청산,2024-11-15 00:20,XS4,2569.495,92.37,236344.3479,-999.91,-0.42,402.27,0.17,-999.91,-0.42,-49419.48,-494.19
1805,매도 진입,2024-11-14 22:30,S4,2558.67,92.37,236344.3479,-999.91,-0.42,402.27,0.17,-999.91,-0.42,-49419.48,-494.19
1806,매도 청산,2024-11-15 00:20,XS5,2569.495,153.96,394599.48,-999.97,-0.25,805.98,0.20,-999.97,-0.25,-50419.45,-504.19
1806,매도 진입,2024-11-14 23:20,S5,2563,153.96,394599.48,-999.97,-0.25,805.98,0.20,-999.97,-0.25,-50419.45,-504.19
1807,매도 청산,2024-11-15 00:20,XS6,2569.495,461.89,1185824.054,-999.99,-0.08,1242.48,0.10,-999.99,-0.08,-51419.44,-514.19
1807,매도 진입,2024-11-15 00:00,S6,2567.33,461.89,1185824.054,-999.99,-0.08,1242.48,0.10,-999.99,-0.08,-51419.44,-514.19
1808,매도 청산,2024-11-15 17:20,XS1,2563.975,78.87,202211.2438,-9.46,0.00,10.65,0.01,-239.37,-0.12,-51428.9,-514.29
1808,매도 진입,2024-11-15 17:00,S1,2563.855,78.87,202211.2438,-9.46,0.00,10.65,0.01,-239.37,-0.12,-51428.9,-514.29
1809,매도 청산,2024-11-15 17:20,XS2,2563.975,96.4,247377.824,210.63,0.09,211.6,0.09,-70.37,-0.03,-51218.27,-512.18
1809,매도 진입,2024-11-15 17:00,S2,2566.16,96.4,247377.824,210.63,0.09,211.6,0.09,-70.37,-0.03,-51218.27,-512.18
1810,매수 청산,2024-11-16 03:30,반대신호정리,2565.745,22.87,58767.8955,-89.31,-0.15,84.85,0.14,-231.56,-0.39,-51307.58,-513.08
1810,매수 진입,2024-11-16 00:30,L1,2569.65,22.87,58767.8955,-89.31,-0.15,84.85,0.14,-231.56,-0.39,-51307.58,-513.08
1811,매수 청산,2024-11-16 03:30,반대신호정리,2565.745,27.95,71599.515,113.06,0.16,137.93,0.19,-60.79,-0.08,-51194.52,-511.95
1811,매수 진입,2024-11-16 02:00,L2,2561.7,27.95,71599.515,113.06,0.16,137.93,0.19,-60.79,-0.08,-51194.52,-511.95
1812,매도 청산,2024-11-18 12:00,반대신호정리,2591.105,22.87,58710.2631,-548.31,-0.93,0,0.00,-689.53,-1.17,-51742.83,-517.43
1812,매도 진입,2024-11-18 08:00,S1,2567.13,22.87,58710.2631,-548.31,-0.93,0,0.00,-689.53,-1.17,-51742.83,-517.43
1813,매도 청산,2024-11-18 12:00,반대신호정리,2591.105,27.95,71973.486,-447.9,-0.62,144.22,0.20,-620.49,-0.86,-52190.73,-521.91
1813,매도 진입,2024-11-18 08:20,S2,2575.08,27.95,71973.486,-447.9,-0.62,144.22,0.20,-620.49,-0.86,-52190.73,-521.91
1814,매수 청산,2024-11-19 10:10,XL1,2617.505,18.97,49108.87205,545.2,1.11,545.2,1.11,-156.79,-0.32,-51645.53,-516.46
1814,매수 진입,2024-11-18 12:20,L1,2588.765,18.97,49108.87205,545.2,1.11,545.2,1.11,-156.79,-0.32,-51645.53,-516.46
1815,매수 청산,2024-11-19 17:20,XL1,2621.515,93.96,246317.5494,0,0.00,492.82,0.20,-353.29,-0.14,-51645.53,-516.46
1815,매수 진입,2024-11-19 15:10,L1,2621.515,93.96,246317.5494,0,0.00,492.82,0.20,-353.29,-0.14,-51645.53,-516.46
1816,매수 청산,2024-11-19 17:20,XL2,2621.515,114.84,300832.5672,222.22,0.07,222.22,0.07,-209.58,-0.07,-51423.31,-514.23
1816,매수 진입,2024-11-19 16:10,L2,2619.58,114.84,300832.5672,222.22,0.07,222.22,0.07,-209.58,-0.07,-51423.31,-514.23
1817,매수 청산,2024-11-20 15:00,XL1,2633.677,161.61,426628.5826,-1000.04,-0.23,94.54,0.02,-1000.04,-0.23,-52423.35,-524.23
1817,매수 진입,2024-11-20 12:40,L1,2639.865,161.61,426628.5826,-1000.04,-0.23,94.54,0.02,-1000.04,-0.23,-52423.35,-524.23
1818,매수 청산,2024-11-20 15:00,XL2,2633.677,197.53,521230.3122,-1000.09,-0.19,22.72,0.00,-1000.09,-0.19,-53423.45,-534.23
1818,매수 진입,2024-11-20 12:50,L2,2638.74,197.53,521230.3122,-1000.09,-0.19,22.72,0.00,-1000.09,-0.19,-53423.45,-534.23
1819,매수 청산,2024-11-20 15:00,XL3,2633.677,253.96,669848.7054,-1000.09,-0.15,314.91,0.05,-1000.09,-0.15,-54423.54,-544.24
1819,매수 진입,2024-11-20 13:00,L3,2637.615,253.96,669848.7054,-1000.09,-0.15,314.91,0.05,-1000.09,-0.15,-54423.54,-544.24
1820,매수 청산,2024-11-20 15:00,XL4,2633.677,355.55,937404.0195,-1000.16,-0.11,739.54,0.08,-1000.16,-0.11,-55423.71,-554.24
1820,매수 진입,2024-11-20 13:30,L4,2636.49,355.55,937404.0195,-1000.16,-0.11,739.54,0.08,-1000.16,-0.11,-55423.71,-554.24
1821,매수 청산,2024-11-20 15:00,XL5,2633.677,592.59,1561690.945,-1000.29,-0.06,1899.25,0.12,-1000.29,-0.06,-56424,-564.24
1821,매수 진입,2024-11-20 14:00,L5,2635.365,592.59,1561690.945,-1000.29,-0.06,1899.25,0.12,-1000.29,-0.06,-56424,-564.24
1822,매수 청산,2024-11-20 15:00,XL6,2633.677,1777.77,4683072.845,-1000.88,-0.02,0,0.00,-1000.88,-0.02,-57424.88,-574.25
1822,매수 진입,2024-11-20 15:00,L6,2634.24,1777.77,4683072.845,-1000.88,-0.02,0,0.00,-1000.88,-0.02,-57424.88,-574.25
1823,매도 청산,2024-11-21 00:00,XS1,2646.595,44.78,117514.5867,-999.94,-0.85,146.88,0.12,-999.94,-0.85,-58424.82,-584.25
1823,매도 진입,2024-11-20 18:00,S1,2624.265,44.78,117514.5867,-999.94,-0.85,146.88,0.12,-999.94,-0.85,-58424.82,-584.25
1824,매도 청산,2024-11-21 00:00,XS2,2646.595,54.73,143848.2272,-999.92,-0.70,67.04,0.05,-999.92,-0.70,-59424.74,-594.25
1824,매도 진입,2024-11-20 21:00,S2,2628.325,54.73,143848.2272,-999.92,-0.70,67.04,0.05,-999.92,-0.70,-59424.74,-594.25
1825,매도 청산,2024-11-21 00:00,XS3,2646.595,70.37,185240.9325,-999.96,-0.54,153.76,0.08,-999.96,-0.54,-60424.69,-604.25
1825,매도 진입,2024-11-20 21:40,S3,2632.385,70.37,185240.9325,-999.96,-0.54,153.76,0.08,-999.96,-0.54,-60424.69,-604.25
1826,매도 청산,2024-11-21 00:00,XS4,2646.595,98.52,259742.5614,-999.98,-0.38,288.66,0.11,-999.98,-0.38,-61424.67,-614.25
1826,매도 진입,2024-11-20 22:10,S4,2636.445,98.52,259742.5614,-999.98,-0.38,288.66,0.11,-999.98,-0.38,-61424.67,-614.25
1827,매도 청산,2024-11-21 00:00,XS5,2646.595,164.2,433570.921,-999.98,-0.23,1147.76,0.26,-999.98,-0.23,-62424.65,-624.25
1827,매도 진입,2024-11-20 22:20,S5,2640.505,164.2,433570.921,-999.98,-0.23,1147.76,0.26,-999.98,-0.23,-62424.65,-624.25
1828,매도 청산,2024-11-21 00:00,XS6,2646.595,492.61,1302739.165,-1000,-0.08,1899.01,0.15,-1000,-0.08,-63424.65,-634.25
1828,매도 진입,2024-11-20 23:30,S6,2644.565,492.61,1302739.165,-1000,-0.08,1899.01,0.15,-1000,-0.08,-63424.65,-634.25
1829,매수 청산,2024-11-21 12:20,XL1,2653.085,147.22,390679.1862,-92.01,-0.02,4.42,0.00,-479.94,-0.12,-63516.66,-635.17
1829,매수 진입,2024-11-21 12:00,L1,2653.71,147.22,390679.1862,-92.01,-0.02,4.42,0.00,-479.94,-0.12,-63516.66,-635.17
1830,매수 청산,2024-11-21 12:20,XL2,2653.085,179.93,477259.8268,109.76,0.02,195.22,0.04,-364.36,-0.08,-63406.91,-634.07
1830,매수 진입,2024-11-21 12:00,L2,2652.475,179.93,477259.8268,109.76,0.02,195.22,0.04,-364.36,-0.08,-63406.91,-634.07
1831,매수 청산,2024-11-21 12:20,XL2,2653.085,179.93,477037.6132,331.97,0.07,417.44,0.09,-142.14,-0.03,-63074.93,-630.75
1831,매수 진입,2024-11-21 12:00,L3,2651.24,179.93,477037.6132,331.97,0.07,417.44,0.09,-142.14,-0.03,-63074.93,-630.75
1832,매수 청산,2024-11-21 12:20,XL2,2653.085,51.41,136300.2484,94.85,0.07,119.27,0.09,-40.61,-0.03,-62980.08,-629.80
1832,매수 진입,2024-11-21 12:00,L3,2651.24,51.41,136300.2484,94.85,0.07,119.27,0.09,-40.61,-0.03,-62980.08,-629.80
1833,매수 청산,2024-11-21 12:20,XL2,2653.085,128.52,340648.0434,326.44,0.10,387.49,0.11,-12.21,0.00,-62653.64,-626.54
1833,매수 진입,2024-11-21 12:00,L2,2650.545,128.52,340648.0434,326.44,0.10,387.49,0.11,-12.21,0.00,-62653.64,-626.54
1834,매수 청산,2024-11-21 12:20,XL3,2653.085,51.41,136264.5185,130.58,0.10,155,0.11,-4.88,0.00,-62523.06,-625.23
1834,매수 진입,2024-11-21 12:00,L2,2650.545,51.41,136264.5185,130.58,0.10,155,0.11,-4.88,0.00,-62523.06,-625.23
1835,매수 청산,2024-11-21 12:20,XL3,2653.085,179.93,476927.676,441.91,0.09,527.37,0.11,-32.21,-0.01,-62081.15,-620.81
1835,매수 진입,2024-11-21 12:00,L2,2650.629,179.93,476927.676,441.91,0.09,527.37,0.11,-32.21,-0.01,-62081.15,-620.81
1836,매수 청산,2024-11-22 15:00,XL1,2686.715,185.52,498490.3848,-51.02,-0.01,72.35,0.01,-723.53,-0.15,-62132.17,-621.32
1836,매수 진입,2024-11-22 14:40,L1,2686.99,185.52,498490.3848,-51.02,-0.01,72.35,0.01,-723.53,-0.15,-62132.17,-621.32
1837,매수 청산,2024-11-22 15:00,XL2,2686.715,226.75,609052.7675,159.86,0.03,159.86,0.03,-662.11,-0.11,-61972.31,-619.72
1837,매수 진입,2024-11-22 14:40,L2,2686.01,226.75,609052.7675,159.86,0.03,159.86,0.03,-662.11,-0.11,-61972.31,-619.72
1838,매수 청산,2024-11-22 15:00,XL2,2686.715,226.75,608930.3225,282.3,0.05,282.3,0.05,-539.66,-0.09,-61690.01,-616.90
1838,매수 진입,2024-11-22 14:40,L2,2685.47,226.75,608930.3225,282.3,0.05,282.3,0.05,-539.66,-0.09,-61690.01,-616.90
1839,매수 청산,2024-11-22 15:00,XL2,2686.715,226.75,608851.4135,361.21,0.06,361.21,0.06,-460.76,-0.08,-61328.8,-613.29
1839,매수 진입,2024-11-22 14:40,L2,2685.122,226.75,608851.4135,361.21,0.06,361.21,0.06,-460.76,-0.08,-61328.8,-613.29
1840,매수 청산,2024-11-22 15:00,XL2,2686.715,226.75,608713.7762,498.85,0.08,498.85,0.08,-323.12,-0.05,-60829.94,-608.30
1840,매수 진입,2024-11-22 14:40,L2,2684.515,226.75,608713.7762,498.85,0.08,498.85,0.08,-323.12,-0.05,-60829.94,-608.30
1841,매수 청산,2024-11-22 15:00,XL2,2686.715,226.75,608730.5557,482.07,0.08,482.07,0.08,-339.9,-0.06,-60347.87,-603.48
1841,매수 진입,2024-11-22 14:40,L2,2684.589,226.75,608730.5557,482.07,0.08,482.07,0.08,-339.9,-0.06,-60347.87,-603.48
1842,매수 청산,2024-11-22 15:00,XL3,2686.715,291.54,782379.3679,905.52,0.12,905.52,0.12,-151.31,-0.02,-59442.35,-594.42
1842,매수 진입,2024-11-22 14:40,L3,2683.609,291.54,782379.3679,905.52,0.12,905.52,0.12,-151.31,-0.02,-59442.35,-594.42
1843,매수 청산,2024-11-26 22:00,XL1,2636.025,43.44,114327.1296,181.8,0.16,181.8,0.16,-89.7,-0.08,-59260.55,-592.61
1843,매수 진입,2024-11-26 21:30,L1,2631.84,43.44,114327.1296,181.8,0.16,181.8,0.16,-89.7,-0.08,-59260.55,-592.61
1844,매수 청산,2024-11-27 17:20,XL2,2646.88,84.96,225060.7392,-181.81,-0.08,35.68,0.02,-181.81,-0.08,-59442.37,-594.42
1844,매수 진입,2024-11-27 17:20,L1,2649.02,84.96,225060.7392,-181.81,-0.08,35.68,0.02,-181.81,-0.08,-59442.37,-594.42
1845,매수 청산,2024-11-27 17:20,XL2,2646.88,18.88,49973.0944,0,0.00,0,0.00,0,0.00,-59442.37,-594.42
1845,매수 진입,2024-11-27 17:20,L2,2646.88,18.88,49973.0944,0,0.00,0,0.00,0,0.00,-59442.37,-594.42
1846,매수 청산,2024-11-27 17:40,XL1,2649.02,84.96,224878.9248,181.81,0.08,181.81,0.08,-117.67,-0.05,-59260.55,-592.61
1846,매수 진입,2024-11-27 17:20,L2,2646.88,84.96,224878.9248,181.81,0.08,181.81,0.08,-117.67,-0.05,-59260.55,-592.61
1847,매수 청산,2024-11-27 20:30,XL1,2648.47,84.96,225014.0112,0,0.00,132.54,0.06,-458.36,-0.20,-59260.55,-592.61
1847,매수 진입,2024-11-27 19:00,L1,2648.47,84.96,225014.0112,0,0.00,132.54,0.06,-458.36,-0.20,-59260.55,-592.61
1848,매수 청산,2024-11-27 20:30,XL2,2648.47,103.84,274794.9072,222.22,0.08,248.18,0.09,-338,-0.12,-59038.34,-590.38
1848,매수 진입,2024-11-27 20:10,L2,2646.33,103.84,274794.9072,222.22,0.08,248.18,0.09,-338,-0.12,-59038.34,-590.38
1849,매수 청산,2024-11-27 20:30,XL3,2648.47,133.51,353025.8069,571.42,0.16,604.8,0.17,-148.86,-0.04,-58466.91,-584.67
1849,매수 진입,2024-11-27 20:10,L3,2644.19,133.51,353025.8069,571.42,0.16,604.8,0.17,-148.86,-0.04,-58466.91,-584.67
1850,매도 청산,2024-11-28 12:40,XS1,2629.922,74.21,195066.5507,-99.96,-0.05,5.94,0.00,-269.38,-0.14,-58566.87,-585.67
1850,매도 진입,2024-11-28 12:20,S1,2628.575,74.21,195066.5507,-99.96,-0.05,5.94,0.00,-269.38,-0.14,-58566.87,-585.67
1851,매도 청산,2024-11-28 12:40,XS2,2629.922,90.7,238633.9675,100.04,0.04,100.04,0.04,-107.03,-0.04,-58466.83,-584.67
1851,매도 진입,2024-11-28 12:20,S2,2631.025,90.7,238633.9675,100.04,0.04,100.04,0.04,-107.03,-0.04,-58466.83,-584.67
1852,매수 청산,2024-11-28 21:30,XL1,2647.125,94.45,250020.9563,0,0.00,50.53,0.02,-297.52,-0.12,-58466.83,-584.67
1852,매수 진입,2024-11-28 20:30,L1,2647.125,94.45,250020.9563,0,0.00,50.53,0.02,-297.52,-0.12,-58466.83,-584.67
1853,매수 청산,2024-11-28 21:30,XL2,2647.125,115.44,305361.888,222.22,0.07,283.98,0.09,-141.41,-0.05,-58244.61,-582.45
1853,매수 진입,2024-11-28 20:40,L2,2645.2,115.44,305361.888,222.22,0.07,283.98,0.09,-141.41,-0.05,-58244.61,-582.45
1854,매수 청산,2024-11-29 10:10,XL1,2640.365,72.58,191637.6917,0,0.00,122.66,0.06,-455.44,-0.24,-58244.61,-582.45
1854,매수 진입,2024-11-29 02:30,L1,2640.365,72.58,191637.6917,0,0.00,122.66,0.06,-455.44,-0.24,-58244.61,-582.45
1855,매수 청산,2024-11-29 10:10,XL2,2640.365,88.71,234004.5606,222.22,0.09,222.22,0.09,-334.44,-0.14,-58022.39,-580.22
1855,매수 진입,2024-11-29 04:20,L2,2637.86,88.71,234004.5606,222.22,0.09,222.22,0.09,-334.44,-0.14,-58022.39,-580.22
1856,매도 청산,2024-12-02 17:00,XS1,2628.735,78.87,207328.3295,0,0.00,17.75,0.01,-387.65,-0.19,-58022.39,-580.22
1856,매도 진입,2024-12-02 16:10,S1,2628.735,78.87,207328.3295,0,0.00,17.75,0.01,-387.65,-0.19,-58022.39,-580.22
1857,매도 청산,2024-12-02 17:00,XS2,2628.735,96.4,253632.256,222.2,0.09,222.2,0.09,-251.6,-0.10,-57800.19,-578.00
1857,매도 진입,2024-12-02 16:20,S2,2631.04,96.4,253632.256,222.2,0.09,222.2,0.09,-251.6,-0.10,-57800.19,-578.00
1858,매도 청산,2024-12-02 17:00,XS3,2628.735,123.95,326403.1127,571.41,0.18,571.41,0.18,-37.8,-0.01,-57228.78,-572.29
1858,매도 진입,2024-12-02 16:40,S3,2633.345,123.95,326403.1127,571.41,0.18,571.41,0.18,-37.8,-0.01,-57228.78,-572.29
1859,매도 청산,2024-12-02 22:40,XS1,2647.99,56.29,148055.3653,-999.99,-0.68,202.08,0.14,-999.99,-0.68,-58228.77,-582.29
1859,매도 진입,2024-12-02 17:30,S1,2630.225,56.29,148055.3653,-999.99,-0.68,202.08,0.14,-999.99,-0.68,-58228.77,-582.29
1860,매도 청산,2024-12-02 22:40,XS2,2647.99,68.79,181155.3694,-999.86,-0.55,55.03,0.03,-999.86,-0.55,-59228.64,-592.29
1860,매도 진입,2024-12-02 18:10,S2,2633.455,68.79,181155.3694,-999.86,-0.55,55.03,0.03,-999.86,-0.55,-59228.64,-592.29
1861,매도 청산,2024-12-02 22:40,XS3,2647.99,88.45,233214.7883,-999.93,-0.43,356.45,0.15,-999.93,-0.43,-60228.56,-602.29
1861,매도 진입,2024-12-02 18:20,S3,2636.685,88.45,233214.7883,-999.93,-0.43,356.45,0.15,-999.93,-0.43,-60228.56,-602.29
1862,매도 청산,2024-12-02 22:40,XS4,2647.99,123.83,326900.6744,-999.93,-0.31,350.44,0.11,-999.93,-0.31,-61228.49,-612.28
1862,매도 진입,2024-12-02 20:10,S4,2639.915,123.83,326900.6744,-999.93,-0.31,350.44,0.11,-999.93,-0.31,-61228.49,-612.28
1863,매도 청산,2024-12-02 22:40,XS5,2647.99,206.39,545518.6965,-999.96,-0.18,1250.72,0.23,-999.96,-0.18,-62228.45,-622.28
1863,매도 진입,2024-12-02 20:20,S5,2643.145,206.39,545518.6965,-999.96,-0.18,1250.72,0.23,-999.96,-0.18,-62228.45,-622.28
1864,매도 청산,2024-12-02 22:40,XS6,2647.99,619.19,1638608.936,-999.99,-0.06,2024.75,0.12,-999.99,-0.06,-63228.44,-632.28
1864,매도 진입,2024-12-02 22:20,S6,2646.375,619.19,1638608.936,-999.99,-0.06,2024.75,0.12,-999.99,-0.06,-63228.44,-632.28
1865,매수 청산,2024-12-04 11:00,반대신호정리,2642.205,25.68,68062.4004,-210.58,-0.31,51.36,0.08,-389.69,-0.57,-63439.02,-634.39
1865,매수 진입,2024-12-03 23:40,L1,2650.405,25.68,68062.4004,-210.58,-0.31,51.36,0.08,-389.69,-0.57,-63439.02,-634.39
1866,매수 청산,2024-12-04 11:00,반대신호정리,2642.205,31.38,82947.5385,-35.15,-0.04,185.14,0.22,-254.02,-0.31,-63474.16,-634.74
1866,매수 진입,2024-12-04 00:00,L2,2643.325,31.38,82947.5385,-35.15,-0.04,185.14,0.22,-254.02,-0.31,-63474.16,-634.74
1867,매수 청산,2024-12-04 11:00,반대신호정리,2642.205,40.35,106372.4857,240.49,0.23,523.74,0.49,-40.96,-0.04,-63233.68,-632.34
1867,매수 진입,2024-12-04 00:20,L3,2636.245,40.35,106372.4857,240.49,0.23,523.74,0.49,-40.96,-0.04,-63233.68,-632.34
1868,매수 청산,2024-12-05 14:20,반대신호정리,2648.905,48.29,127875.3003,40.32,0.03,361.93,0.28,-161.05,-0.13,-63193.35,-631.93
1868,매수 진입,2024-12-05 01:50,L1,2648.07,48.29,127875.3003,40.32,0.03,361.93,0.28,-161.05,-0.13,-63193.35,-631.93
1869,매도 청산,2024-12-05 21:20,XS1,2648.76,55.26,146370.4776,0,0.00,6.08,0.00,-218.83,-0.15,-63193.35,-631.93
1869,매도 진입,2024-12-05 20:30,S1,2648.76,55.26,146370.4776,0,0.00,6.08,0.00,-218.83,-0.15,-63193.35,-631.93
1870,매도 청산,2024-12-05 21:20,XS2,2648.76,67.54,179119.457,222.21,0.12,222.21,0.12,-45.25,-0.03,-62971.15,-629.71
1870,매도 진입,2024-12-05 20:50,S2,2652.05,67.54,179119.457,222.21,0.12,222.21,0.12,-45.25,-0.03,-62971.15,-629.71
1871,매도 청산,2024-12-06 01:20,XS1,2642.02,58.46,154352.5226,-99.97,-0.06,19.88,0.01,-184.15,-0.12,-63071.12,-630.71
1871,매도 진입,2024-12-06 01:00,S1,2640.31,58.46,154352.5226,-99.97,-0.06,19.88,0.01,-184.15,-0.12,-63071.12,-630.71
1872,매도 청산,2024-12-06 01:20,XS2,2642.02,71.45,188872.359,100.03,0.05,246.5,0.13,-2.86,0.00,-62971.09,-629.71
1872,매도 진입,2024-12-06 01:00,S2,2643.42,71.45,188872.359,100.03,0.05,246.5,0.13,-2.86,0.00,-62971.09,-629.71
1873,매수 청산,2024-12-06 16:50,XL1,2639.735,182.73,481813.3275,545.45,0.11,545.45,0.11,-45.68,-0.01,-62425.64,-624.26
1873,매수 진입,2024-12-06 16:30,L1,2636.75,182.73,481813.3275,545.45,0.11,545.45,0.11,-45.68,-0.01,-62425.64,-624.26
1874,매수 청산,2024-12-06 20:10,XL1,2637.47,83.21,219463.8787,0,0.00,10.82,0.00,-411.89,-0.19,-62425.64,-624.26
1874,매수 진입,2024-12-06 19:30,L1,2637.47,83.21,219463.8787,0,0.00,10.82,0.00,-411.89,-0.19,-62425.64,-624.26
1875,매수 청산,2024-12-06 20:10,XL2,2637.47,101.7,268008.4845,222.21,0.08,222.21,0.08,-281.2,-0.10,-62203.42,-622.03
1875,매수 진입,2024-12-06 19:40,L2,2635.285,101.7,268008.4845,222.21,0.08,222.21,0.08,-281.2,-0.10,-62203.42,-622.03
1876,매수 청산,2024-12-06 20:10,XL3,2637.47,130.76,344304.156,571.42,0.17,571.42,0.17,-75.84,-0.02,-61632,-616.32
1876,매수 진입,2024-12-06 20:00,L3,2633.1,130.76,344304.156,571.42,0.17,571.42,0.17,-75.84,-0.02,-61632,-616.32
1877,매수 청산,2024-12-06 21:30,XL1,2639.52,83.21,219444.3243,190.13,0.09,329.93,0.15,-12.9,-0.01,-61441.87,-614.42
1877,매수 진입,2024-12-06 21:10,L1,2637.235,83.21,219444.3243,190.13,0.09,329.93,0.15,-12.9,-0.01,-61441.87,-614.42
1878,매수 청산,2024-12-09 10:10,반대신호정리,2637.775,35.2,92761.152,88.53,0.10,475.55,0.51,-270.51,-0.29,-61353.34,-613.53
1878,매수 진입,2024-12-07 00:50,L1,2635.26,35.2,92761.152,88.53,0.10,475.55,0.51,-270.51,-0.29,-61353.34,-613.53
1879,매수 청산,2024-12-09 20:00,XL1,2657.66,97.22,258093.8228,283.88,0.11,303.81,0.12,-34.51,-0.01,-61069.46,-610.69
1879,매수 진입,2024-12-09 19:40,L1,2654.74,97.22,258093.8228,283.88,0.11,303.81,0.12,-34.51,-0.01,-61069.46,-610.69
1880,매수 청산,2024-12-10 11:00,XL1,2668.93,78.53,209045.6821,545.39,0.26,545.39,0.26,-104.84,-0.05,-60524.07,-605.24
1880,매수 진입,2024-12-10 10:40,L1,2661.985,78.53,209045.6821,545.39,0.26,545.39,0.26,-104.84,-0.05,-60524.07,-605.24
1881,매수 청산,2024-12-11 09:30,XL1,2698.95,49.67,133511.4699,545.38,0.41,545.38,0.41,-166.15,-0.12,-59978.69,-599.79
1881,매수 진입,2024-12-11 00:30,L1,2687.97,49.67,133511.4699,545.38,0.41,545.38,0.41,-166.15,-0.12,-59978.69,-599.79
1882,매수 청산,2024-12-11 13:30,XL1,2690.247,102.43,276562.0243,-1000.02,-0.36,454.28,0.16,-1000.02,-0.36,-60978.71,-609.79
1882,매수 진입,2024-12-11 11:00,L1,2700.01,102.43,276562.0243,-1000.02,-0.36,454.28,0.16,-1000.02,-0.36,-60978.71,-609.79
1883,매수 청산,2024-12-11 13:30,XL2,2690.247,125.19,337792.0396,-1000.02,-0.30,45.69,0.01,-1000.02,-0.30,-61978.73,-619.79
1883,매수 진입,2024-12-11 12:30,L2,2698.235,125.19,337792.0396,-1000.02,-0.30,45.69,0.01,-1000.02,-0.30,-61978.73,-619.79
1884,매수 청산,2024-12-11 13:30,XL3,2690.247,160.96,434022.2016,-1000.04,-0.23,331.58,0.08,-1000.04,-0.23,-62978.77,-629.79
1884,매수 진입,2024-12-11 12:40,L3,2696.46,160.96,434022.2016,-1000.04,-0.23,331.58,0.08,-1000.04,-0.23,-62978.77,-629.79
1885,매수 청산,2024-12-11 13:30,XL4,2690.247,225.35,607247.2647,-1000.1,-0.16,864.22,0.14,-1000.1,-0.16,-63978.88,-639.79
1885,매수 진입,2024-12-11 12:40,L4,2694.685,225.35,607247.2647,-1000.1,-0.16,864.22,0.14,-1000.1,-0.16,-63978.88,-639.79
1886,매수 청산,2024-12-11 13:30,XL5,2690.247,375.58,1011403.138,-1000.17,-0.10,270.42,0.03,-1000.17,-0.10,-64979.05,-649.79
1886,매수 진입,2024-12-11 13:30,L5,2692.91,375.58,1011403.138,-1000.17,-0.10,270.42,0.03,-1000.17,-0.10,-64979.05,-649.79
1887,매수 청산,2024-12-11 13:30,XL6,2690.247,1126.76,3032263.273,-1000.56,-0.03,569.01,0.02,-1000.56,-0.03,-65979.61,-659.80
1887,매수 진입,2024-12-11 13:30,L6,2691.135,1126.76,3032263.273,-1000.56,-0.03,569.01,0.02,-1000.56,-0.03,-65979.61,-659.80
1888,매수 청산,2024-12-12 01:10,XL1,2716.79,32.81,88592.5777,545.3,0.62,545.3,0.62,-8.86,-0.01,-65434.31,-654.34
1888,매수 진입,2024-12-11 23:40,L1,2700.17,32.81,88592.5777,545.3,0.62,545.3,0.62,-8.86,-0.01,-65434.31,-654.34
1889,매수 청산,2024-12-12 14:50,XL1,2715.74,32.81,89103.4294,0,0.00,346.31,0.39,-489.85,-0.55,-65434.31,-654.34
1889,매수 진입,2024-12-12 03:50,L1,2715.74,32.81,89103.4294,0,0.00,346.31,0.39,-489.85,-0.55,-65434.31,-654.34
1890,매수 청산,2024-12-12 14:50,XL2,2715.74,40.11,108706.122,222.21,0.20,222.21,0.20,-376.63,-0.35,-65212.1,-652.12
1890,매수 진입,2024-12-12 10:30,L2,2710.2,40.11,108706.122,222.21,0.20,222.21,0.20,-376.63,-0.35,-65212.1,-652.12
1891,매수 청산,2024-12-12 14:50,XL3,2715.74,51.57,139479.3162,571.4,0.41,571.4,0.41,-198.54,-0.14,-64640.7,-646.41
1891,매수 진입,2024-12-12 10:30,L3,2704.66,51.57,139479.3162,571.4,0.41,571.4,0.41,-198.54,-0.14,-64640.7,-646.41
1892,매도 청산,2024-12-12 21:50,XS1,2708.085,78.87,213768.4593,181.8,0.09,181.8,0.09,-174.3,-0.08,-64458.91,-644.59
1892,매도 진입,2024-12-12 20:50,S1,2710.39,78.87,213768.4593,181.8,0.09,181.8,0.09,-174.3,-0.08,-64458.91,-644.59
1893,매도 청산,2024-12-13 11:10,XS1,2685.075,30.97,83156.77275,0,0.00,186.44,0.22,-241.26,-0.29,-64458.91,-644.59
1893,매도 진입,2024-12-13 02:40,S1,2685.075,30.97,83156.77275,0,0.00,186.44,0.22,-241.26,-0.29,-64458.91,-644.59
1894,매도 청산,2024-12-13 11:10,XS2,2685.075,37.85,101852.2683,222.18,0.22,222.18,0.22,-72.67,-0.07,-64236.73,-642.37
1894,매도 진입,2024-12-13 10:10,S2,2690.945,37.85,101852.2683,222.18,0.22,222.18,0.22,-72.67,-0.07,-64236.73,-642.37
1895,매도 청산,2024-12-13 22:00,XS1,2669.275,79.05,211006.1888,0,0.00,120.16,0.06,-301.97,-0.14,-64236.73,-642.37
1895,매도 진입,2024-12-13 21:10,S1,2669.275,79.05,211006.1888,0,0.00,120.16,0.06,-301.97,-0.14,-64236.73,-642.37
1896,매도 청산,2024-12-13 22:00,XS2,2669.275,96.61,258100.8607,222.2,0.09,222.2,0.09,-146.85,-0.06,-64014.52,-640.15
1896,매도 진입,2024-12-13 21:40,S2,2671.575,96.61,258100.8607,222.2,0.09,222.2,0.09,-146.85,-0.06,-64014.52,-640.15
1897,매수 청산,2024-12-16 19:00,XL1,2658.255,84.17,223745.3234,0,0.00,36.19,0.02,-202.01,-0.09,-64014.52,-640.15
1897,매수 진입,2024-12-16 18:30,L1,2658.255,84.17,223745.3234,0,0.00,36.19,0.02,-202.01,-0.09,-64014.52,-640.15
1898,매수 청산,2024-12-16 19:00,XL2,2658.255,102.88,273259.0536,222.22,0.08,266.46,0.10,-24.69,-0.01,-63792.3,-637.92
1898,매수 진입,2024-12-16 18:40,L2,2656.095,102.88,273259.0536,222.22,0.08,266.46,0.10,-24.69,-0.01,-63792.3,-637.92
1899,매수 청산,2024-12-16 22:00,XL1,2660.71,84.17,223770.1535,181.81,0.08,194.01,0.09,-13.47,-0.01,-63610.5,-636.10
1899,매수 진입,2024-12-16 21:40,L1,2658.55,84.17,223770.1535,181.81,0.08,194.01,0.09,-13.47,-0.01,-63610.5,-636.10
1900,매수 청산,2024-12-17 00:40,XL1,2655.78,59.22,157219.9209,55.37,0.04,113.11,0.07,-235.1,-0.15,-63555.12,-635.55
1900,매수 진입,2024-12-17 00:00,L1,2654.845,59.22,157219.9209,55.37,0.04,113.11,0.07,-235.1,-0.15,-63555.12,-635.55
1901,매수 청산,2024-12-17 00:40,XL2,2655.78,72.38,191935.4745,289.88,0.15,360.45,0.19,-65.14,-0.03,-63265.25,-632.65
1901,매수 진입,2024-12-17 00:20,L2,2651.775,72.38,191935.4745,289.88,0.15,360.45,0.19,-65.14,-0.03,-63265.25,-632.65
1902,매도 청산,2024-12-17 19:40,XS1,2640.26,90.23,238412.4733,181.81,0.08,181.81,0.08,-97,-0.04,-63083.43,-630.83
1902,매도 진입,2024-12-17 19:20,S1,2642.275,90.23,238412.4733,181.81,0.08,181.81,0.08,-97,-0.04,-63083.43,-630.83
1903,매수 청산,2024-12-18 14:40,XL1,2649.21,103.01,272895.1221,0,0.00,265.25,0.10,-658.75,-0.24,-63083.43,-630.83
1903,매수 진입,2024-12-18 10:50,L1,2649.21,103.01,272895.1221,0,0.00,265.25,0.10,-658.75,-0.24,-63083.43,-630.83
1904,매수 청산,2024-12-18 14:40,XL2,2649.21,125.9,333313.3255,222.21,0.07,222.21,0.07,-582.92,-0.17,-62861.22,-628.61
1904,매수 진입,2024-12-18 11:20,L2,2647.445,125.9,333313.3255,222.21,0.07,222.21,0.07,-582.92,-0.17,-62861.22,-628.61
1905,매수 청산,2024-12-18 14:40,XL3,2649.21,161.87,428256.2216,571.4,0.13,571.4,0.13,-463.76,-0.11,-62289.82,-622.90
1905,매수 진입,2024-12-18 12:20,L3,2645.68,161.87,428256.2216,571.4,0.13,571.4,0.13,-463.76,-0.11,-62289.82,-622.90
1906,매수 청산,2024-12-18 14:40,XL4,2649.21,226.62,599164.0173,1199.95,0.20,1199.95,0.20,-249.28,-0.04,-61089.86,-610.90
1906,매수 진입,2024-12-18 13:00,L4,2643.915,226.62,599164.0173,1199.95,0.20,1199.95,0.20,-249.28,-0.04,-61089.86,-610.90
1907,매수 청산,2024-12-19 19:20,XL1,2621.16,54.51,142864.9864,14.45,0.01,80.95,0.06,-187.51,-0.13,-61075.42,-610.75
1907,매수 진입,2024-12-19 18:50,L1,2620.895,54.51,142864.9864,14.45,0.01,80.95,0.06,-187.51,-0.13,-61075.42,-610.75
1908,매수 청산,2024-12-19 19:20,XL2,2621.16,66.63,174408.0228,239.87,0.14,321.16,0.18,-7,0.00,-60835.55,-608.36
1908,매수 진입,2024-12-19 19:00,L2,2617.56,66.63,174408.0228,239.87,0.14,321.16,0.18,-7,0.00,-60835.55,-608.36
1909,매수 청산,2024-12-19 22:50,XL1,2597.812,54.51,142606.609,-999.88,-0.70,20.71,0.01,-999.88,-0.70,-61835.43,-618.35
1909,매수 진입,2024-12-19 21:10,L1,2616.155,54.51,142606.609,-999.88,-0.70,20.71,0.01,-999.88,-0.70,-61835.43,-618.35
1910,매수 청산,2024-12-19 22:50,XL2,2597.812,66.63,174092.1966,-999.98,-0.57,89.62,0.05,-999.98,-0.57,-62835.41,-628.35
1910,매수 진입,2024-12-19 21:20,L2,2612.82,66.63,174092.1966,-999.98,-0.57,89.62,0.05,-999.98,-0.57,-62835.41,-628.35
1911,매수 청산,2024-12-19 22:50,XL3,2597.812,85.67,223554.58,-1000.03,-0.45,0,0.00,-1000.03,-0.45,-63835.44,-638.35
1911,매수 진입,2024-12-19 21:40,L3,2609.485,85.67,223554.58,-1000.03,-0.45,0,0.00,-1000.03,-0.45,-63835.44,-638.35
1912,매수 청산,2024-12-19 22:50,XL4,2597.812,119.94,312581.631,-1000.06,-0.32,101.95,0.03,-1000.06,-0.32,-64835.5,-648.35
1912,매수 진입,2024-12-19 21:50,L4,2606.15,119.94,312581.631,-1000.06,-0.32,101.95,0.03,-1000.06,-0.32,-64835.5,-648.35
1913,매수 청산,2024-12-19 22:50,XL5,2597.812,199.9,520302.7185,-1000.1,-0.19,564.72,0.11,-1000.1,-0.19,-65835.59,-658.36
1913,매수 진입,2024-12-19 22:10,L5,2602.815,199.9,520302.7185,-1000.1,-0.19,564.72,0.11,-1000.1,-0.19,-65835.59,-658.36
1914,매수 청산,2024-12-19 22:50,XL6,2597.812,599.7,1558908.156,-1000.3,-0.06,2956.52,0.19,-1000.3,-0.06,-66835.9,-668.36
1914,매수 진입,2024-12-19 22:30,L6,2599.48,599.7,1558908.156,-1000.3,-0.06,2956.52,0.19,-1000.3,-0.06,-66835.9,-668.36
1915,매수 청산,2024-12-20 21:20,XL1,2605.77,56.11,146209.7547,0,0.00,86.41,0.06,-311.69,-0.21,-66835.9,-668.36
1915,매수 진입,2024-12-20 17:40,L1,2605.77,56.11,146209.7547,0,0.00,86.41,0.06,-311.69,-0.21,-66835.9,-668.36
1916,매수 청산,2024-12-20 21:20,XL2,2605.77,68.58,178481.5074,222.2,0.12,222.2,0.12,-158.76,-0.09,-66613.7,-666.14
1916,매수 진입,2024-12-20 20:10,L2,2602.53,68.58,178481.5074,222.2,0.12,222.2,0.12,-158.76,-0.09,-66613.7,-666.14
1917,매수 청산,2024-12-21 06:50,XL1,2623.36,46.8,122773.248,0,0.00,281.97,0.23,-186.26,-0.15,-66613.7,-666.14
1917,매수 진입,2024-12-21 02:40,L1,2623.36,46.8,122773.248,0,0.00,281.97,0.23,-186.26,-0.15,-66613.7,-666.14
1918,매수 청산,2024-12-21 06:50,XL2,2623.36,57.2,149833.97,222.22,0.15,222.22,0.15,-5.43,0.00,-66391.48,-663.91
1918,매수 진입,2024-12-21 06:30,L2,2619.475,57.2,149833.97,222.22,0.15,222.22,0.15,-5.43,0.00,-66391.48,-663.91
1919,매수 청산,2024-12-23 16:00,XL1,2633.235,66.23,173853.75,545.4,0.31,545.4,0.31,-21.52,-0.01,-65846.07,-658.46
1919,매수 진입,2024-12-23 15:10,L1,2625,66.23,173853.75,545.4,0.31,545.4,0.31,-21.52,-0.01,-65846.07,-658.46
1920,매도 청산,2024-12-24 00:00,XS1,2612.565,42.58,111424.8343,181.82,0.16,181.82,0.16,-134.55,-0.12,-65664.25,-656.64
1920,매도 진입,2024-12-23 21:10,S1,2616.835,42.58,111424.8343,181.82,0.16,181.82,0.16,-134.55,-0.12,-65664.25,-656.64
1921,매도 청산,2024-12-24 14:00,XS1,2621.218,100.73,263035.2417,-1000.05,-0.38,213.55,0.08,-1000.05,-0.38,-66664.3,-666.64
1921,매도 진입,2024-12-24 03:40,S1,2611.29,100.73,263035.2417,-1000.05,-0.38,213.55,0.08,-1000.05,-0.38,-66664.3,-666.64
1922,매도 청산,2024-12-24 14:00,XS2,2621.218,123.11,321698.1254,-1000.02,-0.31,44.32,0.01,-1000.02,-0.31,-67664.32,-676.64
1922,매도 진입,2024-12-24 06:30,S2,2613.095,123.11,321698.1254,-1000.02,-0.31,44.32,0.01,-1000.02,-0.31,-67664.32,-676.64
1923,매도 청산,2024-12-24 14:00,XS3,2621.218,158.29,413912.521,-1000.08,-0.24,201.03,0.05,-1000.08,-0.24,-68664.4,-686.64
1923,매도 진입,2024-12-24 08:10,S3,2614.9,158.29,413912.521,-1000.08,-0.24,201.03,0.05,-1000.08,-0.24,-68664.4,-686.64
1924,매도 청산,2024-12-24 14:00,XS4,2621.218,221.6,579861.828,-1000.08,-0.17,681.42,0.12,-1000.08,-0.17,-69664.48,-696.64
1924,매도 진입,2024-12-24 08:30,S4,2616.705,221.6,579861.828,-1000.08,-0.17,681.42,0.12,-1000.08,-0.17,-69664.48,-696.64
1925,매도 청산,2024-12-24 14:00,XS5,2621.218,369.34,967120.4834,-1000.17,-0.10,986.14,0.10,-1000.17,-0.10,-70664.66,-706.65
1925,매도 진입,2024-12-24 11:00,S5,2618.51,369.34,967120.4834,-1000.17,-0.10,986.14,0.10,-1000.17,-0.10,-70664.66,-706.65
1926,매도 청산,2024-12-26 15:10,반대신호정리,2626.105,41.7,108941.0415,-567.54,-0.52,12.3,0.01,-699.52,-0.64,-71232.19,-712.32
1926,매도 진입,2024-12-25 01:10,S1,2612.495,41.7,108941.0415,-567.54,-0.52,12.3,0.01,-699.52,-0.64,-71232.19,-712.32
1927,매도 청산,2024-12-26 15:10,반대신호정리,2626.105,50.96,133354.9308,-471.38,-0.35,95.04,0.07,-632.67,-0.47,-71703.57,-717.04
1927,매도 진입,2024-12-25 01:30,S2,2616.855,50.96,133354.9308,-471.38,-0.35,95.04,0.07,-632.67,-0.47,-71703.57,-717.04
1928,매수 청산,2024-12-27 10:20,XL1,2633.405,90.68,238797.1654,0,0.00,259.34,0.11,-232.14,-0.10,-71703.57,-717.04
1928,매수 진입,2024-12-27 04:10,L1,2633.405,90.68,238797.1654,0,0.00,259.34,0.11,-232.14,-0.10,-71703.57,-717.04
1929,매수 청산,2024-12-27 10:20,XL2,2633.405,110.83,291638.062,222.21,0.08,280.4,0.10,-61.51,-0.02,-71481.36,-714.81
1929,매수 진입,2024-12-27 10:00,L2,2631.4,110.83,291638.062,222.21,0.08,280.4,0.10,-61.51,-0.02,-71481.36,-714.81
1930,매도 청산,2024-12-30 22:10,XS1,2620.915,126.7,332017.35,-52.58,-0.02,96.93,0.03,-273.67,-0.08,-71533.94,-715.34
1930,매도 진입,2024-12-30 21:50,S1,2620.5,126.7,332017.35,-52.58,-0.02,96.93,0.03,-273.67,-0.08,-71533.94,-715.34
1931,매도 청산,2024-12-30 22:10,XS2,2620.915,154.85,406006.6347,157.95,0.04,340.67,0.08,-112.27,-0.03,-71375.99,-713.76
1931,매도 진입,2024-12-30 21:50,S2,2621.935,154.85,406006.6347,157.95,0.04,340.67,0.08,-112.27,-0.03,-71375.99,-713.76
1932,매도 청산,2024-12-31 12:40,XS1,2605.17,34.17,89018.6589,0,0.00,54.67,0.06,-220.05,-0.25,-71375.99,-713.76
1932,매도 진입,2024-12-31 03:30,S1,2605.17,34.17,89018.6589,0,0.00,54.67,0.06,-220.05,-0.25,-71375.99,-713.76
1933,매도 청산,2024-12-31 12:40,XS2,2605.17,41.77,109040.1673,222.22,0.20,222.22,0.20,-46.78,-0.04,-71153.77,-711.54
1933,매도 진입,2024-12-31 10:30,S2,2610.49,41.77,109040.1673,222.22,0.20,222.22,0.20,-46.78,-0.04,-71153.77,-711.54
1934,매수 청산,2024-12-31 18:50,XL1,2615.68,100.73,263295.6288,181.82,0.07,255.35,0.10,-4.53,0.00,-70971.95,-709.72
1934,매수 진입,2024-12-31 18:20,L1,2613.875,100.73,263295.6288,181.82,0.07,255.35,0.10,-4.53,0.00,-70971.95,-709.72
1935,매수 청산,2024-12-31 20:00,XL1,2614.08,100.73,263316.2784,0,0.00,97.71,0.04,-313.77,-0.12,-70971.95,-709.72
1935,매수 진입,2024-12-31 19:10,L1,2614.08,100.73,263316.2784,0,0.00,97.71,0.04,-313.77,-0.12,-70971.95,-709.72
1936,매수 청산,2024-12-31 20:00,XL2,2614.08,123.11,321597.1753,222.21,0.07,222.21,0.07,-161.27,-0.05,-70749.74,-707.50
1936,매수 진입,2024-12-31 19:30,L2,2612.275,123.11,321597.1753,222.21,0.07,222.21,0.07,-161.27,-0.05,-70749.74,-707.50
1937,매수 청산,2024-12-31 23:30,XL1,2613.57,100.73,263083.0884,181.82,0.07,251.83,0.10,-43.82,-0.02,-70567.92,-705.68
1937,매수 진입,2024-12-31 23:10,L1,2611.765,100.73,263083.0884,181.82,0.07,251.83,0.10,-43.82,-0.02,-70567.92,-705.68
1938,매수 청산,2025-01-02 14:00,XL1,2634.075,121.21,319137.4453,138.79,0.04,308.48,0.10,-212.12,-0.07,-70429.14,-704.29
1938,매수 진입,2025-01-02 11:50,L1,2632.93,121.21,319137.4453,138.79,0.04,308.48,0.10,-212.12,-0.07,-70429.14,-704.29
1939,매수 청산,2025-01-02 14:00,XL2,2634.075,148.14,389820.0402,391.83,0.10,423.68,0.11,-37.03,-0.01,-70037.3,-700.37
1939,매수 진입,2025-01-02 13:40,L2,2631.43,148.14,389820.0402,391.83,0.10,423.68,0.11,-37.03,-0.01,-70037.3,-700.37
1940,매도 청산,2025-01-03 21:30,XS1,2655.08,49,130098.92,0,0.00,101.43,0.08,-208.98,-0.16,-70037.3,-700.37
1940,매도 진입,2025-01-03 18:40,S1,2655.08,49,130098.92,0,0.00,101.43,0.08,-208.98,-0.16,-70037.3,-700.37
1941,매도 청산,2025-01-03 21:30,XS2,2655.08,59.89,159234.9331,222.19,0.14,222.19,0.14,-33.24,-0.02,-69815.12,-698.15
1941,매도 진입,2025-01-03 20:00,S2,2658.79,59.89,159234.9331,222.19,0.14,222.19,0.14,-33.24,-0.02,-69815.12,-698.15
1942,매도 청산,2025-01-06 10:30,XS1,2642.89,54.03,142795.3467,0,0.00,334.18,0.23,-248.54,-0.17,-69815.12,-698.15
1942,매도 진입,2025-01-04 04:10,S1,2642.89,54.03,142795.3467,0,0.00,334.18,0.23,-248.54,-0.17,-69815.12,-698.15
1943,매도 청산,2025-01-06 10:30,XS2,2642.89,66.03,174732.2177,222.19,0.13,222.19,0.13,-81.55,-0.05,-69592.92,-695.93
1943,매도 진입,2025-01-06 10:10,S2,2646.255,66.03,174732.2177,222.19,0.13,222.19,0.13,-81.55,-0.05,-69592.92,-695.93
1944,매도 청산,2025-01-06 16:30,XS1,2627.185,100.45,264446.1767,545.44,0.21,545.44,0.21,-54.75,-0.02,-69047.48,-690.47
1944,매도 진입,2025-01-06 16:10,S1,2632.615,100.45,264446.1767,545.44,0.21,545.44,0.21,-54.75,-0.02,-69047.48,-690.47
1945,매도 청산,2025-01-07 04:10,반대신호정리,2634.8,38.97,102847.8704,169.71,0.17,270.26,0.26,-83.79,-0.08,-68877.77,-688.78
1945,매도 진입,2025-01-07 00:30,S1,2639.155,38.97,102847.8704,169.71,0.17,270.26,0.26,-83.79,-0.08,-68877.77,-688.78
1946,매수 청산,2025-01-07 12:00,XL1,2638.655,265.42,700290.7635,61.05,0.01,375.57,0.05,-266.75,-0.04,-68816.72,-688.17
1946,매수 진입,2025-01-07 11:40,L1,2638.425,265.42,700290.7635,61.05,0.01,375.57,0.05,-266.75,-0.04,-68816.72,-688.17
1947,매수 청산,2025-01-07 12:00,XL2,2638.655,324.41,855709.2334,296.84,0.03,681.26,0.08,-103.81,-0.01,-68519.88,-685.20
1947,매수 진입,2025-01-07 11:40,L2,2637.74,324.41,855709.2334,296.84,0.03,681.26,0.08,-103.81,-0.01,-68519.88,-685.20
1948,매수 청산,2025-01-07 14:10,XL1,2640.095,265.42,700188.5768,545.44,0.08,545.44,0.08,-229.59,-0.03,-67974.45,-679.74
1948,매수 진입,2025-01-07 13:30,L1,2638.04,265.42,700188.5768,545.44,0.08,545.44,0.08,-229.59,-0.03,-67974.45,-679.74
1949,매수 청산,2025-01-07 14:10,XL2,2640.095,324.41,855584.3356,888.88,0.10,888.88,0.10,-58.39,-0.01,-67085.56,-670.86
1949,매수 진입,2025-01-07 14:00,L2,2637.355,324.41,855584.3356,888.88,0.10,888.88,0.10,-58.39,-0.01,-67085.56,-670.86
1950,매수 청산,2025-01-07 23:40,XL1,2662.175,47.9,127303.5905,214.59,0.17,257.7,0.20,-29.22,-0.02,-66870.97,-668.71
1950,매수 진입,2025-01-07 23:20,L1,2657.695,47.9,127303.5905,214.59,0.17,257.7,0.20,-29.22,-0.02,-66870.97,-668.71
1951,매도 청산,2025-01-08 17:10,반대신호정리,2650.78,92.05,243726.308,-277.99,-0.11,220,0.09,-621.8,-0.26,-67148.96,-671.49
1951,매도 진입,2025-01-08 13:10,S1,2647.76,92.05,243726.308,-277.99,-0.11,220,0.09,-621.8,-0.26,-67148.96,-671.49
1952,매도 청산,2025-01-08 17:10,반대신호정리,2650.78,112.51,298121.6849,-117.57,-0.04,85.51,0.03,-537.8,-0.18,-67266.54,-672.67
1952,매도 진입,2025-01-08 14:20,S2,2649.735,112.51,298121.6849,-117.57,-0.04,85.51,0.03,-537.8,-0.18,-67266.54,-672.67
1953,매도 청산,2025-01-08 17:10,반대신호정리,2650.78,144.66,383596.3686,134.53,0.04,172.87,0.05,-405.77,-0.11,-67132,-671.32
1953,매도 진입,2025-01-08 15:10,S3,2651.71,144.66,383596.3686,134.53,0.04,172.87,0.05,-405.77,-0.11,-67132,-671.32
1954,매도 청산,2025-01-08 17:10,반대신호정리,2650.78,202.53,537450.8231,588.35,0.11,642.02,0.12,-168.1,-0.03,-66543.66,-665.44
1954,매도 진입,2025-01-08 16:00,S4,2653.685,202.53,537450.8231,588.35,0.11,642.02,0.12,-168.1,-0.03,-66543.66,-665.44
1955,매수 청산,2025-01-08 19:40,XL1,2655.2,72.29,191762.5986,181.81,0.09,181.81,0.09,-11.2,-0.01,-66361.84,-663.62
1955,매수 진입,2025-01-08 18:50,L1,2652.685,72.29,191762.5986,181.81,0.09,181.81,0.09,-11.2,-0.01,-66361.84,-663.62
1956,매수 청산,2025-01-08 21:50,XL1,2652.445,72.29,191745.2491,0,0.00,5.78,0.00,-473.5,-0.25,-66361.84,-663.62
1956,매수 진입,2025-01-08 20:10,L1,2652.445,72.29,191745.2491,0,0.00,5.78,0.00,-473.5,-0.25,-66361.84,-663.62
1957,매수 청산,2025-01-08 21:50,XL2,2652.445,88.35,234121.3155,222.2,0.09,222.2,0.09,-356.49,-0.15,-66139.64,-661.40
1957,매수 진입,2025-01-08 20:20,L2,2649.93,88.35,234121.3155,222.2,0.09,222.2,0.09,-356.49,-0.15,-66139.64,-661.40
1958,매수 청산,2025-01-08 21:50,XL3,2652.445,113.6,300746.344,571.41,0.19,571.41,0.19,-172.67,-0.06,-65568.23,-655.68
1958,매수 진입,2025-01-08 21:20,L3,2647.415,113.6,300746.344,571.41,0.19,571.41,0.19,-172.67,-0.06,-65568.23,-655.68
1959,매수 청산,2025-01-09 17:20,XL1,2664.18,89.34,238017.8412,0,0.00,129.1,0.05,-328.77,-0.14,-65568.23,-655.68
1959,매수 진입,2025-01-09 16:50,L1,2664.18,89.34,238017.8412,0,0.00,129.1,0.05,-328.77,-0.14,-65568.23,-655.68
1960,매수 청산,2025-01-09 17:20,XL2,2664.18,109.2,290706.234,222.22,0.08,222.22,0.08,-179.63,-0.06,-65346.01,-653.46
1960,매수 진입,2025-01-09 17:00,L2,2662.145,109.2,290706.234,222.22,0.08,222.22,0.08,-179.63,-0.06,-65346.01,-653.46
1961,매수 청산,2025-01-10 14:20,XL1,2673.15,131.75,352178.29,9.22,0.00,234.52,0.07,-188.4,-0.05,-65336.79,-653.37
1961,매수 진입,2025-01-10 12:10,L1,2673.08,131.75,352178.29,9.22,0.00,234.52,0.07,-188.4,-0.05,-65336.79,-653.37
1962,매수 청산,2025-01-10 14:20,XL2,2673.15,161.03,430223.851,233.49,0.05,341.38,0.08,-8.05,0.00,-65103.3,-651.03
1962,매수 진입,2025-01-10 14:00,L2,2671.7,161.03,430223.851,233.49,0.05,341.38,0.08,-8.05,0.00,-65103.3,-651.03
1963,매도 청산,2025-01-14 14:40,반대신호정리,2669.605,40.9,108976.6185,-210.23,-0.19,4.5,0.00,-445.81,-0.41,-65313.52,-653.14
1963,매도 진입,2025-01-14 08:00,S1,2664.465,40.9,108976.6185,-210.23,-0.19,4.5,0.00,-445.81,-0.41,-65313.52,-653.14
1964,매도 청산,2025-01-14 14:40,반대신호정리,2669.605,49.99,133418.8109,-34.74,-0.03,122.73,0.09,-322.69,-0.24,-65348.27,-653.48
1964,매도 진입,2025-01-14 08:40,S2,2668.91,49.99,133418.8109,-34.74,-0.03,122.73,0.09,-322.69,-0.24,-65348.27,-653.48
1965,매수 청산,2025-01-14 17:30,XL1,2673.315,60.4,161286.422,181.8,0.11,212.61,0.13,-79.73,-0.05,-65166.46,-651.66
1965,매수 진입,2025-01-14 17:10,L1,2670.305,60.4,161286.422,181.8,0.11,212.61,0.13,-79.73,-0.05,-65166.46,-651.66
1966,매수 청산,2025-01-15 18:30,XL1,2686.625,106.01,284263.6948,545.42,0.19,545.42,0.19,-20.14,-0.01,-64621.04,-646.21
1966,매수 진입,2025-01-15 17:00,L1,2681.48,106.01,284263.6948,545.42,0.19,545.42,0.19,-20.14,-0.01,-64621.04,-646.21
1967,매수 청산,2025-01-17 11:00,XL1,2715.8,36.32,98637.856,0,0.00,326.34,0.33,-211.93,-0.21,-64621.04,-646.21
1967,매수 진입,2025-01-16 23:40,L1,2715.8,36.32,98637.856,0,0.00,326.34,0.33,-211.93,-0.21,-64621.04,-646.21
1968,매수 청산,2025-01-17 11:00,XL2,2715.8,44.4,120359.298,222.22,0.18,222.22,0.18,-36.85,-0.03,-64398.82,-643.99
1968,매수 진입,2025-01-17 10:00,L2,2710.795,44.4,120359.298,222.22,0.18,222.22,0.18,-36.85,-0.03,-64398.82,-643.99
1969,매도 청산,2025-01-17 18:10,XS1,2710.19,133.2,361179.126,181.82,0.05,230.44,0.06,-127.21,-0.04,-64217,-642.17
1969,매도 진입,2025-01-17 17:50,S1,2711.555,133.2,361179.126,181.82,0.05,230.44,0.06,-127.21,-0.04,-64217,-642.17
1970,매도 청산,2025-01-17 20:40,XS1,2705.34,133.2,360533.106,181.82,0.05,214.45,0.06,-65.93,-0.02,-64035.18,-640.35
1970,매도 진입,2025-01-17 20:20,S1,2706.705,133.2,360533.106,181.82,0.05,214.45,0.06,-65.93,-0.02,-64035.18,-640.35
1971,매수 청산,2025-01-20 17:50,XL1,2708.105,118.83,321258.6874,545.43,0.17,545.43,0.17,-57.63,-0.02,-63489.75,-634.90
1971,매수 진입,2025-01-20 17:00,L1,2703.515,118.83,321258.6874,545.43,0.17,545.43,0.17,-57.63,-0.02,-63489.75,-634.90
1972,매수 청산,2025-01-20 18:50,XL1,2706.79,61.63,166637.6592,181.81,0.11,184.58,0.11,-16.95,-0.01,-63307.94,-633.08
1972,매수 진입,2025-01-20 18:20,L1,2703.84,61.63,166637.6592,181.81,0.11,184.58,0.11,-16.95,-0.01,-63307.94,-633.08
1973,매수 청산,2025-01-21 20:40,XL1,2721.305,46.65,126939.315,9.56,0.01,144.85,0.11,-209.23,-0.16,-63298.38,-632.98
1973,매수 진입,2025-01-21 18:10,L1,2721.1,46.65,126939.315,9.56,0.01,144.85,0.11,-209.23,-0.16,-63298.38,-632.98
1974,매수 청산,2025-01-21 20:40,XL2,2721.305,57.02,154934.9151,233.9,0.15,295.76,0.19,-33.53,-0.02,-63064.48,-630.64
1974,매수 진입,2025-01-21 20:20,L2,2717.203,57.02,154934.9151,233.9,0.15,295.76,0.19,-33.53,-0.02,-63064.48,-630.64
1975,매수 청산,2025-01-22 14:30,XL1,2755.26,77.04,211719.7872,545.44,0.26,545.44,0.26,-56.62,-0.03,-62519.04,-625.19
1975,매수 진입,2025-01-22 11:50,L1,2748.18,77.04,211719.7872,545.44,0.26,545.44,0.26,-56.62,-0.03,-62519.04,-625.19
1976,매도 청산,2025-01-23 13:10,XS2,2752.95,169.92,467599.4496,-181.81,-0.04,43.33,0.01,-181.81,-0.04,-62700.85,-627.01
1976,매도 진입,2025-01-23 13:10,S1,2751.88,169.92,467599.4496,-181.81,-0.04,43.33,0.01,-181.81,-0.04,-62700.85,-627.01
1977,매도 청산,2025-01-23 13:10,XS2,2752.95,37.76,103951.392,0,0.00,0,0.00,0,0.00,-62700.85,-627.01
1977,매도 진입,2025-01-23 13:10,S2,2752.95,37.76,103951.392,0,0.00,0,0.00,0,0.00,-62700.85,-627.01
1978,매도 청산,2025-01-23 16:00,XS1,2752.95,169.92,467781.264,0,0.00,295.66,0.06,-460.48,-0.10,-62700.85,-627.01
1978,매도 진입,2025-01-23 13:10,S2,2752.95,169.92,467781.264,0,0.00,295.66,0.06,-460.48,-0.10,-62700.85,-627.01
1979,매도 청산,2025-01-23 16:00,XS2,2752.95,207.68,571954.8736,222.22,0.04,222.22,0.04,-340.6,-0.06,-62478.64,-624.79
1979,매도 진입,2025-01-23 15:10,S2,2754.02,207.68,571954.8736,222.22,0.04,222.22,0.04,-340.6,-0.06,-62478.64,-624.79
1980,매도 청산,2025-01-23 16:00,XS3,2752.95,267.02,735664.1318,571.42,0.08,571.42,0.08,-152.2,-0.02,-61907.21,-619.07
1980,매도 진입,2025-01-23 15:20,S3,2755.09,267.02,735664.1318,571.42,0.08,571.42,0.08,-152.2,-0.02,-61907.21,-619.07
1981,매도 청산,2025-01-23 21:10,XS1,2750.191,158.79,436538.3225,-164.51,-0.04,30.96,0.01,-855.88,-0.20,-62071.72,-620.72
1981,매도 진입,2025-01-23 19:40,S1,2749.155,158.79,436538.3225,-164.51,-0.04,30.96,0.01,-855.88,-0.20,-62071.72,-620.72
1982,매도 청산,2025-01-23 21:10,XS2,2750.191,194.08,533778.224,21.15,0.00,28.14,0.01,-823.87,-0.15,-62050.57,-620.51
1982,매도 진입,2025-01-23 19:40,S2,2750.3,194.08,533778.224,21.15,0.00,28.14,0.01,-823.87,-0.15,-62050.57,-620.51
1983,매도 청산,2025-01-23 21:10,XS2,2750.191,194.08,533900.4944,143.43,0.03,143.43,0.03,-701.6,-0.13,-61907.14,-619.07
1983,매도 진입,2025-01-23 19:40,S2,2750.93,194.08,533900.4944,143.43,0.03,143.43,0.03,-701.6,-0.13,-61907.14,-619.07
1984,매도 청산,2025-01-23 21:10,XS2,2750.191,194.08,533979.485,222.42,0.04,222.42,0.04,-622.61,-0.12,-61684.73,-616.85
1984,매도 진입,2025-01-23 19:50,S2,2751.337,194.08,533979.485,222.42,0.04,222.42,0.04,-622.61,-0.12,-61684.73,-616.85
1985,매도 청산,2025-01-23 21:10,XS3,2750.191,249.53,686826.8335,571.67,0.08,571.67,0.08,-514.78,-0.07,-61113.05,-611.13
1985,매도 진입,2025-01-23 19:50,S3,2752.482,249.53,686826.8335,571.67,0.08,571.67,0.08,-514.78,-0.07,-61113.05,-611.13
1986,매도 청산,2025-01-23 21:10,XS4,2750.191,349.34,961952.0562,1200.33,0.12,1200.33,0.12,-320.69,-0.03,-59912.72,-599.13
1986,매도 진입,2025-01-23 20:00,S4,2753.627,349.34,961952.0562,1200.33,0.12,1200.33,0.12,-320.69,-0.03,-59912.72,-599.13
1987,매수 청산,2025-01-24 16:30,XL1,2773.55,145.45,403412.8475,0,0.00,274.17,0.07,-206.54,-0.05,-59912.72,-599.13
1987,매수 진입,2025-01-24 15:50,L1,2773.55,145.45,403412.8475,0,0.00,274.17,0.07,-206.54,-0.05,-59912.72,-599.13
1988,매수 청산,2025-01-24 16:30,XL2,2773.55,177.77,492831.771,222.21,0.05,366.21,0.07,-30.22,-0.01,-59690.51,-596.91
1988,매수 진입,2025-01-24 16:10,L2,2772.3,177.77,492831.771,222.21,0.05,366.21,0.07,-30.22,-0.01,-59690.51,-596.91
1989,매도 청산,2025-01-27 21:20,반대신호정리,2763.34,25.16,69438.9582,-86.68,-0.12,313.87,0.45,-307.2,-0.44,-59777.18,-597.77
1989,매도 진입,2025-01-27 12:20,S1,2759.895,25.16,69438.9582,-86.68,-0.12,313.87,0.45,-307.2,-0.44,-59777.18,-597.77
1990,매도 청산,2025-01-27 21:20,반대신호정리,2763.34,30.75,85088.94,116.24,0.14,117.16,0.14,-153.29,-0.18,-59660.95,-596.61
1990,매도 진입,2025-01-27 19:20,S2,2767.12,30.75,85088.94,116.24,0.14,117.16,0.14,-153.29,-0.18,-59660.95,-596.61
1991,매수 청산,2025-01-29 10:00,XL1,2765.215,55.34,152481.6224,545.38,0.36,545.38,0.36,-1.94,0.00,-59115.57,-591.16
1991,매수 진입,2025-01-29 01:00,L1,2755.36,55.34,152481.6224,545.38,0.36,545.38,0.36,-1.94,0.00,-59115.57,-591.16
1992,매도 청산,2025-01-29 21:20,XS1,2755.82,56.03,154590.412,181.82,0.12,181.82,0.12,-30.82,-0.02,-58933.76,-589.34
1992,매도 진입,2025-01-29 20:30,S1,2759.065,56.03,154590.412,181.82,0.12,181.82,0.12,-30.82,-0.02,-58933.76,-589.34
1993,매도 청산,2025-01-30 05:00,XS1,2753.64,48.22,132780.5208,0,0.00,428.43,0.32,-201.8,-0.15,-58933.76,-589.34
1993,매도 진입,2025-01-30 02:50,S1,2753.64,48.22,132780.5208,0,0.00,428.43,0.32,-201.8,-0.15,-58933.76,-589.34
1994,매도 청산,2025-01-30 05:00,XS2,2753.64,58.94,162521.7454,222.2,0.14,370.73,0.23,-24.46,-0.02,-58711.55,-587.12
1994,매도 진입,2025-01-30 04:40,S2,2757.41,58.94,162521.7454,222.2,0.14,370.73,0.23,-24.46,-0.02,-58711.55,-587.12
1995,매수 청산,2025-01-30 21:50,XL1,2781.255,52.93,147030.0126,181.81,0.12,181.81,0.12,-87.6,-0.06,-58529.74,-585.30
1995,매수 진입,2025-01-30 21:00,L1,2777.82,52.93,147030.0126,181.81,0.12,181.81,0.12,-87.6,-0.06,-58529.74,-585.30
1996,매수 청산,2025-01-31 17:20,XL2,2794.22,50.22,140507.5248,-181.8,-0.13,42.69,0.03,-181.8,-0.13,-58711.53,-587.12
1996,매수 진입,2025-01-31 17:10,L1,2797.84,50.22,140507.5248,-181.8,-0.13,42.69,0.03,-181.8,-0.13,-58711.53,-587.12
1997,매수 청산,2025-01-31 17:20,XL2,2794.22,11.16,31183.4952,0,0.00,0,0.00,0,0.00,-58711.53,-587.12
1997,매수 진입,2025-01-31 17:20,L2,2794.22,11.16,31183.4952,0,0.00,0,0.00,0,0.00,-58711.53,-587.12
1998,매수 청산,2025-01-31 21:00,반대신호정리,2800.4,50.22,140325.7284,310.36,0.22,337.73,0.24,-158.19,-0.11,-58401.18,-584.01
1998,매수 진입,2025-01-31 17:20,L2,2794.22,50.22,140325.7284,310.36,0.22,337.73,0.24,-158.19,-0.11,-58401.18,-584.01
1999,매도 청산,2025-02-03 23:50,XS1,2826.683,22.51,62628.8977,-999.74,-1.60,226.34,0.36,-999.74,-1.60,-59400.91,-594.01
1999,매도 진입,2025-02-03 11:00,S1,2782.27,22.51,62628.8977,-999.74,-1.60,226.34,0.36,-999.74,-1.60,-59400.91,-594.01
2000,매도 청산,2025-02-03 23:50,XS2,2826.683,27.51,76762.39095,-999.66,-1.30,3.99,0.01,-999.66,-1.30,-60400.57,-604.01
2000,매도 진입,2025-02-03 17:10,S2,2790.345,27.51,76762.39095,-999.66,-1.30,3.99,0.01,-999.66,-1.30,-60400.57,-604.01
2001,매도 청산,2025-02-03 23:50,XS3,2826.683,35.38,99008.0996,-999.94,-1.01,191.41,0.19,-999.94,-1.01,-61400.52,-614.01
2001,매도 진입,2025-02-03 17:20,S3,2798.42,35.38,99008.0996,-999.94,-1.01,191.41,0.19,-999.94,-1.01,-61400.52,-614.01
2002,매수 청산,2025-02-04 14:30,XL1,2817.69,71.02,200112.3438,0,0.00,465.89,0.23,-296.86,-0.15,-61400.52,-614.01
2002,매수 진입,2025-02-04 11:30,L1,2817.69,71.02,200112.3438,0,0.00,465.89,0.23,-296.86,-0.15,-61400.52,-614.01
2003,매수 청산,2025-02-04 14:30,XL2,2817.69,86.8,244353.284,222.21,0.09,246.08,0.10,-140.62,-0.06,-61178.31,-611.78
2003,매수 진입,2025-02-04 14:00,L2,2815.13,86.8,244353.284,222.21,0.09,246.08,0.10,-140.62,-0.06,-61178.31,-611.78
2004,매수 청산,2025-02-05 14:40,XL1,2858.72,37.87,107714.3984,545.33,0.51,545.33,0.51,-173.44,-0.16,-60632.98,-606.33
2004,매수 진입,2025-02-05 03:40,L1,2844.32,37.87,107714.3984,545.33,0.51,545.33,0.51,-173.44,-0.16,-60632.98,-606.33
2005,매수 청산,2025-02-05 16:30,XL1,2859.155,140.94,402423.8679,545.44,0.14,545.44,0.14,-6.34,0.00,-60087.54,-600.88
2005,매수 진입,2025-02-05 16:10,L1,2855.285,140.94,402423.8679,545.44,0.14,545.44,0.14,-6.34,0.00,-60087.54,-600.88
2006,매수 청산,2025-02-05 20:10,XL2,2866.155,101.57,291297.1737,-181.81,-0.06,187.9,0.06,-181.81,-0.06,-60269.35,-602.69
2006,매수 진입,2025-02-05 20:00,L1,2867.945,101.57,291297.1737,-181.81,-0.06,187.9,0.06,-181.81,-0.06,-60269.35,-602.69
2007,매수 청산,2025-02-05 20:10,XL2,2866.155,22.57,64689.11835,0,0.00,0,0.00,0,0.00,-60269.35,-602.69
2007,매수 진입,2025-02-05 20:10,L2,2866.155,22.57,64689.11835,0,0.00,0,0.00,0,0.00,-60269.35,-602.69
2008,매수 청산,2025-02-05 20:20,XL1,2869.735,101.57,291115.3633,363.62,0.12,363.62,0.12,-136.1,-0.05,-59905.73,-599.06
2008,매수 진입,2025-02-05 20:10,L2,2866.155,101.57,291115.3633,363.62,0.12,363.62,0.12,-136.1,-0.05,-59905.73,-599.06
2009,매도 청산,2025-02-06 22:40,XS1,2859.05,53,151529.65,0,0.00,176.49,0.12,-601.28,-0.40,-59905.73,-599.06
2009,매도 진입,2025-02-06 18:40,S1,2859.05,53,151529.65,0,0.00,176.49,0.12,-601.28,-0.40,-59905.73,-599.06
2010,매도 청산,2025-02-06 22:40,XS2,2859.05,64.78,185431.4544,222.2,0.12,222.2,0.12,-512.73,-0.28,-59683.53,-596.84
2010,매도 진입,2025-02-06 20:30,S2,2862.48,64.78,185431.4544,222.2,0.12,222.2,0.12,-512.73,-0.28,-59683.53,-596.84
2011,매도 청산,2025-02-06 22:40,XS3,2859.05,83.29,238701.6439,571.37,0.24,571.37,0.24,-373.56,-0.16,-59112.17,-591.12
2011,매도 진입,2025-02-06 20:30,S3,2865.91,83.29,238701.6439,571.37,0.24,571.37,0.24,-373.56,-0.16,-59112.17,-591.12
2012,매도 청산,2025-02-06 22:40,XS4,2859.05,116.61,334593.7374,1199.92,0.36,1199.92,0.36,-123.02,-0.04,-57912.25,-579.12
2012,매도 진입,2025-02-06 21:00,S4,2869.34,116.61,334593.7374,1199.92,0.36,1199.92,0.36,-123.02,-0.04,-57912.25,-579.12
2013,매도 청산,2025-02-07 13:00,반대신호정리,2867.295,55.85,159371.8845,-766.54,-0.48,174.81,0.11,-949.17,-0.60,-58678.79,-586.79
2013,매도 진입,2025-02-07 03:50,S1,2853.57,55.85,159371.8845,-766.54,-0.48,174.81,0.11,-949.17,-0.60,-58678.79,-586.79
2014,매도 청산,2025-02-07 13:00,반대신호정리,2867.295,68.27,195035.4427,-714.79,-0.37,205.15,0.11,-938.03,-0.48,-59393.58,-593.94
2014,매도 진입,2025-02-07 05:00,S2,2856.825,68.27,195035.4427,-714.79,-0.37,205.15,0.11,-938.03,-0.48,-59393.58,-593.94
2015,매도 청산,2025-02-07 13:00,반대신호정리,2867.295,87.77,251029.2216,-633.26,-0.25,183,0.07,-920.27,-0.37,-60026.84,-600.27
2015,매도 진입,2025-02-07 09:20,S3,2860.08,87.77,251029.2216,-633.26,-0.25,183,0.07,-920.27,-0.37,-60026.84,-600.27
2016,매수 청산,2025-02-07 15:50,XL1,2859.345,137.74,394846.1727,-999.99,-0.25,65.43,0.02,-999.99,-0.25,-61026.83,-610.27
2016,매수 진입,2025-02-07 14:00,L1,2866.605,137.74,394846.1727,-999.99,-0.25,65.43,0.02,-999.99,-0.25,-61026.83,-610.27
2017,매수 청산,2025-02-07 15:50,XL2,2859.345,168.35,482370.7297,-1000,-0.21,185.19,0.04,-1000,-0.21,-62026.83,-620.27
2017,매수 진입,2025-02-07 14:20,L2,2865.285,168.35,482370.7297,-1000,-0.21,185.19,0.04,-1000,-0.21,-62026.83,-620.27
2018,매수 청산,2025-02-07 15:50,XL3,2859.345,216.45,619905.2242,-1000,-0.16,523.81,0.08,-1000,-0.16,-63026.83,-630.27
2018,매수 진입,2025-02-07 14:30,L3,2863.965,216.45,619905.2242,-1000,-0.16,523.81,0.08,-1000,-0.16,-63026.83,-630.27
2019,매수 청산,2025-02-07 15:50,XL4,2859.345,303.03,867467.3143,-1000,-0.12,1133.33,0.13,-1000,-0.12,-64026.83,-640.27
2019,매수 진입,2025-02-07 14:50,L4,2862.645,303.03,867467.3143,-1000,-0.12,1133.33,0.13,-1000,-0.12,-64026.83,-640.27
2020,매수 청산,2025-02-07 15:50,XL5,2859.345,505.05,1445112.191,-1000,-0.07,2555.55,0.18,-1000,-0.07,-65026.83,-650.27
2020,매수 진입,2025-02-07 15:00,L5,2861.325,505.05,1445112.191,-1000,-0.07,2555.55,0.18,-1000,-0.07,-65026.83,-650.27
2021,매수 청산,2025-02-07 15:50,XL6,2859.345,1515.15,4333336.576,-1000,-0.02,446.97,0.01,-1000,-0.02,-66026.83,-660.27
2021,매수 진입,2025-02-07 15:50,L6,2860.005,1515.15,4333336.576,-1000,-0.02,446.97,0.01,-1000,-0.02,-66026.83,-660.27
2022,매수 청산,2025-02-07 19:30,XL1,2866.41,74.97,214936.3661,-41.61,-0.02,51.73,0.02,-270.64,-0.13,-66068.44,-660.68
2022,매수 진입,2025-02-07 19:10,L1,2866.965,74.97,214936.3661,-41.61,-0.02,51.73,0.02,-270.64,-0.13,-66068.44,-660.68
2023,매수 청산,2025-02-07 19:30,XL2,2866.41,91.63,262477.8002,171.35,0.07,208.92,0.08,-108.58,-0.04,-65897.09,-658.97
2023,매수 진입,2025-02-07 19:10,L2,2864.54,91.63,262477.8002,171.35,0.07,208.92,0.08,-108.58,-0.04,-65897.09,-658.97
2024,매수 청산,2025-02-10 15:40,XL1,2889.455,51.87,149330.6178,545.41,0.37,545.41,0.37,-140.83,-0.09,-65351.67,-653.52
2024,매수 진입,2025-02-10 14:30,L1,2878.94,51.87,149330.6178,545.41,0.37,545.41,0.37,-140.83,-0.09,-65351.67,-653.52
2025,매수 청산,2025-02-10 20:00,XL1,2904.43,64.58,187386.2967,181.79,0.10,181.79,0.10,-75.88,-0.04,-65169.88,-651.70
2025,매수 진입,2025-02-10 19:40,L1,2901.615,64.58,187386.2967,181.79,0.10,181.79,0.10,-75.88,-0.04,-65169.88,-651.70
2026,매수 청산,2025-02-10 23:30,XL1,2904.58,64.58,187178.0262,399.75,0.21,432.69,0.23,-99.78,-0.05,-64770.13,-647.70
2026,매수 진입,2025-02-10 23:10,L1,2898.39,64.58,187178.0262,399.75,0.21,432.69,0.23,-99.78,-0.05,-64770.13,-647.70
2027,매도 청산,2025-02-11 21:20,XS1,2900.475,52.85,153471.9078,181.8,0.12,302.3,0.20,-20.35,-0.01,-64588.33,-645.88
2027,매도 진입,2025-02-11 21:00,S1,2903.915,52.85,153471.9078,181.8,0.12,302.3,0.20,-20.35,-0.01,-64588.33,-645.88
2028,매도 청산,2025-02-12 02:00,XS1,2900.85,41.51,120414.2835,0,0.00,411.16,0.34,-324.82,-0.27,-64588.33,-645.88
2028,매도 진입,2025-02-11 23:50,S1,2900.85,41.51,120414.2835,0,0.00,411.16,0.34,-324.82,-0.27,-64588.33,-645.88
2029,매도 청산,2025-02-12 02:00,XS2,2900.85,50.73,147382.3179,222.2,0.15,222.2,0.15,-174.76,-0.12,-64366.13,-643.66
2029,매도 진입,2025-02-12 00:40,S2,2905.23,50.73,147382.3179,222.2,0.15,222.2,0.15,-174.76,-0.12,-64366.13,-643.66
2030,매도 청산,2025-02-12 10:30,XS1,2885.635,41.51,120328.1502,545.44,0.45,545.44,0.45,-83.64,-0.07,-63820.69,-638.21
2030,매도 진입,2025-02-12 06:50,S1,2898.775,41.51,120328.1502,545.44,0.45,545.44,0.45,-83.64,-0.07,-63820.69,-638.21
2031,매수 청산,2025-02-13 06:50,XL1,2904.055,42.83,124380.6756,0,0.00,0,0.00,-445.86,-0.36,-63820.69,-638.21
2031,매수 진입,2025-02-13 02:50,L1,2904.055,42.83,124380.6756,0,0.00,0,0.00,-445.86,-0.36,-63820.69,-638.21
2032,매수 청산,2025-02-13 06:50,XL2,2904.055,52.34,151776.0554,222.18,0.15,222.18,0.15,-322.68,-0.21,-63598.5,-635.99
2032,매수 진입,2025-02-13 04:00,L2,2899.81,52.34,151776.0554,222.18,0.15,222.18,0.15,-322.68,-0.21,-63598.5,-635.99
2033,매수 청산,2025-02-13 06:50,XL3,2904.055,67.3,194871.5245,571.38,0.29,571.38,0.29,-129.22,-0.07,-63027.13,-630.27
2033,매수 진입,2025-02-13 04:20,L3,2895.565,67.3,194871.5245,571.38,0.29,571.38,0.29,-129.22,-0.07,-63027.13,-630.27
2034,매수 청산,2025-02-13 15:20,XL1,2916.98,121.61,354872.5732,-138.64,-0.04,94.25,0.03,-430.5,-0.12,-63165.76,-631.66
2034,매수 진입,2025-02-13 15:00,L1,2918.12,121.61,354872.5732,-138.64,-0.04,94.25,0.03,-430.5,-0.12,-63165.76,-631.66
2035,매수 청산,2025-02-13 15:20,XL2,2916.98,148.64,433527.14,52.77,0.01,277.21,0.06,-303.97,-0.07,-63113,-631.13
2035,매수 진입,2025-02-13 15:00,L2,2916.625,148.64,433527.14,52.77,0.01,277.21,0.06,-303.97,-0.07,-63113,-631.13
2036,매수 청산,2025-02-13 15:20,XL2,2916.98,148.64,433404.8093,175.1,0.04,399.54,0.09,-181.64,-0.04,-62937.9,-629.38
2036,매수 진입,2025-02-13 15:00,L2,2915.802,148.64,433404.8093,175.1,0.04,399.54,0.09,-181.64,-0.04,-62937.9,-629.38
2037,매수 청산,2025-02-13 15:20,XL2,2916.98,148.64,433223.1712,356.74,0.08,581.18,0.13,0,0.00,-62581.16,-625.81
2037,매수 진입,2025-02-13 15:00,L2,2914.58,148.64,433223.1712,356.74,0.08,581.18,0.13,0,0.00,-62581.16,-625.81
2038,매수 청산,2025-02-13 15:20,XL2,2916.98,148.64,433240.8594,339.05,0.08,563.49,0.13,-11,0.00,-62242.11,-622.42
2038,매수 진입,2025-02-13 15:00,L2,2914.699,148.64,433240.8594,339.05,0.08,563.49,0.13,-11,0.00,-62242.11,-622.42
2039,매수 청산,2025-02-14 23:20,XL1,2924.27,48.87,143397.2862,-488.21,-0.34,28.59,0.02,-972.27,-0.68,-62730.32,-627.30
2039,매수 진입,2025-02-14 20:30,L1,2934.26,48.87,143397.2862,-488.21,-0.34,28.59,0.02,-972.27,-0.68,-62730.32,-627.30
2040,매수 청산,2025-02-14 23:20,XL2,2924.27,59.73,175041.1542,-374.51,-0.21,157.39,0.09,-966.13,-0.55,-63104.83,-631.05
2040,매수 진입,2025-02-14 20:40,L2,2930.54,59.73,175041.1542,-374.51,-0.21,157.39,0.09,-966.13,-0.55,-63104.83,-631.05
2041,매수 청산,2025-02-14 23:20,XL3,2924.27,76.8,224779.776,-195.84,-0.09,487.68,0.22,-956.54,-0.43,-63300.67,-633.01
2041,매수 진입,2025-02-14 22:00,L3,2926.82,76.8,224779.776,-195.84,-0.09,487.68,0.22,-956.54,-0.43,-63300.67,-633.01
2042,매수 청산,2025-02-14 23:20,XL4,2924.27,107.52,314291.712,125.8,0.04,213.96,0.07,-939.19,-0.30,-63174.87,-631.75
2042,매수 진입,2025-02-14 22:40,L4,2923.1,107.52,314291.712,125.8,0.04,213.96,0.07,-939.19,-0.30,-63174.87,-631.75
2043,매수 청산,2025-02-14 23:20,XL5,2924.27,179.21,523182.0898,876.34,0.17,1023.29,0.20,-898.74,-0.17,-62298.53,-622.99
2043,매수 진입,2025-02-14 22:40,L5,2919.38,179.21,523182.0898,876.34,0.17,1023.29,0.20,-898.74,-0.17,-62298.53,-622.99
2044,매수 청산,2025-02-14 23:20,XL6,2924.27,537.63,1567546.286,4628.99,0.30,5069.85,0.32,-696.23,-0.04,-57669.54,-576.70
2044,매수 진입,2025-02-14 23:00,L6,2915.66,537.63,1567546.286,4628.99,0.30,5069.85,0.32,-696.23,-0.04,-57669.54,-576.70
2045,매수 청산,2025-02-18 13:30,XL1,2909.125,133.2,387490.788,4.66,0.00,19.98,0.01,-238.43,-0.06,-57664.88,-576.65
2045,매수 진입,2025-02-18 13:00,L1,2909.09,133.2,387490.788,4.66,0.00,19.98,0.01,-238.43,-0.06,-57664.88,-576.65
2046,매수 청산,2025-02-18 13:30,XL2,2909.125,162.8,473377.63,227.92,0.05,246.64,0.05,-69.19,-0.01,-57436.96,-574.37
2046,매수 진입,2025-02-18 13:10,L2,2907.725,162.8,473377.63,227.92,0.05,246.64,0.05,-69.19,-0.01,-57436.96,-574.37
2047,매수 청산,2025-02-18 17:10,XL1,2912.43,133.2,387935.676,0,0.00,401.6,0.10,-551.45,-0.14,-57436.96,-574.37
2047,매수 진입,2025-02-18 15:50,L1,2912.43,133.2,387935.676,0,0.00,401.6,0.10,-551.45,-0.14,-57436.96,-574.37
2048,매수 청산,2025-02-18 17:10,XL2,2912.43,162.8,473921.382,222.22,0.05,222.22,0.05,-451.77,-0.10,-57214.74,-572.15
2048,매수 진입,2025-02-18 16:40,L2,2911.065,162.8,473921.382,222.22,0.05,222.22,0.05,-451.77,-0.10,-57214.74,-572.15
2049,매수 청산,2025-02-18 17:10,XL3,2912.43,209.31,609029.307,571.42,0.09,571.42,0.09,-295.13,-0.05,-56643.32,-566.43
2049,매수 진입,2025-02-18 16:40,L3,2909.7,209.31,609029.307,571.42,0.09,571.42,0.09,-295.13,-0.05,-56643.32,-566.43
2050,매수 청산,2025-02-18 17:10,XL4,2912.43,293.04,852258.4884,1200,0.14,1200,0.14,-13.19,0.00,-55443.32,-554.43
2050,매수 진입,2025-02-18 17:00,L4,2908.335,293.04,852258.4884,1200,0.14,1200,0.14,-13.19,0.00,-55443.32,-554.43
2051,매수 청산,2025-02-18 20:00,XL1,2911.375,51.36,149512.5552,15.66,0.01,129.17,0.09,-199.28,-0.13,-55427.66,-554.28
2051,매수 진입,2025-02-18 18:20,L1,2911.07,51.36,149512.5552,15.66,0.01,129.17,0.09,-199.28,-0.13,-55427.66,-554.28
2052,매수 청산,2025-02-18 20:00,XL2,2911.375,62.77,182505.6581,241.35,0.13,246.69,0.14,-21.34,-0.01,-55186.31,-551.86
2052,매수 진입,2025-02-18 19:40,L2,2907.53,62.77,182505.6581,241.35,0.13,246.69,0.14,-21.34,-0.01,-55186.31,-551.86
2053,매수 청산,2025-02-19 19:40,XL1,2945.4,89.56,263790.024,0,0.00,150.46,0.06,-234.2,-0.09,-55186.31,-551.86
2053,매수 진입,2025-02-19 19:00,L1,2945.4,89.56,263790.024,0,0.00,150.46,0.06,-234.2,-0.09,-55186.31,-551.86
2054,매수 청산,2025-02-19 19:40,XL2,2945.4,109.46,322181.2802,222.2,0.07,268.18,0.08,-64.03,-0.02,-54964.1,-549.64
2054,매수 진입,2025-02-19 19:10,L2,2943.37,109.46,322181.2802,222.2,0.07,268.18,0.08,-64.03,-0.02,-54964.1,-549.64
2055,매도 청산,2025-02-20 10:30,반대신호정리,2936.755,33.88,99191.6618,-305.6,-0.31,308.14,0.31,-498.54,-0.50,-55269.7,-552.70
2055,매도 진입,2025-02-20 02:30,S1,2927.735,33.88,99191.6618,-305.6,-0.31,308.14,0.31,-498.54,-0.50,-55269.7,-552.70
2056,매도 청산,2025-02-20 10:30,반대신호정리,2936.755,41.42,121489.002,-151.39,-0.12,31.48,0.03,-387.28,-0.32,-55421.09,-554.21
2056,매도 진입,2025-02-20 05:10,S2,2933.1,41.42,121489.002,-151.39,-0.12,31.48,0.03,-387.28,-0.32,-55421.09,-554.21
2057,매수 청산,2025-02-20 14:00,XL1,2941.98,97.75,287578.545,0,0.00,62.07,0.02,-242.42,-0.08,-55421.09,-554.21
2057,매수 진입,2025-02-20 13:00,L1,2941.98,97.75,287578.545,0,0.00,62.07,0.02,-242.42,-0.08,-55421.09,-554.21
2058,매수 청산,2025-02-20 14:00,XL2,2941.98,119.47,351256.1364,222.21,0.06,222.21,0.06,-74.07,-0.02,-55198.88,-551.99
2058,매수 진입,2025-02-20 13:10,L2,2940.12,119.47,351256.1364,222.21,0.06,222.21,0.06,-74.07,-0.02,-55198.88,-551.99
2059,매도 청산,2025-02-21 14:10,XS1,2926.27,127.59,373908.2366,545.45,0.15,545.45,0.15,-23.6,-0.01,-54653.43,-546.53
2059,매도 진입,2025-02-21 13:40,S1,2930.545,127.59,373908.2366,545.45,0.15,545.45,0.15,-23.6,-0.01,-54653.43,-546.53
2060,매수 청산,2025-02-24 15:20,XL1,2941.01,32.46,95465.1846,0,0.00,65.57,0.07,-186.48,-0.20,-54653.43,-546.53
2060,매수 진입,2025-02-24 12:50,L1,2941.01,32.46,95465.1846,0,0.00,65.57,0.07,-186.48,-0.20,-54653.43,-546.53
2061,매수 청산,2025-02-24 15:20,XL2,2941.01,39.68,116477.0688,222.21,0.19,222.21,0.19,-5.75,0.00,-54431.22,-544.31
2061,매수 진입,2025-02-24 15:00,L2,2935.41,39.68,116477.0688,222.21,0.19,222.21,0.19,-5.75,0.00,-54431.22,-544.31
2062,매수 청산,2025-02-24 20:30,XL1,2943.46,71.16,209456.6136,0,0.00,92.15,0.04,-600.59,-0.29,-54431.22,-544.31
2062,매수 진입,2025-02-24 18:50,L1,2943.46,71.16,209456.6136,0,0.00,92.15,0.04,-600.59,-0.29,-54431.22,-544.31
2063,매수 청산,2025-02-24 20:30,XL2,2943.46,86.97,255770.5079,222.21,0.09,222.21,0.09,-511.82,-0.20,-54209.02,-542.09
2063,매수 진입,2025-02-24 19:30,L2,2940.905,86.97,255770.5079,222.21,0.09,222.21,0.09,-511.82,-0.20,-54209.02,-542.09
2064,매수 청산,2025-02-24 20:30,XL3,2943.46,111.82,328566.297,571.4,0.17,571.4,0.17,-372.36,-0.11,-53637.61,-536.38
2064,매수 진입,2025-02-24 19:40,L3,2938.35,111.82,328566.297,571.4,0.17,571.4,0.17,-372.36,-0.11,-53637.61,-536.38
2065,매수 청산,2025-02-24 20:30,XL4,2943.46,156.55,459598.7073,1199.96,0.26,1199.96,0.26,-121.33,-0.03,-52437.66,-524.38
2065,매수 진입,2025-02-24 19:50,L4,2935.795,156.55,459598.7073,1199.96,0.26,1199.96,0.26,-121.33,-0.03,-52437.66,-524.38
2066,매수 청산,2025-02-24 22:10,XL1,2949.035,71.16,209671.5168,181.81,0.09,268.98,0.13,-45.9,-0.02,-52255.84,-522.56
2066,매수 진입,2025-02-24 21:50,L1,2946.48,71.16,209671.5168,181.81,0.09,268.98,0.13,-45.9,-0.02,-52255.84,-522.56
2067,매수 청산,2025-02-25 16:10,반대신호정리,2938.065,22.91,67526.19405,-215.12,-0.32,136.77,0.20,-317.53,-0.47,-52470.97,-524.71
2067,매수 진입,2025-02-25 05:30,L1,2947.455,22.91,67526.19405,-215.12,-0.32,136.77,0.20,-317.53,-0.47,-52470.97,-524.71
2068,매수 청산,2025-02-25 16:10,반대신호정리,2938.065,28,82306.56,-40.74,-0.05,43.12,0.05,-165.9,-0.20,-52511.71,-525.12
2068,매수 진입,2025-02-25 12:50,L2,2939.52,28,82306.56,-40.74,-0.05,43.12,0.05,-165.9,-0.20,-52511.71,-525.12
2069,매도 청산,2025-02-25 17:30,XS2,2938.735,47.47,139319.9404,-181.81,-0.13,32.99,0.02,-181.81,-0.13,-52693.52,-526.94
2069,매도 진입,2025-02-25 17:30,S1,2934.905,47.47,139319.9404,-181.81,-0.13,32.99,0.02,-181.81,-0.13,-52693.52,-526.94
2070,매도 청산,2025-02-25 17:30,XS2,2938.735,10.55,31003.65425,0,0.00,0,0.00,0,0.00,-52693.52,-526.94
2070,매도 진입,2025-02-25 17:30,S2,2938.735,10.55,31003.65425,0,0.00,0,0.00,0,0.00,-52693.52,-526.94
2071,매도 청산,2025-02-25 21:20,XS1,2934.905,47.47,139501.7504,181.81,0.13,181.81,0.13,-174.69,-0.13,-52511.71,-525.12
2071,매도 진입,2025-02-25 17:30,S2,2938.735,47.47,139501.7504,181.81,0.13,181.81,0.13,-174.69,-0.13,-52511.71,-525.12
2072,매도 청산,2025-02-27 05:00,반대신호정리,2913.95,29.9,87069.8465,-57.26,-0.07,62.94,0.07,-129.77,-0.15,-52568.97,-525.69
2072,매도 진입,2025-02-27 01:10,S1,2912.035,29.9,87069.8465,-57.26,-0.07,62.94,0.07,-129.77,-0.15,-52568.97,-525.69
2073,매도 청산,2025-02-28 14:30,XS1,2863.635,140.4,402217.218,162.86,0.04,325.73,0.08,-181.82,-0.05,-52406.1,-524.06
2073,매도 진입,2025-02-28 13:50,S1,2864.795,140.4,402217.218,162.86,0.04,325.73,0.08,-181.82,-0.05,-52406.1,-524.06
2074,매도 청산,2025-02-28 14:30,XS2,2863.635,171.6,491821.044,421.28,0.09,447.02,0.09,0,0.00,-51984.82,-519.85
2074,매도 진입,2025-02-28 14:10,S2,2866.09,171.6,491821.044,421.28,0.09,447.02,0.09,0,0.00,-51984.82,-519.85
2075,매수 청산,2025-03-04 05:50,XL1,2889.525,20.2,58368.405,0,0.00,68.88,0.12,-224.02,-0.38,-51984.82,-519.85
2075,매수 진입,2025-03-04 02:30,L1,2889.525,20.2,58368.405,0,0.00,68.88,0.12,-224.02,-0.38,-51984.82,-519.85
2076,매수 청산,2025-03-04 05:50,XL2,2889.525,24.69,71120.16225,222.21,0.31,222.21,0.31,-51.6,-0.07,-51762.62,-517.63
2076,매수 진입,2025-03-04 04:50,L2,2880.525,24.69,71120.16225,222.21,0.31,222.21,0.31,-51.6,-0.07,-51762.62,-517.63
2077,매수 청산,2025-03-04 20:50,XL1,2920.725,41.32,120502.549,181.81,0.15,181.81,0.15,-175.4,-0.15,-51580.81,-515.81
2077,매수 진입,2025-03-04 19:10,L1,2916.325,41.32,120502.549,181.81,0.15,181.81,0.15,-175.4,-0.15,-51580.81,-515.81
2078,매도 청산,2025-03-05 12:50,XS1,2909.374,118.44,344486.2932,-99.96,-0.03,57.44,0.02,-600.49,-0.17,-51680.77,-516.81
2078,매도 진입,2025-03-05 12:20,S1,2908.53,118.44,344486.2932,-99.96,-0.03,57.44,0.02,-600.49,-0.17,-51680.77,-516.81
2079,매도 청산,2025-03-05 12:50,XS2,2909.374,144.77,421290.1101,100.04,0.02,272.17,0.06,-511.76,-0.12,-51580.73,-515.81
2079,매도 진입,2025-03-05 12:20,S2,2910.065,144.77,421290.1101,100.04,0.02,272.17,0.06,-511.76,-0.12,-51580.73,-515.81
2080,매도 청산,2025-03-05 12:50,XS2,2909.374,144.77,421412.4407,222.37,0.05,222.37,0.05,-389.43,-0.09,-51358.37,-513.58
2080,매도 진입,2025-03-05 12:40,S2,2910.91,144.77,421412.4407,222.37,0.05,222.37,0.05,-389.43,-0.09,-51358.37,-513.58
2081,매도 청산,2025-03-05 12:50,XS3,2909.374,186.13,542093.3879,571.61,0.11,571.61,0.11,-214.98,-0.04,-50786.76,-507.87
2081,매도 진입,2025-03-05 12:40,S3,2912.445,186.13,542093.3879,571.61,0.11,571.61,0.11,-214.98,-0.04,-50786.76,-507.87
2082,매수 청산,2025-03-05 18:50,XL1,2919.175,42.18,123130.8015,0,0.00,26.36,0.02,-241.9,-0.20,-50786.76,-507.87
2082,매수 진입,2025-03-05 18:10,L1,2919.175,42.18,123130.8015,0,0.00,26.36,0.02,-241.9,-0.20,-50786.76,-507.87
2083,매수 청산,2025-03-05 18:50,XL2,2919.175,51.55,150261.2907,222.18,0.15,222.18,0.15,-73.46,-0.05,-50564.58,-505.65
2083,매수 진입,2025-03-05 18:30,L2,2914.865,51.55,150261.2907,222.18,0.15,222.18,0.15,-73.46,-0.05,-50564.58,-505.65
2084,매수 청산,2025-03-06 10:50,XL1,2923.89,17.75,51899.0475,0,0.00,25.92,0.05,-213.18,-0.41,-50564.58,-505.65
2084,매수 진입,2025-03-06 02:00,L1,2923.89,17.75,51899.0475,0,0.00,25.92,0.05,-213.18,-0.41,-50564.58,-505.65
2085,매수 청산,2025-03-06 10:50,XL2,2923.89,21.7,63226.205,222.21,0.35,222.21,0.35,-38.41,-0.06,-50342.37,-503.42
2085,매수 진입,2025-03-06 02:50,L2,2913.65,21.7,63226.205,222.21,0.35,222.21,0.35,-38.41,-0.06,-50342.37,-503.42
2086,매수 청산,2025-03-06 16:50,XL1,2911.497,97.48,284812.6774,-999.95,-0.35,132.09,0.05,-999.95,-0.35,-51342.32,-513.42
2086,매수 진입,2025-03-06 15:50,L1,2921.755,97.48,284812.6774,-999.95,-0.35,132.09,0.05,-999.95,-0.35,-51342.32,-513.42
2087,매수 청산,2025-03-06 16:50,XL2,2911.497,119.15,347904.8935,-1000.03,-0.29,252.6,0.07,-1000.03,-0.29,-52342.35,-523.42
2087,매수 진입,2025-03-06 16:00,L2,2919.89,119.15,347904.8935,-1000.03,-0.29,252.6,0.07,-1000.03,-0.29,-52342.35,-523.42
2088,매수 청산,2025-03-06 16:50,XL3,2911.497,153.19,447012.2498,-1000.02,-0.22,44.43,0.01,-1000.02,-0.22,-53342.37,-533.42
2088,매수 진입,2025-03-06 16:20,L3,2918.025,153.19,447012.2498,-1000.02,-0.22,44.43,0.01,-1000.02,-0.22,-53342.37,-533.42
2089,매수 청산,2025-03-06 16:50,XL4,2911.497,214.47,625423.4735,-994.71,-0.16,467.54,0.07,-994.71,-0.16,-54337.09,-543.37
2089,매수 진입,2025-03-06 16:20,L4,2916.135,214.47,625423.4735,-994.71,-0.16,467.54,0.07,-994.71,-0.16,-54337.09,-543.37
2090,매수 청산,2025-03-06 16:50,XL5,2911.497,357.46,1041743.891,-1000.17,-0.10,802.5,0.08,-1000.17,-0.10,-55337.26,-553.37
2090,매수 진입,2025-03-06 16:30,L5,2914.295,357.46,1041743.891,-1000.17,-0.10,802.5,0.08,-1000.17,-0.10,-55337.26,-553.37
2091,매수 청산,2025-03-06 16:50,XL6,2911.497,1072.38,3123231.683,-1000.53,-0.03,4407.48,0.14,-1000.53,-0.03,-56337.79,-563.38
2091,매수 진입,2025-03-06 16:30,L6,2912.43,1072.38,3123231.683,-1000.53,-0.03,4407.48,0.14,-1000.53,-0.03,-56337.79,-563.38
2092,매도 청산,2025-03-07 00:20,XS1,2909.71,36.32,105680.6672,0,0.00,118.77,0.11,-477.24,-0.45,-56337.79,-563.38
2092,매도 진입,2025-03-06 23:10,S1,2909.71,36.32,105680.6672,0,0.00,118.77,0.11,-477.24,-0.45,-56337.79,-563.38
2093,매도 청산,2025-03-07 00:20,XS2,2909.71,44.4,129413.346,222.22,0.17,222.22,0.17,-361.19,-0.28,-56115.57,-561.16
2093,매도 진입,2025-03-06 23:40,S2,2914.715,44.4,129413.346,222.22,0.17,222.22,0.17,-361.19,-0.28,-56115.57,-561.16
2094,매도 청산,2025-03-07 00:20,XS3,2909.71,57.08,166657.6176,571.37,0.34,571.37,0.34,-178.66,-0.11,-55544.19,-555.44
2094,매도 진입,2025-03-07 00:00,S3,2919.72,57.08,166657.6176,571.37,0.34,571.37,0.34,-178.66,-0.11,-55544.19,-555.44
2095,매도 청산,2025-03-07 15:00,XS1,2908.475,71.3,207374.2675,0,0.00,508.37,0.25,-289.83,-0.14,-55544.19,-555.44
2095,매도 진입,2025-03-07 10:50,S1,2908.475,71.3,207374.2675,0,0.00,508.37,0.25,-289.83,-0.14,-55544.19,-555.44
2096,매도 청산,2025-03-07 15:00,XS2,2908.475,87.14,253666.7185,222.21,0.09,222.21,0.09,-132.02,-0.05,-55321.99,-553.22
2096,매도 진입,2025-03-07 14:20,S2,2911.025,87.14,253666.7185,222.21,0.09,222.21,0.09,-132.02,-0.05,-55321.99,-553.22
2097,매수 청산,2025-03-07 20:10,XL1,2921.605,62.58,182834.0409,0,0.00,32.85,0.02,-278.48,-0.15,-55321.99,-553.22
2097,매수 진입,2025-03-07 19:00,L1,2921.605,62.58,182834.0409,0,0.00,32.85,0.02,-278.48,-0.15,-55321.99,-553.22
2098,매수 청산,2025-03-07 20:10,XL2,2921.605,76.49,223251.363,222.2,0.10,222.2,0.10,-118.18,-0.05,-55099.78,-551.00
2098,매수 진입,2025-03-07 19:10,L2,2918.7,76.49,223251.363,222.2,0.10,222.2,0.10,-118.18,-0.05,-55099.78,-551.00
2099,매수 청산,2025-03-08 01:00,XL1,2915.855,33.36,97411.7004,-138.78,-0.14,0,0.00,-378.8,-0.39,-55238.56,-552.39
2099,매수 진입,2025-03-08 00:40,L1,2920.015,33.36,97411.7004,-138.78,-0.14,0,0.00,-378.8,-0.39,-55238.56,-552.39
2100,매수 청산,2025-03-08 01:00,XL2,2915.855,40.77,118826.8151,52.59,0.04,139.64,0.12,-240.75,-0.20,-55185.97,-551.86
2100,매수 진입,2025-03-08 00:40,L2,2914.565,40.77,118826.8151,52.59,0.04,139.64,0.12,-240.75,-0.20,-55185.97,-551.86
2101,매수 청산,2025-03-08 01:00,XL2,2915.855,40.77,118704.5866,174.82,0.15,261.87,0.22,-118.52,-0.10,-55011.15,-550.11
2101,매수 진입,2025-03-08 00:40,L2,2911.567,40.77,118704.5866,174.82,0.15,261.87,0.22,-118.52,-0.10,-55011.15,-550.11
2102,매수 청산,2025-03-08 01:00,XL2,2915.855,40.77,118586.0682,293.34,0.25,380.38,0.32,0,0.00,-54717.81,-547.18
2102,매수 진입,2025-03-08 00:40,L2,2908.66,40.77,118586.0682,293.34,0.25,380.38,0.32,0,0.00,-54717.81,-547.18
2103,매도 청산,2025-03-10 14:20,XS1,2907.75,33.36,97002.54,0,0.00,102.42,0.11,-354.78,-0.37,-54717.81,-547.18
2103,매도 진입,2025-03-08 03:50,S1,2907.75,33.36,97002.54,0,0.00,102.42,0.11,-354.78,-0.37,-54717.81,-547.18
2104,매도 청산,2025-03-10 14:20,XS2,2907.75,40.77,118771.164,222.2,0.19,222.2,0.19,-211.39,-0.18,-54495.61,-544.96
2104,매도 진입,2025-03-10 07:00,S2,2913.2,40.77,118771.164,222.2,0.19,222.2,0.19,-211.39,-0.18,-54495.61,-544.96
2105,매수 청산,2025-03-11 15:10,XL1,2896.04,77.86,225417.1576,68.52,0.03,158.06,0.07,-182.58,-0.08,-54427.1,-544.27
2105,매수 진입,2025-03-11 14:50,L1,2895.16,77.86,225417.1576,68.52,0.03,158.06,0.07,-182.58,-0.08,-54427.1,-544.27
2106,매수 청산,2025-03-11 15:10,XL2,2896.04,95.17,275310.1553,305.97,0.11,415.42,0.15,-0.95,0.00,-54121.12,-541.21
2106,매수 진입,2025-03-11 14:50,L2,2892.825,95.17,275310.1553,305.97,0.11,415.42,0.15,-0.95,0.00,-54121.12,-541.21
2107,매수 청산,2025-03-11 22:30,XL1,2912.26,64.02,186261.0684,181.82,0.10,191.1,0.10,-161.97,-0.09,-53939.31,-539.39
2107,매수 진입,2025-03-11 22:10,L1,2909.42,64.02,186261.0684,181.82,0.10,191.1,0.10,-161.97,-0.09,-53939.31,-539.39
2108,매도 청산,2025-03-12 18:00,XS1,2923.073,93,270845.76,-1000.03,-0.37,0,0.00,-1000.03,-0.37,-54939.34,-549.39
2108,매도 진입,2025-03-12 16:40,S1,2912.32,93,270845.76,-1000.03,-0.37,0,0.00,-1000.03,-0.37,-54939.34,-549.39
2109,매도 청산,2025-03-12 18:00,XS2,2923.073,113.66,331236.4965,-999.98,-0.30,136.96,0.04,-999.98,-0.30,-55939.32,-559.39
2109,매도 진입,2025-03-12 16:50,S2,2914.275,113.66,331236.4965,-999.98,-0.30,136.96,0.04,-999.98,-0.30,-55939.32,-559.39
2110,매도 청산,2025-03-12 18:00,XS3,2923.073,146.14,426177.8522,-1000.04,-0.23,91.34,0.02,-1000.04,-0.23,-56939.35,-569.39
2110,매도 진입,2025-03-12 17:00,S3,2916.23,146.14,426177.8522,-1000.04,-0.23,91.34,0.02,-1000.04,-0.23,-56939.35,-569.39
2111,매도 청산,2025-03-12 18:00,XS4,2923.073,204.6,597060.651,-1000.08,-0.17,285.42,0.05,-1000.08,-0.17,-57939.44,-579.39
2111,매도 진입,2025-03-12 17:20,S4,2918.185,204.6,597060.651,-1000.08,-0.17,285.42,0.05,-1000.08,-0.17,-57939.44,-579.39
2112,매도 청산,2025-03-12 18:00,XS5,2923.073,341,995767.74,-1000.15,-0.10,144.93,0.01,-1000.15,-0.10,-58939.59,-589.40
2112,매도 진입,2025-03-12 17:40,S5,2920.14,341,995767.74,-1000.15,-0.10,144.93,0.01,-1000.15,-0.10,-58939.59,-589.40
2113,매도 청산,2025-03-12 18:00,XS6,2923.073,1023.01,2989332.406,-1000.5,-0.03,168.8,0.01,-1000.5,-0.03,-59940.09,-599.40
2113,매도 진입,2025-03-12 17:50,S6,2922.095,1023.01,2989332.406,-1000.5,-0.03,168.8,0.01,-1000.5,-0.03,-59940.09,-599.40
2114,매수 청산,2025-03-13 07:00,XL1,2934.935,55.85,163916.1198,0,0.00,31.83,0.02,-221.72,-0.14,-59940.09,-599.40
2114,매수 진입,2025-03-13 04:20,L1,2934.935,55.85,163916.1198,0,0.00,31.83,0.02,-221.72,-0.14,-59940.09,-599.40
2115,매수 청산,2025-03-13 07:00,XL2,2934.935,68.27,200145.7936,222.22,0.11,222.22,0.11,-48.81,-0.02,-59717.87,-597.18
2115,매수 진입,2025-03-13 04:50,L2,2931.68,68.27,200145.7936,222.22,0.11,222.22,0.11,-48.81,-0.02,-59717.87,-597.18
2116,매수 청산,2025-03-13 18:10,XL1,2945.125,51.14,150613.6925,0,0.00,105.86,0.07,-621.1,-0.41,-59717.87,-597.18
2116,매수 진입,2025-03-13 12:40,L1,2945.125,51.14,150613.6925,0,0.00,105.86,0.07,-621.1,-0.41,-59717.87,-597.18
2117,매수 청산,2025-03-13 18:10,XL2,2945.125,62.5,183848.125,222.19,0.12,222.19,0.12,-536.87,-0.29,-59495.69,-594.96
2117,매수 진입,2025-03-13 14:20,L2,2941.57,62.5,183848.125,222.19,0.12,222.19,0.12,-536.87,-0.29,-59495.69,-594.96
2118,매수 청산,2025-03-13 18:10,XL3,2945.125,80.36,236098.8854,571.36,0.24,571.36,0.24,-404.61,-0.17,-58924.33,-589.24
2118,매수 진입,2025-03-13 15:00,L3,2938.015,80.36,236098.8854,571.36,0.24,571.36,0.24,-404.61,-0.17,-58924.33,-589.24
2119,매수 청산,2025-03-13 18:10,XL4,2945.125,112.51,330156.0946,1199.92,0.36,1199.92,0.36,-166.51,-0.05,-57724.41,-577.24
2119,매수 진입,2025-03-13 16:20,L4,2934.46,112.51,330156.0946,1199.92,0.36,1199.92,0.36,-166.51,-0.05,-57724.41,-577.24
2120,매수 청산,2025-03-14 20:00,XL1,2994.625,40.85,122148.6488,181.78,0.15,186.68,0.15,-142.36,-0.12,-57542.63,-575.43
2120,매수 진입,2025-03-14 19:40,L1,2990.175,40.85,122148.6488,181.78,0.15,186.68,0.15,-142.36,-0.12,-57542.63,-575.43
2121,매도 청산,2025-03-17 16:50,XS1,2984.31,45.28,135129.5568,0,0.00,49.81,0.04,-295.23,-0.22,-57542.63,-575.43
2121,매도 진입,2025-03-17 14:30,S1,2984.31,45.28,135129.5568,0,0.00,49.81,0.04,-295.23,-0.22,-57542.63,-575.43
2122,매도 청산,2025-03-17 16:50,XS2,2984.31,55.34,165373.9055,222.19,0.13,222.19,0.13,-138.63,-0.08,-57320.44,-573.20
2122,매도 진입,2025-03-17 15:20,S2,2988.325,55.34,165373.9055,222.19,0.13,222.19,0.13,-138.63,-0.08,-57320.44,-573.20
2123,매수 청산,2025-03-17 20:50,XL2,2998.27,120.01,360004.1978,-181.82,-0.05,0,0.00,-181.82,-0.05,-57502.25,-575.02
2123,매수 진입,2025-03-17 20:50,L1,2999.785,120.01,360004.1978,-181.82,-0.05,0,0.00,-181.82,-0.05,-57502.25,-575.02
2124,매수 청산,2025-03-17 20:50,XL2,2998.27,26.67,79963.8609,0,0.00,0,0.00,0,0.00,-57502.25,-575.02
2124,매수 진입,2025-03-17 20:50,L2,2998.27,26.67,79963.8609,0,0.00,0,0.00,0,0.00,-57502.25,-575.02
2125,매수 청산,2025-03-17 21:10,XL1,2989.104,120.01,359822.3827,-1100.01,-0.31,109.21,0.03,-1100.01,-0.31,-58602.27,-586.02
2125,매수 진입,2025-03-17 20:50,L2,2998.27,120.01,359822.3827,-1100.01,-0.31,109.21,0.03,-1100.01,-0.31,-58602.27,-586.02
2126,매수 청산,2025-03-17 21:10,XL2,2989.104,146.68,439564.0234,-1122.25,-0.26,355.7,0.08,-1122.25,-0.26,-59724.51,-597.25
2126,매수 진입,2025-03-17 20:50,L2,2996.755,146.68,439564.0234,-1122.25,-0.26,355.7,0.08,-1122.25,-0.26,-59724.51,-597.25
2127,매수 청산,2025-03-17 21:10,XL2,2989.104,146.68,439441.6923,-999.92,-0.23,155.33,0.04,-999.92,-0.23,-60724.43,-607.24
2127,매수 진입,2025-03-17 21:00,L2,2995.921,146.68,439441.6923,-999.92,-0.23,155.33,0.04,-999.92,-0.23,-60724.43,-607.24
2128,매수 청산,2025-03-17 21:10,XL3,2989.104,188.59,564715.0275,-999.9,-0.18,20.56,0.00,-999.9,-0.18,-61724.34,-617.24
2128,매수 진입,2025-03-17 21:00,L3,2994.406,188.59,564715.0275,-999.9,-0.18,20.56,0.00,-999.9,-0.18,-61724.34,-617.24
2129,매수 청산,2025-03-17 21:10,XL4,2989.104,264.02,790183.0818,-999.84,-0.13,296.76,0.04,-999.84,-0.13,-62724.18,-627.24
2129,매수 진입,2025-03-17 21:00,L4,2992.891,264.02,790183.0818,-999.84,-0.13,296.76,0.04,-999.84,-0.13,-62724.18,-627.24
2130,매수 청산,2025-03-17 21:10,XL5,2989.104,440.04,1316325.095,-999.77,-0.08,353.79,0.03,-999.77,-0.08,-63723.95,-637.24
2130,매수 진입,2025-03-17 21:10,L5,2991.376,440.04,1316325.095,-999.77,-0.08,353.79,0.03,-999.77,-0.08,-63723.95,-637.24
2131,매수 청산,2025-03-17 21:10,XL6,2989.104,1320.13,3947005.202,-999.34,-0.03,0,0.00,-999.34,-0.03,-64723.29,-647.23
2131,매수 진입,2025-03-17 21:10,L6,2989.861,1320.13,3947005.202,-999.34,-0.03,0,0.00,-999.34,-0.03,-64723.29,-647.23
2132,매수 청산,2025-03-18 11:50,XL1,3010.46,36.25,108583.7937,545.38,0.50,545.38,0.50,-88.81,-0.08,-64177.91,-641.78
2132,매수 진입,2025-03-18 00:10,L1,2995.415,36.25,108583.7937,545.38,0.50,545.38,0.50,-88.81,-0.08,-64177.91,-641.78
2133,매수 청산,2025-03-18 14:10,XL2,3011.245,221.72,667835.0518,-181.81,-0.03,49.89,0.01,-181.81,-0.03,-64359.71,-643.60
2133,매수 진입,2025-03-18 14:10,L1,3012.065,221.72,667835.0518,-181.81,-0.03,49.89,0.01,-181.81,-0.03,-64359.71,-643.60
2134,매수 청산,2025-03-18 14:10,XL2,3011.245,49.28,148394.1536,0,0.00,0,0.00,0,0.00,-64359.71,-643.60
2134,매수 진입,2025-03-18 14:10,L2,3011.245,49.28,148394.1536,0,0.00,0,0.00,0,0.00,-64359.71,-643.60
2135,매수 청산,2025-03-18 14:10,XL3,3010.46,221.72,667653.2414,-174.05,-0.03,0,0.00,-211.74,-0.03,-64533.77,-645.34
2135,매수 진입,2025-03-18 14:10,L2,3011.245,221.72,667653.2414,-174.05,-0.03,0,0.00,-211.74,-0.03,-64533.77,-645.34
2136,매수 청산,2025-03-18 14:10,XL3,3010.46,126.71,381450.9518,4.43,0.00,4.43,0.00,-17.11,0.00,-64529.33,-645.29
2136,매수 진입,2025-03-18 14:10,L3,3010.425,126.71,381450.9518,4.43,0.00,4.43,0.00,-17.11,0.00,-64529.33,-645.29
2137,매수 청산,2025-03-18 14:30,XL1,3009.974,221.72,667471.431,-100,-0.01,37.69,0.01,-948.96,-0.14,-64629.33,-646.29
2137,매수 진입,2025-03-18 14:10,L3,3010.425,221.72,667471.431,-100,-0.01,37.69,0.01,-948.96,-0.14,-64629.33,-646.29
2138,매수 청산,2025-03-18 14:30,XL2,3009.974,271,815602.955,100,0.01,219.51,0.03,-937.66,-0.11,-64529.33,-645.29
2138,매수 진입,2025-03-18 14:10,L2,3009.605,271,815602.955,100,0.01,219.51,0.03,-937.66,-0.11,-64529.33,-645.29
2139,매수 청산,2025-03-18 14:30,XL2,3009.974,271,815480.463,222.49,0.03,222.49,0.03,-815.17,-0.10,-64306.84,-643.07
2139,매수 진입,2025-03-18 14:20,L2,3009.153,271,815480.463,222.49,0.03,222.49,0.03,-815.17,-0.10,-64306.84,-643.07
2140,매수 청산,2025-03-18 14:30,XL3,3009.974,348.43,1048193.467,571.77,0.05,571.77,0.05,-762.36,-0.07,-63735.06,-637.35
2140,매수 진입,2025-03-18 14:20,L3,3008.333,348.43,1048193.467,571.77,0.05,571.77,0.05,-762.36,-0.07,-63735.06,-637.35
2141,매수 청산,2025-03-18 14:30,XL4,3009.974,487.8,1467064.841,1200.48,0.08,1200.48,0.08,-667.31,-0.05,-62534.59,-625.35
2141,매수 진입,2025-03-18 14:20,L4,3007.513,487.8,1467064.841,1200.48,0.08,1200.48,0.08,-667.31,-0.05,-62534.59,-625.35
2142,매수 청산,2025-03-18 14:30,XL5,3009.974,813,2444441.409,2667.45,0.11,2667.45,0.11,-445.52,-0.02,-59867.14,-598.67
2142,매수 진입,2025-03-18 14:20,L5,3006.693,813,2444441.409,2667.45,0.11,2667.45,0.11,-445.52,-0.02,-59867.14,-598.67
2143,매수 청산,2025-03-19 15:40,XL1,3037.91,132.71,403143.7838,17.25,0.00,145.98,0.04,-435.29,-0.11,-59849.88,-598.50
2143,매수 진입,2025-03-19 15:20,L1,3037.78,132.71,403143.7838,17.25,0.00,145.98,0.04,-435.29,-0.11,-59849.88,-598.50
2144,매수 청산,2025-03-19 15:40,XL2,3037.91,162.2,492505.702,243.3,0.05,400.63,0.08,-309.8,-0.06,-59606.58,-596.07
2144,매수 진입,2025-03-19 15:20,L2,3036.41,162.2,492505.702,243.3,0.05,400.63,0.08,-309.8,-0.06,-59606.58,-596.07
2145,매수 청산,2025-03-19 15:40,XL2,3037.91,162.2,492283.488,465.51,0.09,622.85,0.13,-87.59,-0.02,-59141.07,-591.41
2145,매수 진입,2025-03-19 15:20,L3,3035.04,162.2,492283.488,465.51,0.09,622.85,0.13,-87.59,-0.02,-59141.07,-591.41
2146,매수 청산,2025-03-19 15:40,XL3,3037.91,46.35,140674.104,133.02,0.09,177.98,0.13,-25.03,-0.02,-59008.04,-590.08
2146,매수 진입,2025-03-19 15:20,L3,3035.04,46.35,140674.104,133.02,0.09,177.98,0.13,-25.03,-0.02,-59008.04,-590.08
2147,매수 청산,2025-03-19 15:40,XL3,3037.91,162.2,492229.151,519.85,0.11,677.19,0.14,-33.25,-0.01,-58488.19,-584.88
2147,매수 진입,2025-03-19 15:20,L2,3034.705,162.2,492229.151,519.85,0.11,677.19,0.14,-33.25,-0.01,-58488.19,-584.88
2148,매도 청산,2025-03-20 22:00,XS1,3034.56,57.53,174578.2368,0,0.00,63,0.04,-449.88,-0.26,-58488.19,-584.88
2148,매도 진입,2025-03-20 21:00,S1,3034.56,57.53,174578.2368,0,0.00,63,0.04,-449.88,-0.26,-58488.19,-584.88
2149,매도 청산,2025-03-20 22:00,XS2,3034.56,70.32,213612.4704,222.21,0.10,222.21,0.10,-327.69,-0.15,-58265.98,-582.66
2149,매도 진입,2025-03-20 21:20,S2,3037.72,70.32,213612.4704,222.21,0.10,222.21,0.10,-327.69,-0.15,-58265.98,-582.66
2150,매도 청산,2025-03-20 22:00,XS3,3034.56,90.41,274925.9608,571.39,0.21,571.39,0.21,-135.61,-0.05,-57694.59,-576.95
2150,매도 진입,2025-03-20 21:40,S3,3040.88,90.41,274925.9608,571.39,0.21,571.39,0.21,-135.61,-0.05,-57694.59,-576.95
2151,매도 청산,2025-03-21 09:20,반대신호정리,3042.94,24.09,73253.71515,-50.71,-0.07,163.93,0.22,-161.76,-0.22,-57745.3,-577.45
2151,매도 진입,2025-03-21 01:00,S1,3040.835,24.09,73253.71515,-50.71,-0.07,163.93,0.22,-161.76,-0.22,-57745.3,-577.45
2152,매도 청산,2025-03-24 15:10,XS1,3017.92,69,208236.48,0,0.00,153.53,0.07,-369.15,-0.18,-57745.3,-577.45
2152,매도 진입,2025-03-24 12:30,S1,3017.92,69,208236.48,0,0.00,153.53,0.07,-369.15,-0.18,-57745.3,-577.45
2153,매도 청산,2025-03-24 15:10,XS2,3017.92,84.33,254723.4031,222.21,0.09,222.21,0.09,-228.96,-0.09,-57523.09,-575.23
2153,매도 진입,2025-03-24 14:00,S2,3020.555,84.33,254723.4031,222.21,0.09,222.21,0.09,-228.96,-0.09,-57523.09,-575.23
2154,매도 청산,2025-03-24 15:10,XS3,3017.92,108.43,327804.4917,571.43,0.17,571.43,0.17,-8.67,0.00,-56951.66,-569.52
2154,매도 진입,2025-03-24 14:20,S3,3023.19,108.43,327804.4917,571.43,0.17,571.43,0.17,-8.67,0.00,-56951.66,-569.52
2155,매수 청산,2025-03-24 19:20,XL1,3029.99,49.4,149499.714,181.79,0.12,181.79,0.12,-181.3,-0.12,-56769.87,-567.70
2155,매수 진입,2025-03-24 18:40,L1,3026.31,49.4,149499.714,181.79,0.12,181.79,0.12,-181.3,-0.12,-56769.87,-567.70
2156,매도 청산,2025-03-25 15:50,반대신호정리,3015.38,35.33,106396.1183,-137.26,-0.13,317.97,0.30,-340.58,-0.32,-56907.13,-569.07
2156,매도 진입,2025-03-25 01:20,S1,3011.495,35.33,106396.1183,-137.26,-0.13,317.97,0.30,-340.58,-0.32,-56907.13,-569.07
2157,매도 청산,2025-03-25 15:50,반대신호정리,3015.38,43.19,130288.6816,54.42,0.04,79.9,0.06,-194.14,-0.15,-56852.71,-568.53
2157,매도 진입,2025-03-25 14:00,S2,3016.64,43.19,130288.6816,54.42,0.04,79.9,0.06,-194.14,-0.15,-56852.71,-568.53
2158,매수 청산,2025-03-25 19:00,XL1,3023.355,88.26,266632.1361,209.18,0.08,233.89,0.09,-73.26,-0.03,-56643.53,-566.44
2158,매수 진입,2025-03-25 18:40,L1,3020.985,88.26,266632.1361,209.18,0.08,233.89,0.09,-73.26,-0.03,-56643.53,-566.44
2159,매수 청산,2025-03-25 21:50,XL1,3021.428,88.26,266771.1456,-99.91,-0.04,52.96,0.02,-737.41,-0.28,-56743.44,-567.43
2159,매수 진입,2025-03-25 20:50,L1,3022.56,88.26,266771.1456,-99.91,-0.04,52.96,0.02,-737.41,-0.28,-56743.44,-567.43
2160,매수 청산,2025-03-25 21:50,XL2,3021.428,107.87,325821.335,100.1,0.03,173.67,0.05,-679.04,-0.21,-56643.34,-566.43
2160,매수 진입,2025-03-25 20:50,L2,3020.5,107.87,325821.335,100.1,0.03,173.67,0.05,-679.04,-0.21,-56643.34,-566.43
2161,매수 청산,2025-03-25 21:50,XL2,3021.428,107.87,325699.1183,222.32,0.07,222.32,0.07,-556.82,-0.17,-56421.02,-564.21
2161,매수 진입,2025-03-25 21:00,L2,3019.367,107.87,325699.1183,222.32,0.07,222.32,0.07,-556.82,-0.17,-56421.02,-564.21
2162,매수 청산,2025-03-25 21:50,XL3,3021.428,138.69,418470.3078,571.54,0.14,571.54,0.14,-430.22,-0.10,-55849.48,-558.49
2162,매수 진입,2025-03-25 21:00,L3,3017.307,138.69,418470.3078,571.54,0.14,571.54,0.14,-430.22,-0.10,-55849.48,-558.49
2163,매수 청산,2025-03-25 21:50,XL4,3021.428,194.17,585470.51,1200.16,0.20,1200.16,0.20,-202.33,-0.03,-54649.32,-546.49
2163,매수 진입,2025-03-25 21:20,L4,3015.247,194.17,585470.51,1200.16,0.20,1200.16,0.20,-202.33,-0.03,-54649.32,-546.49
2164,매수 청산,2025-03-26 14:10,반대신호정리,3014.155,69.79,211038.6789,-680.8,-0.32,40.83,0.02,-723.02,-0.34,-55330.12,-553.30
2164,매수 진입,2025-03-26 11:50,L1,3023.91,69.79,211038.6789,-680.8,-0.32,40.83,0.02,-723.02,-0.34,-55330.12,-553.30
2165,매수 청산,2025-03-26 14:10,반대신호정리,3014.155,85.3,257717.3165,-609.89,-0.24,0,0.00,-661.5,-0.26,-55940.01,-559.40
2165,매수 진입,2025-03-26 12:10,L2,3021.305,85.3,257717.3165,-609.89,-0.24,0,0.00,-661.5,-0.26,-55940.01,-559.40
2166,매수 청산,2025-03-26 14:10,반대신호정리,3014.155,109.67,331060.829,-498.45,-0.15,85.54,0.03,-564.8,-0.17,-56438.46,-564.38
2166,매수 진입,2025-03-26 12:30,L3,3018.7,109.67,331060.829,-498.45,-0.15,85.54,0.03,-564.8,-0.17,-56438.46,-564.38
2167,매도 청산,2025-03-26 18:00,XS1,3023.465,69.79,210644.0165,-363.61,-0.17,2.79,0.00,-970.78,-0.46,-56802.07,-568.02
2167,매도 진입,2025-03-26 14:40,S1,3018.255,69.79,210644.0165,-363.61,-0.17,2.79,0.00,-970.78,-0.46,-56802.07,-568.02
2168,매도 청산,2025-03-26 18:00,XS2,3023.465,85.3,257679.358,-222.21,-0.09,0,0.00,-964.32,-0.37,-57024.27,-570.24
2168,매도 진입,2025-03-26 14:50,S2,3020.86,85.3,257679.358,-222.21,-0.09,0,0.00,-964.32,-0.37,-57024.27,-570.24
2169,매도 청산,2025-03-26 18:00,XS3,3023.465,109.67,331583.4066,0,0.00,147.51,0.04,-954.13,-0.29,-57024.27,-570.24
2169,매도 진입,2025-03-26 14:50,S3,3023.465,109.67,331583.4066,0,0.00,147.51,0.04,-954.13,-0.29,-57024.27,-570.24
2170,매도 청산,2025-03-26 18:00,XS4,3023.465,153.55,464653.0485,400,0.09,400,0.09,-935.89,-0.20,-56624.28,-566.24
2170,매도 진입,2025-03-26 15:50,S4,3026.07,153.55,464653.0485,400,0.09,400,0.09,-935.89,-0.20,-56624.28,-566.24
2171,매도 청산,2025-03-26 18:00,XS5,3023.465,255.91,775068.2193,1333.29,0.17,1333.29,0.17,-893.13,-0.12,-55290.98,-552.91
2171,매도 진입,2025-03-26 16:30,S5,3028.675,255.91,775068.2193,1333.29,0.17,1333.29,0.17,-893.13,-0.12,-55290.98,-552.91
2172,매도 청산,2025-03-27 10:50,반대신호정리,3024.1,37.18,112234.8942,-201.14,-0.18,106.89,0.10,-365.11,-0.33,-55492.13,-554.92
2172,매도 진입,2025-03-27 02:40,S1,3018.69,37.18,112234.8942,-201.14,-0.18,106.89,0.10,-365.11,-0.33,-55492.13,-554.92
2173,매도 청산,2025-03-27 10:50,반대신호정리,3024.1,45.44,137391.4752,-23.63,-0.02,83.84,0.06,-224.02,-0.16,-55515.76,-555.16
2173,매도 진입,2025-03-27 09:00,S2,3023.58,45.44,137391.4752,-23.63,-0.02,83.84,0.06,-224.02,-0.16,-55515.76,-555.16
2174,매수 청산,2025-03-27 16:00,XL1,3032.485,120.01,363928.5249,0,0.00,418.23,0.11,-686.46,-0.19,-55515.76,-555.16
2174,매수 진입,2025-03-27 13:50,L1,3032.485,120.01,363928.5249,0,0.00,418.23,0.11,-686.46,-0.19,-55515.76,-555.16
2175,매수 청산,2025-03-27 16:00,XL2,3032.485,146.68,444582.6796,222.22,0.05,357.9,0.08,-616.79,-0.14,-55293.54,-552.94
2175,매수 진입,2025-03-27 14:50,L2,3030.97,146.68,444582.6796,222.22,0.05,357.9,0.08,-616.79,-0.14,-55293.54,-552.94
2176,매수 청산,2025-03-27 16:00,XL3,3032.485,188.59,571324.9184,571.43,0.10,745.87,0.13,-507.31,-0.09,-54722.11,-547.22
2176,매수 진입,2025-03-27 14:50,L3,3029.455,188.59,571324.9184,571.43,0.10,745.87,0.13,-507.31,-0.09,-54722.11,-547.22
2177,매수 청산,2025-03-27 16:00,XL4,3032.485,264.02,799436.7188,1199.97,0.15,1199.97,0.15,-310.22,-0.04,-53522.14,-535.22
2177,매수 진입,2025-03-27 15:20,L4,3027.94,264.02,799436.7188,1199.97,0.15,1199.97,0.15,-310.22,-0.04,-53522.14,-535.22
2178,매수 청산,2025-03-27 18:00,XL1,3037.715,56.2,170537.776,181.81,0.11,181.81,0.11,-34.56,-0.02,-53340.33,-533.40
2178,매수 진입,2025-03-27 17:40,L1,3034.48,56.2,170537.776,181.81,0.11,181.81,0.11,-34.56,-0.02,-53340.33,-533.40
2179,매수 청산,2025-03-28 12:40,XL1,3074.025,149.03,457576.4959,545.45,0.12,568.55,0.12,-92.4,-0.02,-52794.88,-527.95
2179,매수 진입,2025-03-28 12:20,L1,3070.365,149.03,457576.4959,545.45,0.12,568.55,0.12,-92.4,-0.02,-52794.88,-527.95
2180,매수 청산,2025-04-02 03:10,반대신호정리,3116.13,12.68,39420.1546,92.37,0.23,510.31,1.29,-115.83,-0.29,-52702.51,-527.03
2180,매수 진입,2025-03-31 13:10,L1,3108.845,12.68,39420.1546,92.37,0.23,510.31,1.29,-115.83,-0.29,-52702.51,-527.03
2181,매도 청산,2025-04-02 12:00,반대신호정리,3128.68,38.35,119540.785,-444.09,-0.37,355.5,0.30,-717.34,-0.60,-53146.6,-531.47
2181,매도 진입,2025-04-02 04:30,S1,3117.1,38.35,119540.785,-444.09,-0.37,355.5,0.30,-717.34,-0.60,-53146.6,-531.47
2182,매도 청산,2025-04-02 12:00,반대신호정리,3128.68,46.88,146351.8592,-320.66,-0.22,66.1,0.05,-654.68,-0.45,-53467.26,-534.67
2182,매도 진입,2025-04-02 09:20,S2,3121.84,46.88,146351.8592,-320.66,-0.22,66.1,0.05,-654.68,-0.45,-53467.26,-534.67
2183,매도 청산,2025-04-02 12:00,반대신호정리,3128.68,60.27,188438.9766,-126.57,-0.07,0,0.00,-555.99,-0.30,-53593.83,-535.94
2183,매도 진입,2025-04-02 10:00,S3,3126.58,60.27,188438.9766,-126.57,-0.07,0,0.00,-555.99,-0.30,-53593.83,-535.94
2184,매도 청산,2025-04-02 12:00,반대신호정리,3128.68,84.38,264220.7816,222.76,0.08,229.51,0.09,-378.44,-0.14,-53371.06,-533.71
2184,매도 진입,2025-04-02 10:10,S4,3131.32,84.38,264220.7816,222.76,0.08,229.51,0.09,-378.44,-0.14,-53371.06,-533.71
2185,매수 청산,2025-04-02 15:00,XL1,3118.06,39.74,124274.3319,-362.63,-0.29,50.07,0.04,-813.88,-0.65,-53733.69,-537.34
2185,매수 진입,2025-04-02 12:40,L1,3127.185,39.74,124274.3319,-362.63,-0.29,50.07,0.04,-813.88,-0.65,-53733.69,-537.34
2186,매수 청산,2025-04-02 15:00,XL2,3118.06,48.57,151665.1677,-220.99,-0.15,22.1,0.01,-772.51,-0.51,-53954.68,-539.55
2186,매수 진입,2025-04-02 13:30,L2,3122.61,48.57,151665.1677,-220.99,-0.15,22.1,0.01,-772.51,-0.51,-53954.68,-539.55
2187,매수 청산,2025-04-02 15:00,XL3,3118.06,62.45,194721.2858,1.56,0.00,72.44,0.04,-707.56,-0.36,-53953.12,-539.53
2187,매수 진입,2025-04-02 13:40,L3,3118.035,62.45,194721.2858,1.56,0.00,72.44,0.04,-707.56,-0.36,-53953.12,-539.53
2188,매수 청산,2025-04-02 15:00,XL4,3118.06,87.43,272209.8078,402.18,0.15,501.41,0.18,-590.59,-0.22,-53550.94,-535.51
2188,매수 진입,2025-04-02 14:20,L4,3113.46,87.43,272209.8078,402.18,0.15,501.41,0.18,-590.59,-0.22,-53550.94,-535.51
2189,매수 청산,2025-04-02 15:00,XL5,3118.06,145.71,452995.6334,1336.89,0.30,1502.27,0.33,-317.65,-0.07,-52214.05,-522.14
2189,매수 진입,2025-04-02 14:30,L5,3108.885,145.71,452995.6334,1336.89,0.30,1502.27,0.33,-317.65,-0.07,-52214.05,-522.14
2190,매수 청산,2025-04-02 22:30,XL1,3128.88,35.61,111419.4168,0,0.00,91.34,0.08,-665.02,-0.60,-52214.05,-522.14
2190,매수 진입,2025-04-02 18:40,L1,3128.88,35.61,111419.4168,0,0.00,91.34,0.08,-665.02,-0.60,-52214.05,-522.14
2191,매수 청산,2025-04-02 22:30,XL2,3128.88,43.53,135977.9257,222.22,0.16,222.22,0.16,-590.7,-0.43,-51991.84,-519.92
2191,매수 진입,2025-04-02 19:40,L2,3123.775,43.53,135977.9257,222.22,0.16,222.22,0.16,-590.7,-0.43,-51991.84,-519.92
2192,매수 청산,2025-04-02 22:30,XL3,3128.88,55.96,174520.7732,571.35,0.33,571.35,0.33,-473.7,-0.27,-51420.48,-514.20
2192,매수 진입,2025-04-02 19:40,L3,3118.67,55.96,174520.7732,571.35,0.33,571.35,0.33,-473.7,-0.27,-51420.48,-514.20
2193,매수 청산,2025-04-02 22:30,XL4,3128.88,78.35,243947.8177,1199.93,0.49,1199.93,0.49,-263.26,-0.11,-50220.55,-502.21
2193,매수 진입,2025-04-02 19:40,L4,3113.565,78.35,243947.8177,1199.93,0.49,1199.93,0.49,-263.26,-0.11,-50220.55,-502.21
2194,매수 청산,2025-04-03 05:20,XL1,3141.85,24.68,76995.5534,545.3,0.71,545.3,0.71,-369.34,-0.48,-49675.25,-496.75
2194,매수 진입,2025-04-02 22:50,L1,3119.755,24.68,76995.5534,545.3,0.71,545.3,0.71,-369.34,-0.48,-49675.25,-496.75
2195,매수 청산,2025-04-03 17:00,반대신호정리,3129.26,5.82,18360.354,-148.06,-0.81,49,0.27,-222.24,-1.21,-49823.31,-498.23
2195,매수 진입,2025-04-03 09:10,L1,3154.7,5.82,18360.354,-148.06,-0.81,49,0.27,-222.24,-1.21,-49823.31,-498.23
2196,매수 청산,2025-04-03 17:00,반대신호정리,3129.26,7.12,22239.2488,41.08,0.18,58.31,0.26,-49.66,-0.22,-49782.23,-497.82
2196,매수 진입,2025-04-03 15:20,L2,3123.49,7.12,22239.2488,41.08,0.18,58.31,0.26,-49.66,-0.22,-49782.23,-497.82
2197,매도 청산,2025-04-04 11:30,반대신호정리,3104.97,8.59,26709.8319,38.14,0.14,80.36,0.30,-92.26,-0.35,-49744.09,-497.44
2197,매도 진입,2025-04-04 01:50,S1,3109.41,8.59,26709.8319,38.14,0.14,80.36,0.30,-92.26,-0.35,-49744.09,-497.44
2198,매도 청산,2025-04-04 16:00,XS1,3095.92,44.13,136522.9952,-99.95,-0.07,40.16,0.03,-724.61,-0.53,-49844.04,-498.44
2198,매도 진입,2025-04-04 12:50,S1,3093.655,44.13,136522.9952,-99.95,-0.07,40.16,0.03,-724.61,-0.53,-49844.04,-498.44
2199,매도 청산,2025-04-04 16:00,XS2,3095.92,53.93,167063.0058,100.04,0.06,100.04,0.06,-663.34,-0.40,-49744,-497.44
2199,매도 진입,2025-04-04 12:50,S2,3097.775,53.93,167063.0058,100.04,0.06,100.04,0.06,-663.34,-0.40,-49744,-497.44
2200,매도 청산,2025-04-04 16:00,XS2,3095.92,53.93,167185.2111,222.25,0.13,222.25,0.13,-541.13,-0.32,-49521.76,-495.22
2200,매도 진입,2025-04-04 13:00,S2,3100.041,53.93,167185.2111,222.25,0.13,222.25,0.13,-541.13,-0.32,-49521.76,-495.22
2201,매도 청산,2025-04-04 16:00,XS3,3095.92,69.34,215242.5237,571.43,0.27,571.43,0.27,-410.08,-0.19,-48950.32,-489.50
2201,매도 진입,2025-04-04 13:40,S3,3104.161,69.34,215242.5237,571.43,0.27,571.43,0.27,-410.08,-0.19,-48950.32,-489.50
2202,매도 청산,2025-04-04 16:00,XS4,3095.92,97.08,301751.9195,1200.01,0.40,1200.01,0.40,-174.16,-0.06,-47750.32,-477.50
2202,매도 진입,2025-04-04 14:50,S4,3108.281,97.08,301751.9195,1200.01,0.40,1200.01,0.40,-174.16,-0.06,-47750.32,-477.50
2203,매도 청산,2025-04-04 17:00,XS1,3090.255,25.25,78210.73875,181.8,0.23,181.8,0.23,-151.5,-0.19,-47568.52,-475.69
2203,매도 진입,2025-04-04 16:20,S1,3097.455,25.25,78210.73875,181.8,0.23,181.8,0.23,-151.5,-0.19,-47568.52,-475.69
2204,매도 청산,2025-04-04 20:10,XS1,3129.36,25.25,78016.44,-999.9,-1.28,79.41,0.10,-999.9,-1.28,-48568.42,-485.68
2204,매도 진입,2025-04-04 18:10,S1,3089.76,25.25,78016.44,-999.9,-1.28,79.41,0.10,-999.9,-1.28,-48568.42,-485.68
2205,매도 청산,2025-04-04 20:10,XS2,3129.36,30.86,95572.1856,-999.86,-1.05,114.18,0.12,-999.86,-1.05,-49568.28,-495.68
2205,매도 진입,2025-04-04 19:00,S2,3096.96,30.86,95572.1856,-999.86,-1.05,114.18,0.12,-999.86,-1.05,-49568.28,-495.68
2206,매도 청산,2025-04-04 20:10,XS3,3129.36,39.68,123173.0688,-999.94,-0.81,0,0.00,-999.94,-0.81,-50568.22,-505.68
2206,매도 진입,2025-04-04 19:20,S3,3104.16,39.68,123173.0688,-999.94,-0.81,0,0.00,-999.94,-0.81,-50568.22,-505.68
2207,매도 청산,2025-04-04 20:10,XS4,3129.36,55.55,172836.048,-999.9,-0.58,369.69,0.21,-999.9,-0.58,-51568.12,-515.68
2207,매도 진입,2025-04-04 19:30,S4,3111.36,55.55,172836.048,-999.9,-0.58,369.69,0.21,-999.9,-0.58,-51568.12,-515.68
2208,매도 청산,2025-04-04 20:10,XS5,3129.36,92.59,288747.4704,-999.97,-0.35,0,0.00,-999.97,-0.35,-52568.09,-525.68
2208,매도 진입,2025-04-04 20:00,S5,3118.56,92.59,288747.4704,-999.97,-0.35,0,0.00,-999.97,-0.35,-52568.09,-525.68
2209,매도 청산,2025-04-04 20:10,XS6,3129.36,277.77,868242.3552,-999.97,-0.12,0,0.00,-999.97,-0.12,-53568.06,-535.68
2209,매도 진입,2025-04-04 20:00,S6,3125.76,277.77,868242.3552,-999.97,-0.12,0,0.00,-999.97,-0.12,-53568.06,-535.68
2210,매도 청산,2025-04-07 11:50,XS1,3026.61,8.72,26392.0392,0,0.00,491.76,1.86,-267.66,-1.01,-53568.06,-535.68
2210,매도 진입,2025-04-05 01:20,S1,3026.61,8.72,26392.0392,0,0.00,491.76,1.86,-267.66,-1.01,-53568.06,-535.68
2211,매도 청산,2025-04-07 11:50,XS2,3026.61,10.65,32455.449,222.05,0.68,222.05,0.68,-104.85,-0.32,-53346.01,-533.46
2211,매도 진입,2025-04-07 10:30,S2,3047.46,10.65,32455.449,222.05,0.68,222.05,0.68,-104.85,-0.32,-53346.01,-533.46
2212,매수 청산,2025-04-08 02:00,XL1,2968.725,14.27,43363.60465,-999.9,-2.31,13.06,0.03,-999.9,-2.31,-54345.91,-543.46
2212,매수 진입,2025-04-07 20:50,L1,3038.795,14.27,43363.60465,-999.9,-2.31,13.06,0.03,-999.9,-2.31,-54345.91,-543.46
2213,매수 청산,2025-04-08 02:00,XL2,2968.725,17.44,52774.3992,-999.84,-1.89,208.41,0.39,-999.84,-1.89,-55345.75,-553.46
2213,매수 진입,2025-04-07 21:00,L2,3026.055,17.44,52774.3992,-999.84,-1.89,208.41,0.39,-999.84,-1.89,-55345.75,-553.46
2214,매수 청산,2025-04-08 02:00,XL3,2968.725,22.42,67558.5223,-999.71,-1.48,553.55,0.82,-999.71,-1.48,-56345.45,-563.45
2214,매수 진입,2025-04-07 22:30,L3,3013.315,22.42,67558.5223,-999.71,-1.48,553.55,0.82,-999.71,-1.48,-56345.45,-563.45
2215,매수 청산,2025-04-08 02:00,XL4,2968.725,31.39,94188.04925,-999.77,-1.06,293.81,0.31,-999.77,-1.06,-57345.23,-573.45
2215,매수 진입,2025-04-07 23:30,L4,3000.575,31.39,94188.04925,-999.77,-1.06,293.81,0.31,-999.77,-1.06,-57345.23,-573.45
2216,매수 청산,2025-04-08 20:00,XL1,3011.755,33.63,101285.3207,0,0.00,73.31,0.07,-566.83,-0.56,-57345.23,-573.45
2216,매수 진입,2025-04-08 16:10,L1,3011.755,33.63,101285.3207,0,0.00,73.31,0.07,-566.83,-0.56,-57345.23,-573.45
2217,매수 청산,2025-04-08 20:00,XL2,3011.755,41.11,123591.0485,222.2,0.18,222.2,0.18,-470.71,-0.38,-57123.03,-571.23
2217,매수 진입,2025-04-08 16:30,L2,3006.35,41.11,123591.0485,222.2,0.18,222.2,0.18,-470.71,-0.38,-57123.03,-571.23
2218,매수 청산,2025-04-08 20:00,XL3,3011.755,52.86,158629.9527,571.42,0.36,571.42,0.36,-319.54,-0.20,-56551.61,-565.52
2218,매수 진입,2025-04-08 18:10,L3,3000.945,52.86,158629.9527,571.42,0.36,571.42,0.36,-319.54,-0.20,-56551.61,-565.52
2219,매수 청산,2025-04-08 20:00,XL4,3011.755,74,221669.96,1199.91,0.54,1199.91,0.54,-47.36,-0.02,-55351.7,-553.52
2219,매수 진입,2025-04-08 18:20,L4,2995.54,74,221669.96,1199.91,0.54,1199.91,0.54,-47.36,-0.02,-55351.7,-553.52
2220,매수 청산,2025-04-09 13:30,XL1,3008.665,105.09,316073.4131,107.19,0.03,477.11,0.15,-188.64,-0.06,-55244.51,-552.45
2220,매수 진입,2025-04-09 13:10,L1,3007.645,105.09,316073.4131,107.19,0.03,477.11,0.15,-188.64,-0.06,-55244.51,-552.45
2221,매수 청산,2025-04-09 13:30,XL2,3008.665,128.45,386109.7817,353.24,0.09,805.38,0.21,-8.35,0.00,-54891.27,-548.91
2221,매수 진입,2025-04-09 13:10,L2,3005.915,128.45,386109.7817,353.24,0.09,805.38,0.21,-8.35,0.00,-54891.27,-548.91
2222,매수 청산,2025-04-09 20:10,XL1,3050.665,16.81,51099.8785,181.8,0.36,181.8,0.36,-63.37,-0.12,-54709.47,-547.09
2222,매수 진입,2025-04-09 18:10,L1,3039.85,16.81,51099.8785,181.8,0.36,181.8,0.36,-63.37,-0.12,-54709.47,-547.09
2223,매수 청산,2025-04-10 10:50,XL1,3092.045,15.45,47772.09525,0,0.00,43.88,0.09,-208.5,-0.44,-54709.47,-547.09
2223,매수 진입,2025-04-10 10:10,L1,3092.045,15.45,47772.09525,0,0.00,43.88,0.09,-208.5,-0.44,-54709.47,-547.09
2224,매수 청산,2025-04-10 10:50,XL2,3092.045,18.88,58155.6864,222.12,0.38,222.12,0.38,-32.66,-0.06,-54487.35,-544.87
2224,매수 진입,2025-04-10 10:30,L2,3080.28,18.88,58155.6864,222.12,0.38,222.12,0.38,-32.66,-0.06,-54487.35,-544.87
2225,매수 청산,2025-04-11 14:30,XL1,3217.03,25.16,80817.8198,122.66,0.15,166.18,0.21,-201.53,-0.25,-54364.69,-543.65
2225,매수 진입,2025-04-11 13:20,L1,3212.155,25.16,80817.8198,122.66,0.15,166.18,0.21,-201.53,-0.25,-54364.69,-543.65
2226,매수 청산,2025-04-11 14:30,XL2,3217.03,30.75,98551.5975,372.08,0.38,425.27,0.43,-24.14,-0.02,-53992.62,-539.93
2226,매수 진입,2025-04-11 14:10,L2,3204.93,30.75,98551.5975,372.08,0.38,425.27,0.43,-24.14,-0.02,-53992.62,-539.93
2227,매수 청산,2025-04-14 21:10,반대신호정리,3225.16,7.79,25177.5916,-53.6,-0.21,48.38,0.19,-199.89,-0.79,-54046.21,-540.46
2227,매수 진입,2025-04-14 12:00,L1,3232.04,7.79,25177.5916,-53.6,-0.21,48.38,0.19,-199.89,-0.79,-54046.21,-540.46
2228,매도 청산,2025-04-15 18:40,반대신호정리,3225.28,16.94,54367.4054,-268.84,-0.49,136.03,0.25,-395.46,-0.73,-54315.05,-543.15
2228,매도 진입,2025-04-15 02:10,S1,3209.41,16.94,54367.4054,-268.84,-0.49,136.03,0.25,-395.46,-0.73,-54315.05,-543.15
2229,매도 청산,2025-04-15 18:40,반대신호정리,3225.28,20.71,66689.0994,-106.45,-0.16,61.82,0.09,-261.26,-0.39,-54421.5,-544.21
2229,매도 진입,2025-04-15 10:10,S2,3220.14,20.71,66689.0994,-106.45,-0.16,61.82,0.09,-261.26,-0.39,-54421.5,-544.21
2230,매수 청산,2025-04-15 20:10,XL1,3222.47,80.09,258174.1195,-86.5,-0.03,53.26,0.02,-311.55,-0.12,-54508,-545.08
2230,매수 진입,2025-04-15 19:50,L1,3223.55,80.09,258174.1195,-86.5,-0.03,53.26,0.02,-311.55,-0.12,-54508,-545.08
2231,매수 청산,2025-04-15 20:10,XL2,3222.47,97.89,315331.0992,116.49,0.04,287.31,0.09,-158.58,-0.05,-54391.51,-543.92
2231,매수 진입,2025-04-15 19:50,L2,3221.28,97.89,315331.0992,116.49,0.04,287.31,0.09,-158.58,-0.05,-54391.51,-543.92
2232,매수 청산,2025-04-15 20:10,XL2,3222.47,97.89,315208.8346,238.75,0.08,409.57,0.13,-36.32,-0.01,-54152.75,-541.53
2232,매수 진입,2025-04-15 19:50,L2,3220.031,97.89,315208.8346,238.75,0.08,409.57,0.13,-36.32,-0.01,-54152.75,-541.53
2233,매수 청산,2025-04-16 02:40,반대신호정리,3226.75,21.5,69214.305,160.82,0.23,176.3,0.25,-31.17,-0.05,-53991.93,-539.92
2233,매수 진입,2025-04-16 00:10,L1,3219.27,21.5,69214.305,160.82,0.23,176.3,0.25,-31.17,-0.05,-53991.93,-539.92
2234,매수 청산,2025-04-16 12:40,XL1,3277.865,34.53,112639.2771,545.4,0.48,545.4,0.48,0,0.00,-53446.53,-534.47
2234,매수 진입,2025-04-16 10:40,L1,3262.07,34.53,112639.2771,545.4,0.48,545.4,0.48,0,0.00,-53446.53,-534.47
2235,매도 청산,2025-04-17 21:30,XS1,3325.675,25.16,83673.983,0,0.00,81.77,0.10,-429.23,-0.51,-53446.53,-534.47
2235,매도 진입,2025-04-17 19:30,S1,3325.675,25.16,83673.983,0,0.00,81.77,0.10,-429.23,-0.51,-53446.53,-534.47
2236,매도 청산,2025-04-17 21:30,XS2,3325.675,30.75,102486.675,222.17,0.22,234.47,0.23,-302.43,-0.30,-53224.36,-532.24
2236,매도 진입,2025-04-17 21:10,S2,3332.9,30.75,102486.675,222.17,0.22,234.47,0.23,-302.43,-0.30,-53224.36,-532.24
2237,매도 청산,2025-04-17 21:30,XS3,3325.675,39.54,132068.5425,571.35,0.43,587.17,0.44,-103.2,-0.08,-52653.01,-526.53
2237,매도 진입,2025-04-17 21:10,S3,3340.125,39.54,132068.5425,571.35,0.43,587.17,0.44,-103.2,-0.08,-52653.01,-526.53
2238,매도 청산,2025-04-17 22:30,XS1,3322.755,25.16,83782.2968,181.78,0.22,211.22,0.25,-0.38,0.00,-52471.23,-524.71
2238,매도 진입,2025-04-17 22:10,S1,3329.98,25.16,83782.2968,181.78,0.22,211.22,0.25,-0.38,0.00,-52471.23,-524.71
2239,매도 청산,2025-04-21 09:30,XS1,3361.06,17.41,57516.3724,-999.68,-1.74,175.14,0.30,-999.68,-1.74,-53470.91,-534.71
2239,매도 진입,2025-04-18 00:20,S1,3303.64,17.41,57516.3724,-999.68,-1.74,175.14,0.30,-999.68,-1.74,-53470.91,-534.71
2240,매도 청산,2025-04-21 09:30,XS2,3361.06,21.28,70523.6224,-999.73,-1.42,64.27,0.09,-999.73,-1.42,-54470.64,-544.71
2240,매도 진입,2025-04-18 01:40,S2,3314.08,21.28,70523.6224,-999.73,-1.42,64.27,0.09,-999.73,-1.42,-54470.64,-544.71
2241,매도 청산,2025-04-21 09:30,XS3,3361.06,27.36,90958.8672,-999.73,-1.10,11.49,0.01,-999.73,-1.10,-55470.38,-554.70
2241,매도 진입,2025-04-18 05:20,S3,3324.52,27.36,90958.8672,-999.73,-1.10,11.49,0.01,-999.73,-1.10,-55470.38,-554.70
2242,매도 청산,2025-04-21 09:30,XS4,3361.06,38.31,127762.3176,-999.89,-0.78,136.19,0.11,-999.89,-0.78,-56470.27,-564.70
2242,매도 진입,2025-04-21 07:00,S4,3334.96,38.31,127762.3176,-999.89,-0.78,136.19,0.11,-999.89,-0.78,-56470.27,-564.70
2243,매도 청산,2025-04-21 09:30,XS5,3361.06,63.85,213603.79,-999.89,-0.47,291.48,0.14,-999.89,-0.47,-57470.16,-574.70
2243,매도 진입,2025-04-21 07:10,S5,3345.4,63.85,213603.79,-999.89,-0.47,291.48,0.14,-999.89,-0.47,-57470.16,-574.70
2244,매수 청산,2025-04-22 14:50,XL1,3489.445,25.57,89079.2318,145.88,0.16,177.33,0.20,-260.05,-0.29,-57324.28,-573.24
2244,매수 진입,2025-04-22 13:10,L1,3483.74,25.57,89079.2318,145.88,0.16,177.33,0.20,-260.05,-0.29,-57324.28,-573.24
2245,매수 청산,2025-04-22 14:50,XL2,3489.445,31.25,108644.6875,400.47,0.37,438.91,0.40,-95.62,-0.09,-56923.82,-569.24
2245,매수 진입,2025-04-22 14:30,L2,3476.63,31.25,108644.6875,400.47,0.37,438.91,0.40,-95.62,-0.09,-56923.82,-569.24
2246,매도 청산,2025-04-23 07:00,XS1,3317.325,8.76,29605.077,545.31,1.84,545.31,1.84,-29.17,-0.10,-56378.51,-563.79
2246,매도 진입,2025-04-23 05:10,S1,3379.575,8.76,29605.077,545.31,1.84,545.31,1.84,-29.17,-0.10,-56378.51,-563.79
2247,매도 청산,2025-04-24 11:30,반대신호정리,3354.2,9.12,29966.9064,-623.4,-2.08,71.96,0.24,-746.38,-2.49,-57001.9,-570.02
2247,매도 진입,2025-04-24 03:20,S1,3285.845,9.12,29966.9064,-623.4,-2.08,71.96,0.24,-746.38,-2.49,-57001.9,-570.02
2248,매도 청산,2025-04-24 11:30,반대신호정리,3354.2,11.14,36829.5641,-536.22,-1.46,7.69,0.02,-686.45,-1.86,-57538.13,-575.38
2248,매도 진입,2025-04-24 07:00,S2,3306.065,11.14,36829.5641,-536.22,-1.46,7.69,0.02,-686.45,-1.86,-57538.13,-575.38
2249,매도 청산,2025-04-24 11:30,반대신호정리,3354.2,14.33,47657.49595,-408.19,-0.86,0,0.00,-601.43,-1.26,-57946.32,-579.46
2249,매도 진입,2025-04-24 09:20,S3,3325.715,14.33,47657.49595,-408.19,-0.86,0,0.00,-601.43,-1.26,-57946.32,-579.46
2250,매수 청산,2025-04-25 02:10,XL1,3335.925,7.53,25119.51525,0,0.00,66.72,0.27,-219.65,-0.87,-57946.32,-579.46
2250,매수 진입,2025-04-24 12:20,L1,3335.925,7.53,25119.51525,0,0.00,66.72,0.27,-219.65,-0.87,-57946.32,-579.46
2251,매수 청산,2025-04-25 02:10,XL2,3335.925,9.2,30468.3944,222.12,0.73,222.12,0.73,-46.25,-0.15,-57724.2,-577.24
2251,매수 진입,2025-04-24 23:00,L2,3311.782,9.2,30468.3944,222.12,0.73,222.12,0.73,-46.25,-0.15,-57724.2,-577.24
2252,매수 청산,2025-04-25 15:40,반대신호정리,3304.5,13.35,44521.8495,-406.77,-0.91,473.99,1.06,-636.86,-1.43,-58130.98,-581.31
2252,매수 진입,2025-04-25 03:40,L1,3334.97,13.35,44521.8495,-406.77,-0.91,473.99,1.06,-636.86,-1.43,-58130.98,-581.31
2253,매수 청산,2025-04-25 15:40,반대신호정리,3304.5,16.32,54204.5136,-275.07,-0.51,95.23,0.18,-556.35,-1.03,-58406.05,-584.06
2253,매수 진입,2025-04-25 13:00,L2,3321.355,16.32,54204.5136,-275.07,-0.51,95.23,0.18,-556.35,-1.03,-58406.05,-584.06
2254,매도 청산,2025-04-25 16:40,XS1,3308.365,37.14,123054.4764,181.8,0.15,289.13,0.23,-47.17,-0.04,-58224.25,-582.24
2254,매도 진입,2025-04-25 16:20,S1,3313.26,37.14,123054.4764,181.8,0.15,289.13,0.23,-47.17,-0.04,-58224.25,-582.24
2255,매도 청산,2025-04-25 18:30,XS1,3302.835,37.14,122849.0922,181.8,0.15,241.41,0.20,-46.98,-0.04,-58042.45,-580.42
2255,매도 진입,2025-04-25 18:10,S1,3307.73,37.14,122849.0922,181.8,0.15,241.41,0.20,-46.98,-0.04,-58042.45,-580.42
2256,매도 청산,2025-04-28 15:50,XS1,3284.275,14.68,48213.157,0,0.00,57.03,0.12,-247.95,-0.51,-58042.45,-580.42
2256,매도 진입,2025-04-28 11:50,S1,3284.275,14.68,48213.157,0,0.00,57.03,0.12,-247.95,-0.51,-58042.45,-580.42
2257,매도 청산,2025-04-28 15:50,XS2,3284.275,17.95,59174.95725,222.22,0.38,222.22,0.38,-80.95,-0.14,-57820.23,-578.20
2257,매도 진입,2025-04-28 13:40,S2,3296.655,17.95,59174.95725,222.22,0.38,222.22,0.38,-80.95,-0.14,-57820.23,-578.20
2258,매도 청산,2025-04-28 19:00,XS1,3274.505,16.9,55520.894,181.76,0.33,181.76,0.33,-3.38,-0.01,-57638.47,-576.38
2258,매도 진입,2025-04-28 18:10,S1,3285.26,16.9,55520.894,181.76,0.33,181.76,0.33,-3.38,-0.01,-57638.47,-576.38
2259,매도 청산,2025-04-29 01:50,반대신호정리,3333.09,16.9,55650.0945,-679.13,-1.22,101.91,0.18,-784.58,-1.41,-58317.6,-583.18
2259,매도 진입,2025-04-28 20:40,S1,3292.905,16.9,55650.0945,-679.13,-1.22,101.91,0.18,-784.58,-1.41,-58317.6,-583.18
2260,매수 청산,2025-04-29 13:50,XL1,3307.65,23.19,77704.3563,-999.95,-1.29,56.35,0.07,-999.95,-1.29,-59317.55,-593.18
2260,매수 진입,2025-04-29 04:50,L1,3350.77,23.19,77704.3563,-999.95,-1.29,56.35,0.07,-999.95,-1.29,-59317.55,-593.18
2261,매수 청산,2025-04-29 13:50,XL2,3307.65,28.34,94738.6362,-999.84,-1.06,72.98,0.08,-999.84,-1.06,-60317.38,-603.17
2261,매수 진입,2025-04-29 05:40,L2,3342.93,28.34,94738.6362,-999.84,-1.06,72.98,0.08,-999.84,-1.06,-60317.38,-603.17
2262,매수 청산,2025-04-29 13:50,XL3,3307.65,36.44,121530.6796,-999.91,-0.82,292.25,0.24,-999.91,-0.82,-61317.3,-613.17
2262,매수 진입,2025-04-29 07:10,L3,3335.09,36.44,121530.6796,-999.91,-0.82,292.25,0.24,-999.91,-0.82,-61317.3,-613.17
2263,매수 청산,2025-04-29 13:50,XL4,3307.65,51.02,169756.295,-999.99,-0.59,657.39,0.39,-999.99,-0.59,-62317.29,-623.17
2263,매수 진입,2025-04-29 10:00,L4,3327.25,51.02,169756.295,-999.99,-0.59,657.39,0.39,-999.99,-0.59,-62317.29,-623.17
2264,매수 청산,2025-04-29 13:50,XL5,3307.65,85.03,282249.4323,-999.95,-0.35,352.45,0.12,-999.95,-0.35,-63317.24,-633.17
2264,매수 진입,2025-04-29 11:50,L5,3319.41,85.03,282249.4323,-999.95,-0.35,352.45,0.12,-999.95,-0.35,-63317.24,-633.17
2265,매수 청산,2025-04-29 13:50,XL6,3307.65,255.1,844781.507,-999.99,-0.12,1683.66,0.20,-999.99,-0.12,-64317.23,-643.17
2265,매수 진입,2025-04-29 12:10,L6,3311.57,255.1,844781.507,-999.99,-0.12,1683.66,0.20,-999.99,-0.12,-64317.23,-643.17
2266,매도 청산,2025-04-30 15:10,XS1,3307.35,28.63,94689.4305,0,0.00,4.87,0.01,-213.87,-0.23,-64317.23,-643.17
2266,매도 진입,2025-04-30 13:50,S1,3307.35,28.63,94689.4305,0,0.00,4.87,0.01,-213.87,-0.23,-64317.23,-643.17
2267,매도 청산,2025-04-30 15:10,XS2,3307.35,34.99,115946.363,222.19,0.19,222.19,0.19,-39.19,-0.03,-64095.05,-640.95
2267,매도 진입,2025-04-30 14:20,S2,3313.7,34.99,115946.363,222.19,0.19,222.19,0.19,-39.19,-0.03,-64095.05,-640.95
2268,매도 청산,2025-04-30 20:00,XS1,3272.66,50.5,165555.4125,286.08,0.17,287.85,0.17,-29.54,-0.02,-63808.96,-638.09
2268,매도 진입,2025-04-30 19:40,S1,3278.325,50.5,165555.4125,286.08,0.17,287.85,0.17,-29.54,-0.02,-63808.96,-638.09
2269,매도 청산,2025-05-01 12:50,XS1,3229.565,32.4,105183.198,545.29,0.52,545.29,0.52,-69.34,-0.07,-63263.67,-632.64
2269,매도 진입,2025-05-01 11:30,S1,3246.395,32.4,105183.198,545.29,0.52,545.29,0.52,-69.34,-0.07,-63263.67,-632.64
2270,매도 청산,2025-05-01 16:00,XS1,3234.65,32.4,104802.66,0,0.00,42.77,0.04,-279.61,-0.27,-63263.67,-632.64
2270,매도 진입,2025-05-01 14:40,S1,3234.65,32.4,104802.66,0,0.00,42.77,0.04,-279.61,-0.27,-63263.67,-632.64
2271,매도 청산,2025-05-01 16:00,XS2,3234.65,39.61,128346.6986,222.21,0.17,251.33,0.20,-119.62,-0.09,-63041.46,-630.41
2271,매도 진입,2025-05-01 15:00,S2,3240.26,39.61,128346.6986,222.21,0.17,251.33,0.20,-119.62,-0.09,-63041.46,-630.41
2272,매수 청산,2025-05-02 16:10,XL1,3255.55,21.77,70873.3235,0,0.00,151.3,0.21,-198.76,-0.28,-63041.46,-630.41
2272,매수 진입,2025-05-02 13:40,L1,3255.55,21.77,70873.3235,0,0.00,151.3,0.21,-198.76,-0.28,-63041.46,-630.41
2273,매수 청산,2025-05-02 16:10,XL2,3255.55,26.61,86407.992,222.19,0.26,238.96,0.28,-20.76,-0.02,-62819.27,-628.19
2273,매수 진입,2025-05-02 15:50,L2,3247.2,26.61,86407.992,222.19,0.26,238.96,0.28,-20.76,-0.02,-62819.27,-628.19
2274,매도 청산,2025-05-05 11:20,반대신호정리,3262.25,17.33,55961.6894,-573.1,-1.02,27.64,0.05,-728.21,-1.30,-63392.37,-633.92
2274,매도 진입,2025-05-03 04:10,S1,3229.18,17.33,55961.6894,-573.1,-1.02,27.64,0.05,-728.21,-1.30,-63392.37,-633.92
2275,매도 청산,2025-05-05 11:20,반대신호정리,3262.25,21.18,68616.2106,-478.24,-0.70,39.82,0.06,-667.81,-0.97,-63870.61,-638.71
2275,매도 진입,2025-05-03 05:10,S2,3239.67,21.18,68616.2106,-478.24,-0.70,39.82,0.06,-667.81,-0.97,-63870.61,-638.71
2276,매도 청산,2025-05-05 11:20,반대신호정리,3262.25,27.23,88501.8568,-329.21,-0.37,244.12,0.28,-572.92,-0.65,-64199.82,-642.00
2276,매도 진입,2025-05-05 08:40,S3,3250.16,27.23,88501.8568,-329.21,-0.37,244.12,0.28,-572.92,-0.65,-64199.82,-642.00
2277,매도 청산,2025-05-05 11:20,반대신호정리,3262.25,38.13,124328.5845,-61.01,-0.05,36.99,0.03,-402.27,-0.32,-64260.83,-642.61
2277,매도 진입,2025-05-05 10:10,S4,3260.65,38.13,124328.5845,-61.01,-0.05,36.99,0.03,-402.27,-0.32,-64260.83,-642.61
2278,매도 청산,2025-05-05 11:20,반대신호정리,3262.25,63.55,207880.947,564.96,0.27,728.28,0.35,-3.81,0.00,-63695.87,-636.96
2278,매도 진입,2025-05-05 10:30,S5,3271.14,63.55,207880.947,564.96,0.27,728.28,0.35,-3.81,0.00,-63695.87,-636.96
2279,매수 청산,2025-05-05 13:20,XL1,3259.375,48.35,157590.7813,0,0.00,87.51,0.06,-300.5,-0.19,-63695.87,-636.96
2279,매수 진입,2025-05-05 12:20,L1,3259.375,48.35,157590.7813,0,0.00,87.51,0.06,-300.5,-0.19,-63695.87,-636.96
2280,매수 청산,2025-05-05 13:20,XL2,3259.375,59.1,192406.8465,222.22,0.12,222.22,0.12,-145.09,-0.08,-63473.66,-634.74
2280,매수 진입,2025-05-05 12:30,L2,3255.615,59.1,192406.8465,222.22,0.12,222.22,0.12,-145.09,-0.08,-63473.66,-634.74
2281,매수 청산,2025-05-05 16:40,XL1,3266.325,48.35,157381.4257,545.39,0.35,545.39,0.35,-45.21,-0.03,-62928.27,-629.28
2281,매수 진입,2025-05-05 13:50,L1,3255.045,48.35,157381.4257,545.39,0.35,545.39,0.35,-45.21,-0.03,-62928.27,-629.28
2282,매수 청산,2025-05-06 11:40,XL2,3368.62,45.06,151971.8343,-181.82,-0.12,0,0.00,-181.82,-0.12,-63110.09,-631.10
2282,매수 진입,2025-05-06 11:40,L1,3372.655,45.06,151971.8343,-181.82,-0.12,0,0.00,-181.82,-0.12,-63110.09,-631.10
2283,매수 청산,2025-05-06 11:40,XL2,3368.62,10.01,33719.8862,0,0.00,0,0.00,0,0.00,-63110.09,-631.10
2283,매수 진입,2025-05-06 11:40,L2,3368.62,10.01,33719.8862,0,0.00,0,0.00,0,0.00,-63110.09,-631.10
2284,매수 청산,2025-05-06 11:50,XL1,3362.092,45.06,151790.0172,-294.15,-0.19,31.77,0.02,-506.02,-0.33,-63404.24,-634.04
2284,매수 진입,2025-05-06 11:40,L2,3368.62,45.06,151790.0172,-294.15,-0.19,31.77,0.02,-506.02,-0.33,-63404.24,-634.04
2285,매수 청산,2025-05-06 11:50,XL2,3362.092,55.07,185287.6959,-137.29,-0.07,40.2,0.02,-396.23,-0.21,-63541.53,-635.42
2285,매수 진입,2025-05-06 11:40,L2,3364.585,55.07,185287.6959,-137.29,-0.07,40.2,0.02,-396.23,-0.21,-63541.53,-635.42
2286,매수 청산,2025-05-06 11:50,XL2,3362.092,55.07,185074.0243,76.38,0.04,253.87,0.14,-182.56,-0.10,-63465.15,-634.65
2286,매수 진입,2025-05-06 11:40,L2,3360.705,55.07,185074.0243,76.38,0.04,253.87,0.14,-182.56,-0.10,-63465.15,-634.65
2287,매수 청산,2025-05-06 11:50,XL2,3362.092,55.07,185054.1441,96.26,0.05,96.26,0.05,-162.68,-0.09,-63368.88,-633.69
2287,매수 진입,2025-05-06 11:40,L2,3360.344,55.07,185054.1441,96.26,0.05,96.26,0.05,-162.68,-0.09,-63368.88,-633.69
2288,매수 청산,2025-05-06 11:50,XL2,3362.092,55.07,184891.4673,258.94,0.14,258.94,0.14,0,0.00,-63109.94,-631.10
2288,매수 진입,2025-05-06 11:40,L2,3357.39,55.07,184891.4673,258.94,0.14,258.94,0.14,0,0.00,-63109.94,-631.10
2289,매수 청산,2025-05-06 11:50,XL2,3362.092,55.07,184891.4673,258.94,0.14,258.94,0.14,0,0.00,-62851.01,-628.51
2289,매수 진입,2025-05-06 11:50,L2,3357.39,55.07,184891.4673,258.94,0.14,258.94,0.14,0,0.00,-62851.01,-628.51
2290,매수 청산,2025-05-08 15:10,XL1,3344.127,18.3,62197.491,-999.97,-1.61,52.25,0.08,-999.97,-1.61,-63850.97,-638.51
2290,매수 진입,2025-05-08 12:30,L1,3398.77,18.3,62197.491,-999.97,-1.61,52.25,0.08,-999.97,-1.61,-63850.97,-638.51
2291,매수 청산,2025-05-08 15:10,XL2,3344.127,22.36,75774.3506,-999.67,-1.32,93.69,0.12,-999.67,-1.32,-64850.64,-648.51
2291,매수 진입,2025-05-08 13:30,L2,3388.835,22.36,75774.3506,-999.67,-1.32,93.69,0.12,-999.67,-1.32,-64850.64,-648.51
2292,매수 청산,2025-05-08 15:10,XL3,3344.127,28.75,97143.375,-999.72,-1.03,11.5,0.01,-999.72,-1.03,-65850.37,-658.50
2292,매수 진입,2025-05-08 14:10,L3,3378.9,28.75,97143.375,-999.72,-1.03,11.5,0.01,-999.72,-1.03,-65850.37,-658.50
2293,매수 청산,2025-05-08 15:10,XL4,3344.127,40.26,135634.5309,-999.98,-0.74,151.58,0.11,-999.98,-0.74,-66850.34,-668.50
2293,매수 진입,2025-05-08 14:40,L4,3368.965,40.26,135634.5309,-999.98,-0.74,151.58,0.11,-999.98,-0.74,-66850.34,-668.50
2294,매수 청산,2025-05-08 15:10,XL5,3344.127,67.1,225390.913,-999.99,-0.44,198.95,0.09,-999.99,-0.44,-67850.34,-678.50
2294,매수 진입,2025-05-08 14:50,L5,3359.03,67.1,225390.913,-999.99,-0.44,198.95,0.09,-999.99,-0.44,-67850.34,-678.50
2295,매수 청산,2025-05-08 15:10,XL6,3344.127,201.3,674172.8235,-1000.06,-0.15,0,0.00,-1000.06,-0.15,-68850.4,-688.50
2295,매수 진입,2025-05-08 15:10,L6,3349.095,201.3,674172.8235,-1000.06,-0.15,0,0.00,-1000.06,-0.15,-68850.4,-688.50
2296,매수 청산,2025-05-09 20:00,XL1,3330.6,31.45,104565.589,181.78,0.17,181.78,0.17,-88.06,-0.08,-68668.62,-686.69
2296,매수 진입,2025-05-09 19:10,L1,3324.82,31.45,104565.589,181.78,0.17,181.78,0.17,-88.06,-0.08,-68668.62,-686.69
2297,매도 청산,2025-05-13 17:30,반대신호정리,3254.165,5.68,18363.9228,-119.73,-0.65,143.68,0.78,-185.74,-1.01,-68788.35,-687.88
2297,매도 진입,2025-05-12 17:40,S1,3233.085,5.68,18363.9228,-119.73,-0.65,143.68,0.78,-185.74,-1.01,-68788.35,-687.88
2298,매수 청산,2025-05-13 23:00,XL1,3227.082,35.96,117045.6646,-999.8,-0.85,136.11,0.12,-999.8,-0.85,-69788.14,-697.88
2298,매수 진입,2025-05-13 20:20,L1,3254.885,35.96,117045.6646,-999.8,-0.85,136.11,0.12,-999.8,-0.85,-69788.14,-697.88
2299,매수 청산,2025-05-13 23:00,XL2,3227.082,43.96,142862.5268,-1000,-0.70,47.48,0.03,-1000,-0.70,-70788.15,-707.88
2299,매수 진입,2025-05-13 20:50,L2,3249.83,43.96,142862.5268,-1000,-0.70,47.48,0.03,-1000,-0.70,-70788.15,-707.88
2300,매수 청산,2025-05-13 23:00,XL3,3227.082,56.52,183394.683,-1000.01,-0.55,242.75,0.13,-1000.01,-0.55,-71788.16,-717.88
2300,매수 진입,2025-05-13 21:00,L3,3244.775,56.52,183394.683,-1000.01,-0.55,242.75,0.13,-1000.01,-0.55,-71788.16,-717.88
2301,매수 청산,2025-05-13 23:00,XL4,3227.082,79.12,256326.6464,-999.92,-0.39,739.77,0.29,-999.92,-0.39,-72788.07,-727.88
2301,매수 진입,2025-05-13 21:10,L4,3239.72,79.12,256326.6464,-999.92,-0.39,739.77,0.29,-999.92,-0.39,-72788.07,-727.88
2302,매수 청산,2025-05-13 23:00,XL5,3227.082,131.88,426587.6202,-1000.05,-0.23,596.76,0.14,-1000.05,-0.23,-73788.12,-737.88
2302,매수 진입,2025-05-13 22:40,L5,3234.665,131.88,426587.6202,-1000.05,-0.23,596.76,0.14,-1000.05,-0.23,-73788.12,-737.88
2303,매수 청산,2025-05-13 23:00,XL6,3227.082,395.64,1277762.9,-1000.18,-0.08,581.59,0.05,-1000.18,-0.08,-74788.3,-747.88
2303,매수 진입,2025-05-13 22:50,L6,3229.61,395.64,1277762.9,-1000.18,-0.08,581.59,0.05,-1000.18,-0.08,-74788.3,-747.88
2304,매수 청산,2025-05-14 10:30,반대신호정리,3250.645,21.3,69128.937,109.8,0.16,248.15,0.36,-143.35,-0.21,-74678.49,-746.78
2304,매수 진입,2025-05-14 02:20,L1,3245.49,21.3,69128.937,109.8,0.16,248.15,0.36,-143.35,-0.21,-74678.49,-746.78
2305,매도 청산,2025-05-15 11:40,XS1,3157.305,17.54,55924.536,545.41,0.98,545.41,0.98,-175.31,-0.31,-74133.09,-741.33
2305,매도 진입,2025-05-14 22:40,S1,3188.4,17.54,55924.536,545.41,0.98,545.41,0.98,-175.31,-0.31,-74133.09,-741.33
2306,매도 청산,2025-05-15 15:30,XS2,3147.52,26.12,82031.4272,-181.8,-0.22,68.57,0.08,-181.8,-0.22,-74314.88,-743.15
2306,매도 진입,2025-05-15 15:30,S1,3140.56,26.12,82031.4272,-181.8,-0.22,68.57,0.08,-181.8,-0.22,-74314.88,-743.15
2307,매도 청산,2025-05-15 15:30,XS2,3147.52,5.8,18255.616,0,0.00,0,0.00,0,0.00,-74314.88,-743.15
2307,매도 진입,2025-05-15 15:30,S2,3147.52,5.8,18255.616,0,0.00,0,0.00,0,0.00,-74314.88,-743.15
2308,매도 청산,2025-05-15 21:20,XS1,3185.8,26.12,82213.2224,-999.87,-1.22,438.95,0.53,-999.87,-1.22,-75314.76,-753.15
2308,매도 진입,2025-05-15 15:30,S2,3147.52,26.12,82213.2224,-999.87,-1.22,438.95,0.53,-999.87,-1.22,-75314.76,-753.15
2309,매도 청산,2025-05-15 21:20,XS2,3185.8,31.92,100691.0016,-999.73,-0.99,0,0.00,-999.73,-0.99,-76314.49,-763.14
2309,매도 진입,2025-05-15 17:30,S2,3154.48,31.92,100691.0016,-999.73,-0.99,0,0.00,-999.73,-0.99,-76314.49,-763.14
2310,매도 청산,2025-05-15 21:20,XS3,3185.8,41.05,129777.112,-999.98,-0.77,85.79,0.07,-999.98,-0.77,-77314.47,-773.14
2310,매도 진입,2025-05-15 17:50,S3,3161.44,41.05,129777.112,-999.98,-0.77,85.79,0.07,-999.98,-0.77,-77314.47,-773.14
2311,매도 청산,2025-05-15 21:20,XS4,3185.8,57.47,182087.948,-999.98,-0.55,239.94,0.13,-999.98,-0.55,-78314.45,-783.14
2311,매도 진입,2025-05-15 18:10,S4,3168.4,57.47,182087.948,-999.98,-0.55,239.94,0.13,-999.98,-0.55,-78314.45,-783.14
2312,매도 청산,2025-05-15 21:20,XS5,3185.8,95.78,304135.9808,-999.94,-0.33,269.14,0.09,-999.94,-0.33,-79314.39,-793.14
2312,매도 진입,2025-05-15 19:10,S5,3175.36,95.78,304135.9808,-999.94,-0.33,269.14,0.09,-999.94,-0.33,-79314.39,-793.14
2313,매도 청산,2025-05-16 19:10,XS1,3203.28,25.64,82313.8868,181.79,0.22,181.79,0.22,-67.82,-0.08,-79132.6,-791.33
2313,매도 진입,2025-05-16 18:30,S1,3210.37,25.64,82313.8868,181.79,0.22,181.79,0.22,-67.82,-0.08,-79132.6,-791.33
2314,매도 청산,2025-05-19 08:50,반대신호정리,3227.36,11.58,36808.9986,-563.83,-1.53,37.46,0.10,-772.1,-2.10,-79696.44,-796.96
2314,매도 진입,2025-05-17 00:20,S1,3178.67,11.58,36808.9986,-563.83,-1.53,37.46,0.10,-772.1,-2.10,-79696.44,-796.96
2315,매도 청산,2025-05-19 08:50,반대신호정리,3227.36,14.16,45232.1376,-467.28,-1.03,48,0.11,-721.95,-1.60,-80163.71,-801.64
2315,매도 진입,2025-05-17 04:10,S2,3194.36,14.16,45232.1376,-467.28,-1.03,48,0.11,-721.95,-1.60,-80163.71,-801.64
2316,매도 청산,2025-05-19 08:50,반대신호정리,3227.36,18.2,58531.018,-206.93,-0.35,71.25,0.12,-534.26,-0.91,-80370.65,-803.71
2316,매도 진입,2025-05-19 07:00,S3,3215.99,18.2,58531.018,-206.93,-0.35,71.25,0.12,-534.26,-0.91,-80370.65,-803.71
2317,매도 청산,2025-05-19 08:50,반대신호정리,3227.36,25.49,82224.1126,-41.29,-0.05,0,0.00,-499.73,-0.61,-80411.95,-804.12
2317,매도 진입,2025-05-19 07:10,S4,3225.74,25.49,82224.1126,-41.29,-0.05,0,0.00,-499.73,-0.61,-80411.95,-804.12
2318,매수 청산,2025-05-19 18:00,XL1,3246.405,10.23,33210.72315,0,0.00,5.58,0.02,-405.93,-1.22,-80411.95,-804.12
2318,매수 진입,2025-05-19 10:00,L1,3246.405,10.23,33210.72315,0,0.00,5.58,0.02,-405.93,-1.22,-80411.95,-804.12
2319,매수 청산,2025-05-19 18:00,XL2,3246.405,12.51,40390.34895,222.18,0.55,222.18,0.55,-274.22,-0.68,-80189.77,-801.90
2319,매수 진입,2025-05-19 10:10,L2,3228.645,12.51,40390.34895,222.18,0.55,222.18,0.55,-274.22,-0.68,-80189.77,-801.90
2320,매수 청산,2025-05-19 18:00,XL3,3246.405,16.08,51631.0308,571.16,1.11,571.16,1.11,-66.89,-0.13,-79618.6,-796.19
2320,매수 진입,2025-05-19 12:40,L3,3210.885,16.08,51631.0308,571.16,1.11,571.16,1.11,-66.89,-0.13,-79618.6,-796.19
2321,매수 청산,2025-05-20 03:30,반대신호정리,3234.01,27.01,87594.91555,-244.31,-0.28,149.5,0.17,-695.91,-0.79,-79862.91,-798.63
2321,매수 진입,2025-05-19 20:10,L1,3243.055,27.01,87594.91555,-244.31,-0.28,149.5,0.17,-695.91,-0.79,-79862.91,-798.63
2322,매수 청산,2025-05-20 03:30,반대신호정리,3234.01,33.01,106831.0882,-76.42,-0.07,179.08,0.17,-628.35,-0.59,-79939.33,-799.39
2322,매수 진입,2025-05-19 21:50,L2,3236.325,33.01,106831.0882,-76.42,-0.07,179.08,0.17,-628.35,-0.59,-79939.33,-799.39
2323,매수 청산,2025-05-20 03:30,반대신호정리,3234.01,42.45,137096.3078,187.42,0.14,515.98,0.38,-522.35,-0.38,-79751.91,-797.52
2323,매수 진입,2025-05-19 21:50,L3,3229.595,42.45,137096.3078,187.42,0.14,515.98,0.38,-522.35,-0.38,-79751.91,-797.52
2324,매수 청산,2025-05-20 03:30,반대신호정리,3234.01,59.43,191534.8669,662.35,0.35,1013.28,0.53,-331.32,-0.17,-79089.56,-790.90
2324,매수 진입,2025-05-19 23:00,L4,3222.865,59.43,191534.8669,662.35,0.35,1013.28,0.53,-331.32,-0.17,-79089.56,-790.90
2325,매도 청산,2025-05-20 14:20,XS1,3214.555,44.34,142533.3687,0,0.00,15.74,0.01,-236.33,-0.17,-79089.56,-790.90
2325,매도 진입,2025-05-20 13:50,S1,3214.555,44.34,142533.3687,0,0.00,15.74,0.01,-236.33,-0.17,-79089.56,-790.90
2326,매도 청산,2025-05-20 14:20,XS2,3214.555,54.2,174451.101,222.22,0.13,229.54,0.13,-66.67,-0.04,-78867.34,-788.67
2326,매도 진입,2025-05-20 14:00,S2,3218.655,54.2,174451.101,222.22,0.13,229.54,0.13,-66.67,-0.04,-78867.34,-788.67
2327,매도 청산,2025-05-20 17:20,XS1,3218.916,35.44,113978.4068,-99.98,-0.09,47.67,0.04,-331.72,-0.29,-78967.32,-789.67
2327,매도 진입,2025-05-20 16:30,S1,3216.095,35.44,113978.4068,-99.98,-0.09,47.67,0.04,-331.72,-0.29,-78967.32,-789.67
2328,매도 청산,2025-05-20 17:20,XS2,3218.916,43.31,139511.2547,100,0.07,100,0.07,-183.2,-0.13,-78867.31,-788.67
2328,매도 진입,2025-05-20 16:30,S2,3221.225,43.31,139511.2547,100,0.07,100,0.07,-183.2,-0.13,-78867.31,-788.67
2329,매도 청산,2025-05-20 17:20,XS2,3218.916,43.31,139633.4756,222.22,0.16,222.22,0.16,-60.98,-0.04,-78645.09,-786.45
2329,매도 진입,2025-05-20 16:40,S2,3224.047,43.31,139633.4756,222.22,0.16,222.22,0.16,-60.98,-0.04,-78645.09,-786.45
2330,매수 청산,2025-05-20 22:30,XL1,3241.155,35.44,114684.726,181.81,0.16,181.81,0.16,-70.53,-0.06,-78463.29,-784.63
2330,매수 진입,2025-05-20 22:10,L1,3236.025,35.44,114684.726,181.81,0.16,181.81,0.16,-70.53,-0.06,-78463.29,-784.63
2331,매수 청산,2025-05-21 07:10,XL1,3302.725,20.33,66599.14865,545.25,0.82,545.25,0.82,-12.1,-0.02,-77918.03,-779.18
2331,매수 진입,2025-05-21 00:10,L1,3275.905,20.33,66599.14865,545.25,0.82,545.25,0.82,-12.1,-0.02,-77918.03,-779.18
2332,매수 청산,2025-05-21 22:00,XL1,3306.105,17.62,58253.5701,0,0.00,259.72,0.45,-271,-0.47,-77918.03,-779.18
2332,매수 진입,2025-05-21 13:10,L1,3306.105,17.62,58253.5701,0,0.00,259.72,0.45,-271,-0.47,-77918.03,-779.18
2333,매수 청산,2025-05-21 22:00,XL2,3306.105,21.54,70991.3166,222.19,0.31,222.19,0.31,-109.1,-0.15,-77695.85,-776.96
2333,매수 진입,2025-05-21 21:20,L2,3295.79,21.54,70991.3166,222.19,0.31,222.19,0.31,-109.1,-0.15,-77695.85,-776.96
2334,매수 청산,2025-05-22 16:50,XL1,3330.685,26.42,87996.6977,0,0.00,136.86,0.16,-212.95,-0.24,-77695.85,-776.96
2334,매수 진입,2025-05-22 14:50,L1,3330.685,26.42,87996.6977,0,0.00,136.86,0.16,-212.95,-0.24,-77695.85,-776.96
2335,매수 청산,2025-05-22 16:50,XL2,3330.685,32.29,107325.6634,222.16,0.21,244.92,0.23,-38.1,-0.04,-77473.7,-774.74
2335,매수 진입,2025-05-22 16:10,L2,3323.805,32.29,107325.6634,222.16,0.21,244.92,0.23,-38.1,-0.04,-77473.7,-774.74
2336,매도 청산,2025-05-22 21:20,XS1,3309.515,48.67,161306.4943,232.4,0.14,424.4,0.26,-16.79,-0.01,-77241.3,-772.41
2336,매도 진입,2025-05-22 21:00,S1,3314.29,48.67,161306.4943,232.4,0.14,424.4,0.26,-16.79,-0.01,-77241.3,-772.41
2337,매도 청산,2025-05-23 09:50,XS1,3295.92,23.01,75927.13245,88.01,0.12,244.71,0.32,-213.19,-0.28,-77153.28,-771.53
2337,매도 진입,2025-05-23 01:30,S1,3299.745,23.01,75927.13245,88.01,0.12,244.71,0.32,-213.19,-0.28,-77153.28,-771.53
2338,매도 청산,2025-05-23 09:50,XS2,3295.92,28.12,93010.9774,329.71,0.35,338.42,0.36,-38.38,-0.04,-76823.58,-768.24
2338,매도 진입,2025-05-23 09:30,S2,3307.645,28.12,93010.9774,329.71,0.35,338.42,0.36,-38.38,-0.04,-76823.58,-768.24
2339,매수 청산,2025-05-23 19:30,XL1,3330.415,28.95,96233.70825,181.81,0.19,181.81,0.19,-2.03,0.00,-76641.77,-766.42
2339,매수 진입,2025-05-23 19:10,L1,3324.135,28.95,96233.70825,181.81,0.19,181.81,0.19,-2.03,0.00,-76641.77,-766.42
2340,매수 청산,2025-05-23 20:40,XL1,3334.715,28.95,96358.19325,181.81,0.19,181.81,0.19,-112.62,-0.12,-76459.96,-764.60
2340,매수 진입,2025-05-23 20:20,L1,3328.435,28.95,96358.19325,181.81,0.19,181.81,0.19,-112.62,-0.12,-76459.96,-764.60
2341,매수 청산,2025-05-23 22:30,XL2,3344.85,28.95,97015.2135,-181.81,-0.19,44.58,0.05,-181.81,-0.19,-76641.77,-766.42
2341,매수 진입,2025-05-23 22:30,L1,3351.13,28.95,97015.2135,-181.81,-0.19,44.58,0.05,-181.81,-0.19,-76641.77,-766.42
2342,매수 청산,2025-05-23 22:30,XL2,3344.85,6.43,21507.3855,0,0.00,0,0.00,0,0.00,-76641.77,-766.42
2342,매수 진입,2025-05-23 22:30,L2,3344.85,6.43,21507.3855,0,0.00,0,0.00,0,0.00,-76641.77,-766.42
2343,매수 청산,2025-05-23 22:50,XL1,3343.5,28.95,96833.4075,-39.08,-0.04,123.47,0.13,-218.86,-0.23,-76680.85,-766.81
2343,매수 진입,2025-05-23 22:30,L2,3344.85,28.95,96833.4075,-39.08,-0.04,123.47,0.13,-218.86,-0.23,-76680.85,-766.81
2344,매수 청산,2025-05-23 22:50,XL2,3343.5,35.38,118118.6066,174.42,0.15,373.08,0.32,-45.29,-0.04,-76506.43,-765.06
2344,매수 진입,2025-05-23 22:30,L2,3338.57,35.38,118118.6066,174.42,0.15,373.08,0.32,-45.29,-0.04,-76506.43,-765.06
2345,매도 청산,2025-05-26 17:40,XS1,3332.735,38.15,127325.625,181.78,0.14,181.78,0.14,-86.03,-0.07,-76324.64,-763.25
2345,매도 진입,2025-05-26 17:00,S1,3337.5,38.15,127325.625,181.78,0.14,181.78,0.14,-86.03,-0.07,-76324.64,-763.25
2346,매도 청산,2025-05-26 21:20,XS1,3327.17,38.15,126931.5355,0,0.00,86.41,0.07,-302.34,-0.24,-76324.64,-763.25
2346,매도 진입,2025-05-26 18:30,S1,3327.17,38.15,126931.5355,0,0.00,86.41,0.07,-302.34,-0.24,-76324.64,-763.25
2347,매도 청산,2025-05-26 21:20,XS2,3327.17,46.63,155368.1291,222.19,0.14,222.19,0.14,-147.35,-0.09,-76102.45,-761.02
2347,매도 진입,2025-05-26 19:00,S2,3331.935,46.63,155368.1291,222.19,0.14,222.19,0.14,-147.35,-0.09,-76102.45,-761.02
2348,매도 청산,2025-05-27 08:20,반대신호정리,3346.89,38.15,127350.6133,-333.24,-0.26,134.67,0.11,-411.64,-0.32,-76435.7,-764.36
2348,매도 진입,2025-05-26 22:30,S1,3338.155,38.15,127350.6133,-333.24,-0.26,134.67,0.11,-411.64,-0.32,-76435.7,-764.36
2349,매도 청산,2025-05-27 08:20,반대신호정리,3346.89,46.63,155880.3596,-185.12,-0.12,109.58,0.07,-280.95,-0.18,-76620.81,-766.21
2349,매도 진입,2025-05-27 01:40,S2,3342.92,46.63,155880.3596,-185.12,-0.12,109.58,0.07,-280.95,-0.18,-76620.81,-766.21
2350,매도 청산,2025-05-28 15:00,XS1,3303.494,32.26,106470.7427,-99.97,-0.09,2.74,0.00,-322.92,-0.30,-76720.79,-767.21
2350,매도 진입,2025-05-28 14:10,S1,3300.395,32.26,106470.7427,-99.97,-0.09,2.74,0.00,-322.92,-0.30,-76720.79,-767.21
2351,매도 청산,2025-05-28 15:00,XS2,3303.494,39.43,130356.7629,99.99,0.08,99.99,0.08,-172.51,-0.13,-76620.79,-766.21
2351,매도 진입,2025-05-28 14:10,S2,3306.03,39.43,130356.7629,99.99,0.08,99.99,0.08,-172.51,-0.13,-76620.79,-766.21
2352,매도 청산,2025-05-28 15:00,XS2,3303.494,39.43,130478.9959,222.23,0.17,222.23,0.17,-50.27,-0.04,-76398.56,-763.99
2352,매도 진입,2025-05-28 14:20,S2,3309.13,39.43,130478.9959,222.23,0.17,222.23,0.17,-50.27,-0.04,-76398.56,-763.99
2353,매수 청산,2025-05-28 17:50,XL1,3323.58,35.96,119334.159,181.78,0.15,181.78,0.15,-119.39,-0.10,-76216.79,-762.17
2353,매수 진입,2025-05-28 17:30,L1,3318.525,35.96,119334.159,181.78,0.15,181.78,0.15,-119.39,-0.10,-76216.79,-762.17
2354,매수 청산,2025-05-29 01:20,반대신호정리,3298.82,35.96,119361.129,-735.56,-0.62,68.32,0.06,-957.43,-0.80,-76952.35,-769.52
2354,매수 진입,2025-05-28 19:20,L1,3319.275,35.96,119361.129,-735.56,-0.62,68.32,0.06,-957.43,-0.80,-76952.35,-769.52
2355,매수 청산,2025-05-29 01:20,반대신호정리,3298.82,43.96,145693.1112,-676.98,-0.46,100.45,0.07,-948.22,-0.65,-77629.34,-776.29
2355,매수 진입,2025-05-28 19:40,L2,3314.22,43.96,145693.1112,-676.98,-0.46,100.45,0.07,-948.22,-0.65,-77629.34,-776.29
2356,매수 청산,2025-05-29 01:20,반대신호정리,3298.82,56.52,187034.0058,-584.7,-0.31,414.86,0.22,-933.43,-0.50,-78214.03,-782.14
2356,매수 진입,2025-05-28 20:40,L3,3309.165,56.52,187034.0058,-584.7,-0.31,414.86,0.22,-933.43,-0.50,-78214.03,-782.14
2357,매수 청산,2025-05-29 01:20,반대신호정리,3298.82,79.12,261421.1832,-418.54,-0.16,400.35,0.15,-906.72,-0.35,-78632.58,-786.33
2357,매수 진입,2025-05-28 22:30,L4,3304.11,79.12,261421.1832,-418.54,-0.16,400.35,0.15,-906.72,-0.35,-78632.58,-786.33
2358,매수 청산,2025-05-29 01:20,반대신호정리,3298.82,131.88,435079.3734,-30.99,-0.01,1333.97,0.31,-844.69,-0.19,-78663.57,-786.64
2358,매수 진입,2025-05-28 22:40,L5,3299.055,131.88,435079.3734,-30.99,-0.01,1333.97,0.31,-844.69,-0.19,-78663.57,-786.64
2359,매도 청산,2025-05-29 05:50,XS1,3280.11,29.75,98128.59,545.32,0.56,545.32,0.56,-139.82,-0.14,-78118.25,-781.18
2359,매도 진입,2025-05-29 02:20,S1,3298.44,29.75,98128.59,545.32,0.56,545.32,0.56,-139.82,-0.14,-78118.25,-781.18
2360,매도 청산,2025-05-30 04:20,반대신호정리,3317.85,9.62,31480.007,-437.71,-1.39,60.32,0.19,-568.73,-1.81,-78555.96,-785.56
2360,매도 진입,2025-05-29 11:50,S1,3272.35,9.62,31480.007,-437.71,-1.39,60.32,0.19,-568.73,-1.81,-78555.96,-785.56
2361,매도 청산,2025-05-30 04:20,반대신호정리,3317.85,11.76,38704.9236,-312.99,-0.81,0,0.00,-473.16,-1.22,-78868.95,-788.69
2361,매도 진입,2025-05-29 19:10,S2,3291.235,11.76,38704.9236,-312.99,-0.81,0,0.00,-473.16,-1.22,-78868.95,-788.69
2362,매수 청산,2025-05-30 14:00,반대신호정리,3296.245,23.55,78084.9705,-458.4,-0.59,169.91,0.22,-574.86,-0.74,-79327.35,-793.27
2362,매수 진입,2025-05-30 05:20,L1,3315.71,23.55,78084.9705,-458.4,-0.59,169.91,0.22,-574.86,-0.74,-79327.35,-793.27
2363,매수 청산,2025-05-30 14:00,반대신호정리,3296.245,28.78,95203.9522,-338.02,-0.36,43.75,0.05,-480.34,-0.50,-79665.37,-796.65
2363,매수 진입,2025-05-30 11:00,L2,3307.99,28.78,95203.9522,-338.02,-0.36,43.75,0.05,-480.34,-0.50,-79665.37,-796.65
2364,매수 청산,2025-05-30 14:00,반대신호정리,3296.245,37,122109.99,-148.93,-0.12,134.87,0.11,-331.89,-0.27,-79814.3,-798.14
2364,매수 진입,2025-05-30 11:20,L3,3300.27,37,122109.99,-148.93,-0.12,134.87,0.11,-331.89,-0.27,-79814.3,-798.14
2365,매도 청산,2025-05-30 20:50,XS1,3290.09,21.39,70556.8401,181.82,0.26,181.82,0.26,-44.6,-0.06,-79632.48,-796.32
2365,매도 진입,2025-05-30 18:20,S1,3298.59,21.39,70556.8401,181.82,0.26,181.82,0.26,-44.6,-0.06,-79632.48,-796.32
2366,매수 청산,2025-06-02 20:20,XL1,3352.695,32.29,108076.7288,181.79,0.17,181.79,0.17,-31.48,-0.03,-79450.7,-794.51
2366,매수 진입,2025-06-02 19:50,L1,3347.065,32.29,108076.7288,181.79,0.17,181.79,0.17,-31.48,-0.03,-79450.7,-794.51
2367,매도 청산,2025-06-03 14:40,XS2,3363.93,38.89,130641.427,-181.81,-0.14,112.78,0.09,-181.81,-0.14,-79632.5,-796.32
2367,매도 진입,2025-06-03 14:30,S1,3359.255,38.89,130641.427,-181.81,-0.14,112.78,0.09,-181.81,-0.14,-79632.5,-796.32
2368,매도 청산,2025-06-03 14:40,XS2,3363.93,8.64,29064.3552,0,0.00,0,0.00,0,0.00,-79632.5,-796.32
2368,매도 진입,2025-06-03 14:40,S2,3363.93,8.64,29064.3552,0,0.00,0,0.00,0,0.00,-79632.5,-796.32
2369,매도 청산,2025-06-03 22:40,XS1,3345.23,38.89,130823.2377,727.24,0.56,727.24,0.56,-155.37,-0.12,-78905.26,-789.05
2369,매도 진입,2025-06-03 14:40,S2,3363.93,38.89,130823.2377,727.24,0.56,727.24,0.56,-155.37,-0.12,-78905.26,-789.05
2370,매도 청산,2025-06-04 09:00,XS1,3353.66,23.36,78341.4976,0,0.00,54.55,0.07,-188.05,-0.24,-78905.26,-789.05
2370,매도 진입,2025-06-04 04:00,S1,3353.66,23.36,78341.4976,0,0.00,54.55,0.07,-188.05,-0.24,-78905.26,-789.05
2371,매도 청산,2025-06-04 09:00,XS2,3353.66,28.56,96002.7264,222.2,0.23,222.2,0.23,-7.71,-0.01,-78683.06,-786.83
2371,매도 진입,2025-06-04 08:10,S2,3361.44,28.56,96002.7264,222.2,0.23,222.2,0.23,-7.71,-0.01,-78683.06,-786.83
2372,매수 청산,2025-06-04 16:00,XL1,3357.645,46.8,157501.422,-363.64,-0.23,125.66,0.08,-809.87,-0.51,-79046.7,-790.47
2372,매수 진입,2025-06-04 11:40,L1,3365.415,46.8,157501.422,-363.64,-0.23,125.66,0.08,-809.87,-0.51,-79046.7,-790.47
2373,매수 청산,2025-06-04 16:00,XL2,3357.645,57.2,192279.516,-222.22,-0.12,57.2,0.03,-767.62,-0.40,-79268.92,-792.69
2373,매수 진입,2025-06-04 12:30,L2,3361.53,57.2,192279.516,-222.22,-0.12,57.2,0.03,-767.62,-0.40,-79268.92,-792.69
2374,매수 청산,2025-06-04 16:00,XL3,3357.645,73.54,246921.2133,0,0.00,287.54,0.12,-701.2,-0.28,-79268.92,-792.69
2374,매수 진입,2025-06-04 13:00,L3,3357.645,73.54,246921.2133,0,0.00,287.54,0.12,-701.2,-0.28,-79268.92,-792.69
2375,매수 청산,2025-06-04 16:00,XL4,3357.645,102.96,345303.1296,400,0.12,488.55,0.14,-581.72,-0.17,-78868.92,-788.69
2375,매수 진입,2025-06-04 13:40,L4,3353.76,102.96,345303.1296,400,0.12,488.55,0.14,-581.72,-0.17,-78868.92,-788.69
2376,매수 청산,2025-06-04 16:00,XL5,3357.645,171.6,574838.55,1333.33,0.23,1480.91,0.26,-302.87,-0.05,-77535.59,-775.36
2376,매수 진입,2025-06-04 14:20,L5,3349.875,171.6,574838.55,1333.33,0.23,1480.91,0.26,-302.87,-0.05,-77535.59,-775.36
2377,매수 청산,2025-06-05 17:40,XL1,3375.41,24.42,82427.5122,0,0.00,216.73,0.26,-346.52,-0.42,-77535.59,-775.36
2377,매수 진입,2025-06-05 03:50,L1,3375.41,24.42,82427.5122,0,0.00,216.73,0.26,-346.52,-0.42,-77535.59,-775.36
2378,매수 청산,2025-06-05 17:40,XL2,3375.41,29.84,100500.0756,222.16,0.22,222.16,0.22,-201.27,-0.20,-77313.43,-773.13
2378,매수 진입,2025-06-05 13:10,L2,3367.965,29.84,100500.0756,222.16,0.22,222.16,0.22,-201.27,-0.20,-77313.43,-773.13
2379,매도 청산,2025-06-06 14:30,반대신호정리,3369.255,17.73,59533.35075,-203.54,-0.34,101.15,0.17,-317.9,-0.53,-77516.97,-775.17
2379,매도 진입,2025-06-06 04:30,S1,3357.775,17.73,59533.35075,-203.54,-0.34,101.15,0.17,-317.9,-0.53,-77516.97,-775.17
2380,매도 청산,2025-06-06 14:30,반대신호정리,3369.255,21.68,73018.782,-26.67,-0.04,185.58,0.25,-166.5,-0.23,-77543.64,-775.44
2380,매도 진입,2025-06-06 10:20,S2,3368.025,21.68,73018.782,-26.67,-0.04,185.58,0.25,-166.5,-0.23,-77543.64,-775.44
2381,매도 청산,2025-06-07 05:00,XS1,3308.475,19.21,64100.98455,545.18,0.85,545.18,0.85,-0.48,0.00,-76998.46,-769.98
2381,매도 진입,2025-06-07 00:40,S1,3336.855,19.21,64100.98455,545.18,0.85,545.18,0.85,-0.48,0.00,-76998.46,-769.98
2382,매수 청산,2025-06-10 14:10,반대신호정리,3310.875,25.88,86275.7678,-590.32,-0.68,47.62,0.06,-819.62,-0.95,-77588.78,-775.89
2382,매수 진입,2025-06-10 03:50,L1,3333.685,25.88,86275.7678,-590.32,-0.68,47.62,0.06,-819.62,-0.95,-77588.78,-775.89
2383,매수 청산,2025-06-10 14:10,반대신호정리,3310.875,31.63,105222.2558,-499.28,-0.47,92.99,0.09,-779.52,-0.74,-78088.06,-780.88
2383,매수 진입,2025-06-10 04:50,L2,3326.66,31.63,105222.2558,-499.28,-0.47,92.99,0.09,-779.52,-0.74,-78088.06,-780.88
2384,매수 청산,2025-06-10 14:10,반대신호정리,3310.875,40.67,135009.5555,-356.27,-0.26,127.91,0.09,-716.61,-0.53,-78444.33,-784.44
2384,매수 진입,2025-06-10 09:20,L3,3319.635,40.67,135009.5555,-356.27,-0.26,127.91,0.09,-716.61,-0.53,-78444.33,-784.44
2385,매수 청산,2025-06-10 14:10,반대신호정리,3310.875,56.93,188586.8873,-98.77,-0.05,183.88,0.10,-603.17,-0.32,-78543.1,-785.43
2385,매수 진입,2025-06-10 10:10,L4,3312.61,56.93,188586.8873,-98.77,-0.05,183.88,0.10,-603.17,-0.32,-78543.1,-785.43
2386,매도 청산,2025-06-10 17:20,반대신호정리,3332.915,41.79,138640.2056,-642.31,-0.46,166.74,0.12,-727.77,-0.52,-79185.41,-791.85
2386,매도 진입,2025-06-10 14:40,S1,3317.545,41.79,138640.2056,-642.31,-0.46,166.74,0.12,-727.77,-0.52,-79185.41,-791.85
2387,매도 청산,2025-06-10 17:20,반대신호정리,3332.915,51.08,169682.3966,-562.9,-0.33,43.42,0.03,-667.36,-0.39,-79748.32,-797.48
2387,매도 진입,2025-06-10 15:10,S2,3321.895,51.08,169682.3966,-562.9,-0.33,43.42,0.03,-667.36,-0.39,-79748.32,-797.48
2388,매도 청산,2025-06-10 17:20,반대신호정리,3332.915,65.68,218467.7716,-438.09,-0.20,139.57,0.06,-572.4,-0.26,-80186.41,-801.86
2388,매도 진입,2025-06-10 15:30,S3,3326.245,65.68,218467.7716,-438.09,-0.20,139.57,0.06,-572.4,-0.26,-80186.41,-801.86
2389,매도 청산,2025-06-10 17:20,반대신호정리,3332.915,91.95,306248.2103,-213.32,-0.07,595.38,0.19,-401.36,-0.13,-80399.73,-804.00
2389,매도 진입,2025-06-10 15:30,S4,3330.595,91.95,306248.2103,-213.32,-0.07,595.38,0.19,-401.36,-0.13,-80399.73,-804.00
2390,매수 청산,2025-06-10 21:20,XL1,3337.715,46.98,156624.0381,181.81,0.12,181.81,0.12,-260.5,-0.17,-80217.91,-802.18
2390,매수 진입,2025-06-10 21:00,L1,3333.845,46.98,156624.0381,181.81,0.12,181.81,0.12,-260.5,-0.17,-80217.91,-802.18
2391,매수 청산,2025-06-10 21:20,XL2,3337.715,57.42,191207.1645,444.43,0.23,444.43,0.23,-96.18,-0.05,-79773.48,-797.73
2391,매수 진입,2025-06-10 21:10,L2,3329.975,57.42,191207.1645,444.43,0.23,444.43,0.23,-96.18,-0.05,-79773.48,-797.73
2392,매수 청산,2025-06-11 04:20,반대신호정리,3329.25,39.74,132549.1934,-244.8,-0.18,147.63,0.11,-630.87,-0.48,-80018.28,-800.18
2392,매수 진입,2025-06-10 23:10,L1,3335.41,39.74,132549.1934,-244.8,-0.18,147.63,0.11,-630.87,-0.48,-80018.28,-800.18
2393,매수 청산,2025-06-11 04:20,반대신호정리,3329.25,48.57,161778.656,-76.98,-0.05,135.51,0.08,-548.84,-0.34,-80095.27,-800.95
2393,매수 진입,2025-06-10 23:30,L2,3330.835,48.57,161778.656,-76.98,-0.05,135.51,0.08,-548.84,-0.34,-80095.27,-800.95
2394,매수 청산,2025-06-11 04:20,반대신호정리,3329.25,62.45,207724.937,186.73,0.09,267.91,0.13,-419.98,-0.20,-79908.54,-799.09
2394,매수 진입,2025-06-10 23:50,L3,3326.26,62.45,207724.937,186.73,0.09,267.91,0.13,-419.98,-0.20,-79908.54,-799.09
2395,매수 청산,2025-06-11 04:20,반대신호정리,3329.25,87.43,290414.9195,661.41,0.23,766.32,0.26,-187.97,-0.06,-79247.13,-792.47
2395,매수 진입,2025-06-11 01:10,L4,3321.685,87.43,290414.9195,661.41,0.23,766.32,0.26,-187.97,-0.06,-79247.13,-792.47
2396,매수 청산,2025-06-11 14:30,XL1,3340.825,115.8,386864.061,3.47,0.00,279.66,0.07,-211.91,-0.05,-79243.66,-792.44
2396,매수 진입,2025-06-11 13:10,L1,3340.795,115.8,386864.061,3.47,0.00,279.66,0.07,-211.91,-0.05,-79243.66,-792.44
2397,매수 청산,2025-06-11 14:30,XL2,3340.825,141.54,472633.9065,226.46,0.05,405.51,0.09,-36.8,-0.01,-79017.2,-790.17
2397,매수 진입,2025-06-11 14:10,L2,3339.225,141.54,472633.9065,226.46,0.05,405.51,0.09,-36.8,-0.01,-79017.2,-790.17
2398,매수 청산,2025-06-11 15:10,XL1,3339.835,115.8,386498.133,254.76,0.07,309.77,0.08,-235.07,-0.06,-78762.44,-787.62
2398,매수 진입,2025-06-11 14:50,L1,3337.635,115.8,386498.133,254.76,0.07,309.77,0.08,-235.07,-0.06,-78762.44,-787.62
2399,매수 청산,2025-06-11 15:10,XL2,3339.835,141.54,472186.6401,533.61,0.11,600.84,0.13,-65.11,-0.01,-78228.83,-782.29
2399,매수 진입,2025-06-11 14:50,L2,3336.065,141.54,472186.6401,533.61,0.11,600.84,0.13,-65.11,-0.01,-78228.83,-782.29
2400,매수 청산,2025-06-11 15:50,XL1,3338.185,115.8,386016.405,545.42,0.14,618.95,0.16,-16.79,0.00,-77683.41,-776.83
2400,매수 진입,2025-06-11 15:30,L1,3333.475,115.8,386016.405,545.42,0.14,618.95,0.16,-16.79,0.00,-77683.41,-776.83
2401,매수 청산,2025-06-12 15:50,XL1,3374.81,23.55,79476.7755,0,0.00,24.73,0.03,-224.2,-0.28,-77683.41,-776.83
2401,매수 진입,2025-06-12 12:30,L1,3374.81,23.55,79476.7755,0,0.00,24.73,0.03,-224.2,-0.28,-77683.41,-776.83
2402,매수 청산,2025-06-12 15:50,XL2,3374.81,28.78,96904.8502,222.18,0.23,222.18,0.23,-51.8,-0.05,-77461.23,-774.61
2402,매수 진입,2025-06-12 15:10,L2,3367.09,28.78,96904.8502,222.18,0.23,222.18,0.23,-51.8,-0.05,-77461.23,-774.61
2403,매수 청산,2025-06-12 16:30,XL1,3350.877,51.43,173335.5576,-999.95,-0.58,184.89,0.11,-999.95,-0.58,-78461.18,-784.61
2403,매수 진입,2025-06-12 16:20,L1,3370.32,51.43,173335.5576,-999.95,-0.58,184.89,0.11,-999.95,-0.58,-78461.18,-784.61
2404,매수 청산,2025-06-12 16:30,XL2,3350.877,62.86,211636.1051,-999.98,-0.47,0,0.00,-999.98,-0.47,-79461.16,-794.61
2404,매수 진입,2025-06-12 16:30,L2,3366.785,62.86,211636.1051,-999.98,-0.47,0,0.00,-999.98,-0.47,-79461.16,-794.61
2405,매수 청산,2025-06-12 16:30,XL3,3350.877,80.82,271817.865,-999.99,-0.37,106.28,0.04,-999.99,-0.37,-80461.14,-804.61
2405,매수 진입,2025-06-12 16:30,L3,3363.25,80.82,271817.865,-999.99,-0.37,106.28,0.04,-999.99,-0.37,-80461.14,-804.61
2406,매수 청산,2025-06-12 16:30,XL4,3350.877,113.15,380151.7523,-1000.02,-0.26,72.42,0.02,-1000.02,-0.26,-81461.16,-814.61
2406,매수 진입,2025-06-12 16:30,L4,3359.715,113.15,380151.7523,-1000.02,-0.26,72.42,0.02,-1000.02,-0.26,-81461.16,-814.61
2407,매수 청산,2025-06-12 16:30,XL5,3350.877,188.59,632941.9862,-1000.09,-0.16,0,0.00,-1000.09,-0.16,-82461.26,-824.61
2407,매수 진입,2025-06-12 16:30,L5,3356.18,188.59,632941.9862,-1000.09,-0.16,0,0.00,-1000.09,-0.16,-82461.26,-824.61
2408,매수 청산,2025-06-12 16:30,XL6,3350.877,565.77,1896825.962,-1000.28,-0.05,0,0.00,-1000.28,-0.05,-83461.54,-834.62
2408,매수 진입,2025-06-12 16:30,L6,3352.645,565.77,1896825.962,-1000.28,-0.05,0,0.00,-1000.28,-0.05,-83461.54,-834.62
2409,매수 청산,2025-06-12 21:00,XL1,3379.3,51.43,173494.4763,302.92,0.17,376.72,0.22,-7.97,0.00,-83158.62,-831.59
2409,매수 진입,2025-06-12 20:40,L1,3373.41,51.43,173494.4763,302.92,0.17,376.72,0.22,-7.97,0.00,-83158.62,-831.59
2410,매수 청산,2025-06-13 10:10,XL1,3426.505,42.93,146554.434,545.43,0.37,545.43,0.37,-51.09,-0.03,-82613.19,-826.13
2410,매수 진입,2025-06-13 09:50,L1,3413.8,42.93,146554.434,545.43,0.37,545.43,0.37,-51.09,-0.03,-82613.19,-826.13
2411,매도 청산,2025-06-17 12:20,XS1,3378.92,14.55,49708.4745,545.19,1.10,545.19,1.10,-93.05,-0.19,-82068,-820.68
2411,매도 진입,2025-06-16 15:50,S1,3416.39,14.55,49708.4745,545.19,1.10,545.19,1.10,-93.05,-0.19,-82068,-820.68
2412,매도 청산,2025-06-17 21:00,XS1,3385.73,28.58,96764.1634,0,0.00,8.72,0.01,-413.55,-0.43,-82068,-820.68
2412,매도 진입,2025-06-17 19:00,S1,3385.73,28.58,96764.1634,0,0.00,8.72,0.01,-413.55,-0.43,-82068,-820.68
2413,매도 청산,2025-06-17 21:00,XS2,3385.73,34.94,118519.6246,222.22,0.19,222.22,0.19,-283.36,-0.24,-81845.78,-818.46
2413,매도 진입,2025-06-17 19:10,S2,3392.09,34.94,118519.6246,222.22,0.19,222.22,0.19,-283.36,-0.24,-81845.78,-818.46
2414,매도 청산,2025-06-17 21:00,XS3,3385.73,44.92,152658.374,571.38,0.37,571.38,0.37,-78.61,-0.05,-81274.4,-812.74
2414,매도 진입,2025-06-17 19:40,S3,3398.45,44.92,152658.374,571.38,0.37,571.38,0.37,-78.61,-0.05,-81274.4,-812.74
2415,매도 청산,2025-06-18 08:40,반대신호정리,3388.985,29.8,100896.84,-94.91,-0.09,63.92,0.06,-303.21,-0.30,-81369.31,-813.69
2415,매도 진입,2025-06-18 05:00,S1,3385.8,29.8,100896.84,-94.91,-0.09,63.92,0.06,-303.21,-0.30,-81369.31,-813.69
2416,매도 청산,2025-06-18 08:40,반대신호정리,3388.985,36.42,123677.4033,250.57,0.20,279.89,0.23,-4.01,0.00,-81118.74,-811.19
2416,매도 진입,2025-06-18 07:00,S2,3395.865,36.42,123677.4033,250.57,0.20,279.89,0.23,-4.01,0.00,-81118.74,-811.19
2417,매도 청산,2025-06-18 20:40,XS1,3380.575,50.36,170245.757,0,0.00,234.17,0.14,-326.84,-0.19,-81118.74,-811.19
2417,매도 진입,2025-06-18 19:40,S1,3380.575,50.36,170245.757,0,0.00,234.17,0.14,-326.84,-0.19,-81118.74,-811.19
2418,매도 청산,2025-06-18 20:40,XS2,3380.575,61.55,208296.5867,222.2,0.11,222.2,0.11,-177.26,-0.09,-80896.55,-808.97
2418,매도 진입,2025-06-18 20:20,S2,3384.185,61.55,208296.5867,222.2,0.11,222.2,0.11,-177.26,-0.09,-80896.55,-808.97
2419,매도 청산,2025-06-19 14:40,XS1,3367.415,35.4,119206.491,0,0.00,0.18,0.00,-734.9,-0.62,-80896.55,-808.97
2419,매도 진입,2025-06-19 05:50,S1,3367.415,35.4,119206.491,0,0.00,0.18,0.00,-734.9,-0.62,-80896.55,-808.97
2420,매도 청산,2025-06-19 14:40,XS2,3367.415,43.27,145930.2385,222.19,0.15,222.19,0.15,-676.09,-0.46,-80674.36,-806.74
2420,매도 진입,2025-06-19 07:00,S2,3372.55,43.27,145930.2385,222.19,0.15,222.19,0.15,-676.09,-0.46,-80674.36,-806.74
2421,매도 청산,2025-06-19 14:40,XS3,3367.415,55.64,187934.3934,571.42,0.30,571.42,0.30,-583.66,-0.31,-80102.94,-801.03
2421,매도 진입,2025-06-19 07:20,S3,3377.685,55.64,187934.3934,571.42,0.30,571.42,0.30,-583.66,-0.31,-80102.94,-801.03
2422,매도 청산,2025-06-19 14:40,XS4,3367.415,77.89,263487.8498,1199.9,0.46,1199.9,0.46,-417.1,-0.16,-78903.04,-789.03
2422,매도 진입,2025-06-19 09:40,S4,3382.82,77.89,263487.8498,1199.9,0.46,1199.9,0.46,-417.1,-0.16,-78903.04,-789.03
2423,매도 청산,2025-06-19 14:40,XS5,3367.415,129.82,439824.3181,2666.5,0.61,2666.5,0.61,-28.56,-0.01,-76236.54,-762.37
2423,매도 진입,2025-06-19 10:00,S5,3387.955,129.82,439824.3181,2666.5,0.61,2666.5,0.61,-28.56,-0.01,-76236.54,-762.37
2424,매도 청산,2025-06-19 18:00,XS1,3365.88,42.58,143319.1704,0,0.00,150.73,0.11,-251.01,-0.18,-76236.54,-762.37
2424,매도 진입,2025-06-19 16:40,S1,3365.88,42.58,143319.1704,0,0.00,150.73,0.11,-251.01,-0.18,-76236.54,-762.37
2425,매도 청산,2025-06-19 18:00,XS2,3365.88,52.04,175382.606,222.21,0.13,222.21,0.13,-84.56,-0.05,-76014.33,-760.14
2425,매도 진입,2025-06-19 17:40,S2,3370.15,52.04,175382.606,222.21,0.13,222.21,0.13,-84.56,-0.05,-76014.33,-760.14
2426,매도 청산,2025-06-20 02:40,XS1,3368.06,36.43,122741.4132,42.99,0.04,114.03,0.09,-232.61,-0.19,-75971.34,-759.71
2426,매도 진입,2025-06-20 01:00,S1,3369.24,36.43,122741.4132,42.99,0.04,114.03,0.09,-232.61,-0.19,-75971.34,-759.71
2427,매도 청산,2025-06-20 02:40,XS2,3368.06,44.53,150254.4619,274.75,0.18,343.99,0.23,-62.12,-0.04,-75696.59,-756.97
2427,매도 진입,2025-06-20 02:20,S2,3374.23,44.53,150254.4619,274.75,0.18,343.99,0.23,-62.12,-0.04,-75696.59,-756.97
2428,매도 청산,2025-06-20 15:00,XS1,3342.18,37.52,125943.9468,545.35,0.43,545.35,0.43,-41.46,-0.03,-75151.23,-751.51
2428,매도 진입,2025-06-20 13:30,S1,3356.715,37.52,125943.9468,545.35,0.43,545.35,0.43,-41.46,-0.03,-75151.23,-751.51
2429,매수 청산,2025-06-23 16:00,반대신호정리,3357.7,22.88,77140.9496,-316.77,-0.41,404.4,0.52,-560.79,-0.73,-75468.01,-754.68
2429,매수 진입,2025-06-21 02:20,L1,3371.545,22.88,77140.9496,-316.77,-0.41,404.4,0.52,-560.79,-0.73,-75468.01,-754.68
2430,매수 청산,2025-06-23 16:00,반대신호정리,3357.7,27.97,94079.892,-165.02,-0.18,128.1,0.14,-463.32,-0.49,-75633.03,-756.33
2430,매수 진입,2025-06-23 09:20,L2,3363.6,27.97,94079.892,-165.02,-0.18,128.1,0.14,-463.32,-0.49,-75633.03,-756.33
2431,매수 청산,2025-06-23 16:00,반대신호정리,3357.7,35.96,120669.3538,73.54,0.06,388.01,0.32,-309.98,-0.26,-75559.49,-755.59
2431,매수 진입,2025-06-23 10:20,L3,3355.655,35.96,120669.3538,73.54,0.06,388.01,0.32,-309.98,-0.26,-75559.49,-755.59
2432,매도 청산,2025-06-23 21:10,반대신호정리,3371.57,38.8,130418.634,-398.28,-0.31,93.31,0.07,-808.79,-0.62,-75957.77,-759.58
2432,매도 진입,2025-06-23 17:10,S1,3361.305,38.8,130418.634,-398.28,-0.31,93.31,0.07,-808.79,-0.62,-75957.77,-759.58
2433,매도 청산,2025-06-23 21:10,반대신호정리,3371.57,47.43,159648.9057,-264.66,-0.17,194.7,0.12,-766.47,-0.48,-76222.44,-762.22
2433,매도 진입,2025-06-23 18:10,S2,3365.99,47.43,159648.9057,-264.66,-0.17,194.7,0.12,-766.47,-0.48,-76222.44,-762.22
2434,매도 청산,2025-06-23 21:10,반대신호정리,3371.57,60.98,205543.7615,-54.58,-0.03,0,0.00,-699.75,-0.34,-76277.01,-762.77
2434,매도 진입,2025-06-23 20:00,S3,3370.675,60.98,205543.7615,-54.58,-0.03,0,0.00,-699.75,-0.34,-76277.01,-762.77
2435,매도 청산,2025-06-23 21:10,반대신호정리,3371.57,85.37,288154.4832,323.55,0.11,324.83,0.11,-579.66,-0.20,-75953.46,-759.53
2435,매도 진입,2025-06-23 20:10,S4,3375.36,85.37,288154.4832,323.55,0.11,324.83,0.11,-579.66,-0.20,-75953.46,-759.53
2436,매도 청산,2025-06-24 18:10,XS1,3321.355,33.88,112527.5074,0,0.00,160.08,0.14,-373.36,-0.33,-75953.46,-759.53
2436,매도 진입,2025-06-24 16:10,S1,3321.355,33.88,112527.5074,0,0.00,160.08,0.14,-373.36,-0.33,-75953.46,-759.53
2437,매도 청산,2025-06-24 18:10,XS2,3321.355,41.42,137792.7424,222.22,0.16,222.22,0.16,-234.23,-0.17,-75731.24,-757.31
2437,매도 진입,2025-06-24 16:30,S2,3326.72,41.42,137792.7424,222.22,0.16,222.22,0.16,-234.23,-0.17,-75731.24,-757.31
2438,매도 청산,2025-06-24 18:10,XS3,3321.355,53.25,177433.5262,571.37,0.32,571.37,0.32,-15.44,-0.01,-75159.87,-751.60
2438,매도 진입,2025-06-24 17:00,S3,3332.085,53.25,177433.5262,571.37,0.32,571.37,0.32,-15.44,-0.01,-75159.87,-751.60
2439,매도 청산,2025-06-25 11:20,반대신호정리,3331.01,13.29,44051.49915,-217.62,-0.49,2.66,0.01,-275.1,-0.62,-75377.49,-753.77
2439,매도 진입,2025-06-25 01:40,S1,3314.635,13.29,44051.49915,-217.62,-0.49,2.66,0.01,-275.1,-0.62,-75377.49,-753.77
2440,매수 청산,2025-06-25 14:20,XL1,3329.32,109.52,364549.9148,77.21,0.02,128.14,0.04,-201.52,-0.06,-75300.28,-753.00
2440,매수 진입,2025-06-25 13:50,L1,3328.615,109.52,364549.9148,77.21,0.02,128.14,0.04,-201.52,-0.06,-75300.28,-753.00
2441,매수 청산,2025-06-25 14:20,XL2,3329.32,133.86,445346.1963,316.58,0.07,378.82,0.09,-24.09,-0.01,-74983.7,-749.84
2441,매수 진입,2025-06-25 14:00,L2,3326.955,133.86,445346.1963,316.58,0.07,378.82,0.09,-24.09,-0.01,-74983.7,-749.84
2442,매수 청산,2025-06-25 23:10,반대신호정리,3319.72,30.5,101391.76,-140.3,-0.14,161.8,0.16,-374.08,-0.37,-75124,-751.24
2442,매수 진입,2025-06-25 18:10,L1,3324.32,30.5,101391.76,-140.3,-0.14,161.8,0.16,-374.08,-0.37,-75124,-751.24
2443,매수 청산,2025-06-25 23:10,반대신호정리,3319.72,37.28,123708.4608,50.7,0.04,149.31,0.12,-235.05,-0.19,-75073.3,-750.73
2443,매수 진입,2025-06-25 21:40,L2,3318.36,37.28,123708.4608,50.7,0.04,149.31,0.12,-235.05,-0.19,-75073.3,-750.73
2444,매수 청산,2025-06-26 02:50,XL1,3327.023,46.67,155372.1306,-99.97,-0.06,53.44,0.03,-203.25,-0.13,-75173.27,-751.73
2444,매수 진입,2025-06-26 02:30,L1,3329.165,46.67,155372.1306,-99.97,-0.06,53.44,0.03,-203.25,-0.13,-75173.27,-751.73
2445,매수 청산,2025-06-26 02:50,XL2,3327.023,57.05,189706.6535,100.01,0.05,184.27,0.10,-26.24,-0.01,-75073.26,-750.73
2445,매수 진입,2025-06-26 02:30,L2,3325.27,57.05,189706.6535,100.01,0.05,184.27,0.10,-26.24,-0.01,-75073.26,-750.73
2446,매수 청산,2025-06-26 16:10,XL1,3344.61,46.67,155547.6098,545.34,0.35,545.34,0.35,-169.18,-0.11,-74527.92,-745.28
2446,매수 진입,2025-06-26 05:20,L1,3332.925,46.67,155547.6098,545.34,0.35,545.34,0.35,-169.18,-0.11,-74527.92,-745.28
2447,매수 청산,2025-06-26 17:50,XL1,3349.64,46.92,156983.2938,181.82,0.12,181.82,0.12,-61,-0.04,-74346.1,-743.46
2447,매수 진입,2025-06-26 17:10,L1,3345.765,46.92,156983.2938,181.82,0.12,181.82,0.12,-61,-0.04,-74346.1,-743.46
2448,매도 청산,2025-06-27 14:10,XS1,3289.715,15.48,51469.9938,545.21,1.06,545.21,1.06,-179.8,-0.35,-73800.9,-738.01
2448,매도 진입,2025-06-27 01:00,S1,3324.935,15.48,51469.9938,545.21,1.06,545.21,1.06,-179.8,-0.35,-73800.9,-738.01
2449,매도 청산,2025-06-30 07:20,XS1,3249.53,21.03,68883.02895,545.41,0.79,545.41,0.79,-157.2,-0.23,-73255.48,-732.55
2449,매도 진입,2025-06-28 00:50,S1,3275.465,21.03,68883.02895,545.41,0.79,545.41,0.79,-157.2,-0.23,-73255.48,-732.55
2450,매수 청산,2025-07-01 01:10,XL1,3292.99,49.34,162476.1266,0,0.00,181.08,0.11,-906.13,-0.56,-73255.48,-732.55
2450,매수 진입,2025-06-30 17:00,L1,3292.99,49.34,162476.1266,0,0.00,181.08,0.11,-906.13,-0.56,-73255.48,-732.55
2451,매수 청산,2025-07-01 01:10,XL2,3292.99,60.3,198345.0915,222.21,0.11,222.21,0.11,-885.2,-0.45,-73033.28,-730.33
2451,매수 진입,2025-06-30 17:30,L2,3289.305,60.3,198345.0915,222.21,0.11,222.21,0.11,-885.2,-0.45,-73033.28,-730.33
2452,매수 청산,2025-07-01 01:10,XL3,3292.99,77.53,254734.1186,571.4,0.22,571.4,0.22,-852.44,-0.33,-72461.88,-724.62
2452,매수 진입,2025-06-30 18:00,L3,3285.62,77.53,254734.1186,571.4,0.22,571.4,0.22,-852.44,-0.33,-72461.88,-724.62
2453,매수 청산,2025-07-01 01:10,XL4,3292.99,108.54,356221.2249,1199.91,0.34,1199.91,0.34,-793.43,-0.22,-71261.98,-712.62
2453,매수 진입,2025-06-30 18:00,L4,3281.935,108.54,356221.2249,1199.91,0.34,1199.91,0.34,-793.43,-0.22,-71261.98,-712.62
2454,매수 청산,2025-07-01 01:10,XL5,3292.99,180.91,593068.2075,2666.61,0.45,2666.61,0.45,-655.8,-0.11,-68595.36,-685.95
2454,매수 진입,2025-06-30 18:30,L5,3278.25,180.91,593068.2075,2666.61,0.45,2666.61,0.45,-655.8,-0.11,-68595.36,-685.95
2455,매수 청산,2025-07-01 07:50,XL1,3313.255,31.56,104020.971,545.36,0.52,545.36,0.52,-121.03,-0.12,-68050.01,-680.50
2455,매수 진입,2025-07-01 02:40,L1,3295.975,31.56,104020.971,545.36,0.52,545.36,0.52,-121.03,-0.12,-68050.01,-680.50
2456,매수 청산,2025-07-01 14:30,XL1,3331.215,66.23,220080.9654,545.4,0.25,545.4,0.25,-0.33,0.00,-67504.6,-675.05
2456,매수 진입,2025-07-01 14:00,L1,3322.98,66.23,220080.9654,545.4,0.25,545.4,0.25,-0.33,0.00,-67504.6,-675.05
2457,매도 청산,2025-07-02 15:50,XS1,3330.34,61.52,204882.5168,0,0.00,49.83,0.02,-841.29,-0.41,-67504.6,-675.05
2457,매도 진입,2025-07-02 11:20,S1,3330.34,61.52,204882.5168,0,0.00,49.83,0.02,-841.29,-0.41,-67504.6,-675.05
2458,매도 청산,2025-07-02 15:50,XS2,3330.34,75.2,250663.784,222.22,0.09,222.22,0.09,-806.14,-0.32,-67282.38,-672.82
2458,매도 진입,2025-07-02 11:40,S2,3333.295,75.2,250663.784,222.22,0.09,222.22,0.09,-806.14,-0.32,-67282.38,-672.82
2459,매도 청산,2025-07-02 15:50,XS3,3330.34,96.68,322548.65,571.38,0.18,571.38,0.18,-750.72,-0.23,-66711.01,-667.11
2459,매도 진입,2025-07-02 11:50,S3,3336.25,96.68,322548.65,571.38,0.18,571.38,0.18,-750.72,-0.23,-66711.01,-667.11
2460,매도 청산,2025-07-02 15:50,XS4,3330.34,135.36,451994.7888,1199.97,0.27,1199.97,0.27,-651.08,-0.14,-65511.04,-655.11
2460,매도 진입,2025-07-02 12:20,S4,3339.205,135.36,451994.7888,1199.97,0.27,1199.97,0.27,-651.08,-0.14,-65511.04,-655.11
2461,매도 청산,2025-07-02 15:50,XS5,3330.34,225.6,753991.296,2666.59,0.35,2666.59,0.35,-418.49,-0.06,-62844.45,-628.44
2461,매도 진입,2025-07-02 12:50,S5,3342.16,225.6,753991.296,2666.59,0.35,2666.59,0.35,-418.49,-0.06,-62844.45,-628.44
2462,매도 청산,2025-07-02 20:20,반대신호정리,3342.23,43.08,143734.0506,-249.22,-0.17,148.2,0.10,-490.25,-0.34,-63093.66,-630.94
2462,매도 진입,2025-07-02 16:50,S1,3336.445,43.08,143734.0506,-249.22,-0.17,148.2,0.10,-490.25,-0.34,-63093.66,-630.94
2463,매도 청산,2025-07-02 20:20,반대신호정리,3342.23,52.65,175886.0122,-82.4,-0.05,109.78,0.06,-376.97,-0.21,-63176.06,-631.76
2463,매도 진입,2025-07-02 18:30,S2,3340.665,52.65,175886.0122,-82.4,-0.05,109.78,0.06,-376.97,-0.21,-63176.06,-631.76
2464,매도 청산,2025-07-02 20:20,반대신호정리,3342.23,67.7,226448.7145,179.74,0.08,223.41,0.10,-199.04,-0.09,-62996.32,-629.96
2464,매도 진입,2025-07-02 19:30,S3,3344.885,67.7,226448.7145,179.74,0.08,223.41,0.10,-199.04,-0.09,-62996.32,-629.96
2465,매수 청산,2025-07-03 11:00,XL1,3348.655,28.86,96642.1833,0,0.00,498.27,0.52,-191.63,-0.20,-62996.32,-629.96
2465,매수 진입,2025-07-03 02:40,L1,3348.655,28.86,96642.1833,0,0.00,498.27,0.52,-191.63,-0.20,-62996.32,-629.96
2466,매수 청산,2025-07-03 11:00,XL2,3348.655,35.27,117884.8609,222.2,0.19,222.2,0.19,-11.99,-0.01,-62774.12,-627.74
2466,매수 진입,2025-07-03 10:00,L2,3342.355,35.27,117884.8609,222.2,0.19,222.2,0.19,-11.99,-0.01,-62774.12,-627.74
2467,매수 청산,2025-07-05 00:50,반대신호정리,3333.04,65.75,219543.5237,-396.14,-0.18,401.73,0.18,-538.82,-0.25,-63170.26,-631.70
2467,매수 진입,2025-07-04 14:40,L1,3339.065,65.75,219543.5237,-396.14,-0.18,401.73,0.18,-538.82,-0.25,-63170.26,-631.70
2468,매수 청산,2025-07-05 00:50,반대신호정리,3333.04,80.36,268105.068,-261.97,-0.10,151.48,0.06,-436.35,-0.16,-63432.23,-634.32
2468,매수 진입,2025-07-04 18:30,L2,3336.3,80.36,268105.068,-261.97,-0.10,151.48,0.06,-436.35,-0.16,-63432.23,-634.32
2469,매수 청산,2025-07-05 00:50,반대신호정리,3333.04,103.33,344454.1715,-51.15,-0.01,480.48,0.14,-275.37,-0.08,-63483.38,-634.83
2469,매수 진입,2025-07-04 18:30,L3,3333.535,103.33,344454.1715,-51.15,-0.01,480.48,0.14,-275.37,-0.08,-63483.38,-634.83
2470,매도 청산,2025-07-08 03:10,반대신호정리,3330.22,29.7,98350.065,-557.47,-0.57,450.55,0.46,-726.76,-0.74,-64040.85,-640.41
2470,매도 진입,2025-07-07 14:10,S1,3311.45,29.7,98350.065,-557.47,-0.57,450.55,0.46,-726.76,-0.74,-64040.85,-640.41
2471,매도 청산,2025-07-08 03:10,반대신호정리,3330.22,36.31,120460.9667,-459.32,-0.38,120,0.10,-666.29,-0.55,-64500.18,-645.00
2471,매도 진입,2025-07-07 23:10,S2,3317.57,36.31,120460.9667,-459.32,-0.38,120,0.10,-666.29,-0.55,-64500.18,-645.00
2472,매도 청산,2025-07-08 19:00,XS1,3322.075,48.54,161435.3028,181.78,0.11,224.98,0.14,-22.33,-0.01,-64318.39,-643.18
2472,매도 진입,2025-07-08 18:40,S1,3325.82,48.54,161435.3028,181.78,0.11,224.98,0.14,-22.33,-0.01,-64318.39,-643.18
2473,매도 청산,2025-07-08 20:40,XS1,3321.285,48.54,161396.9562,181.78,0.11,181.78,0.11,-123.05,-0.08,-64136.61,-641.37
2473,매도 진입,2025-07-08 19:40,S1,3325.03,48.54,161396.9562,181.78,0.11,181.78,0.11,-123.05,-0.08,-64136.61,-641.37
2474,매도 청산,2025-07-09 22:30,XS1,3293.59,39.26,129306.3434,0,0.00,428.92,0.33,-235.76,-0.18,-64136.61,-641.37
2474,매도 진입,2025-07-09 12:50,S1,3293.59,39.26,129306.3434,0,0.00,428.92,0.33,-235.76,-0.18,-64136.61,-641.37
2475,매도 청산,2025-07-09 22:30,XS2,3293.59,47.99,158281.5778,222.19,0.14,222.19,0.14,-65.99,-0.04,-63914.42,-639.14
2475,매도 진입,2025-07-09 22:00,S2,3298.22,47.99,158281.5778,222.19,0.14,222.19,0.14,-65.99,-0.04,-63914.42,-639.14
2476,매수 청산,2025-07-10 18:00,XL1,3330.31,31.73,105125.2976,545.44,0.52,545.44,0.52,-159.13,-0.15,-63368.98,-633.69
2476,매수 진입,2025-07-10 02:10,L1,3313.12,31.73,105125.2976,545.44,0.52,545.44,0.52,-159.13,-0.15,-63368.98,-633.69
2477,매수 청산,2025-07-10 22:00,XL1,3326.51,43.13,143472.3763,0,0.00,164.54,0.11,-369.62,-0.26,-63368.98,-633.69
2477,매수 진입,2025-07-10 18:30,L1,3326.51,43.13,143472.3763,0,0.00,164.54,0.11,-369.62,-0.26,-63368.98,-633.69
2478,매수 청산,2025-07-10 22:00,XL2,3326.51,52.72,175151.3924,222.21,0.13,222.21,0.13,-229.6,-0.13,-63146.76,-631.47
2478,매수 진입,2025-07-10 20:50,L2,3322.295,52.72,175151.3924,222.21,0.13,222.21,0.13,-229.6,-0.13,-63146.76,-631.47
2479,매수 청산,2025-07-10 22:00,XL3,3326.51,67.78,224899.4624,571.39,0.25,571.39,0.25,-9.49,0.00,-62575.38,-625.75
2479,매수 진입,2025-07-10 21:00,L3,3318.08,67.78,224899.4624,571.39,0.25,571.39,0.25,-9.49,0.00,-62575.38,-625.75
2480,매수 청산,2025-07-11 14:20,XL1,3340.7,59.9,199562.5405,545.39,0.27,545.39,0.27,-108.12,-0.05,-62029.99,-620.30
2480,매수 진입,2025-07-11 13:30,L1,3331.595,59.9,199562.5405,545.39,0.27,545.39,0.27,-108.12,-0.05,-62029.99,-620.30
2481,매수 청산,2025-07-15 15:00,XL2,3359.81,77.04,259021.5768,-181.81,-0.07,0,0.00,-181.81,-0.07,-62211.8,-622.12
2481,매수 진입,2025-07-15 15:00,L1,3362.17,77.04,259021.5768,-181.81,-0.07,0,0.00,-181.81,-0.07,-62211.8,-622.12
2482,매수 청산,2025-07-15 15:00,XL2,3359.81,17.12,57519.9472,0,0.00,0,0.00,0,0.00,-62211.8,-622.12
2482,매수 진입,2025-07-15 15:00,L2,3359.81,17.12,57519.9472,0,0.00,0,0.00,0,0.00,-62211.8,-622.12
2483,매수 청산,2025-07-15 17:40,XL1,3362.62,77.04,258839.7624,216.48,0.08,455.69,0.18,-247.3,-0.10,-61995.32,-619.95
2483,매수 진입,2025-07-15 15:00,L2,3359.81,77.04,258839.7624,216.48,0.08,455.69,0.18,-247.3,-0.10,-61995.32,-619.95
2484,매수 청산,2025-07-15 17:40,XL2,3362.62,94.16,316137.492,486.81,0.15,549.89,0.17,-80.04,-0.03,-61508.51,-615.09
2484,매수 진입,2025-07-15 17:20,L2,3357.45,94.16,316137.492,486.81,0.15,549.89,0.17,-80.04,-0.03,-61508.51,-615.09
2485,매수 청산,2025-07-15 21:30,XL1,3360.16,76.55,257220.248,0,0.00,106.4,0.04,-830.18,-0.32,-61508.51,-615.09
2485,매수 진입,2025-07-15 20:10,L1,3360.16,76.55,257220.248,0,0.00,106.4,0.04,-830.18,-0.32,-61508.51,-615.09
2486,매수 청산,2025-07-15 21:30,XL2,3360.16,93.56,314154.3646,222.21,0.07,222.21,0.07,-792.45,-0.25,-61286.31,-612.86
2486,매수 진입,2025-07-15 20:30,L2,3357.785,93.56,314154.3646,222.21,0.07,222.21,0.07,-792.45,-0.25,-61286.31,-612.86
2487,매수 청산,2025-07-15 21:30,XL3,3360.16,120.3,403655.823,571.42,0.14,571.42,0.14,-733.23,-0.18,-60714.88,-607.15
2487,매수 진입,2025-07-15 20:40,L3,3355.41,120.3,403655.823,571.42,0.14,571.42,0.14,-733.23,-0.18,-60714.88,-607.15
2488,매수 청산,2025-07-15 21:30,XL4,3360.16,168.42,564718.1547,1199.99,0.21,1199.99,0.21,-626.52,-0.11,-59514.89,-595.15
2488,매수 진입,2025-07-15 21:00,L4,3353.035,168.42,564718.1547,1199.99,0.21,1199.99,0.21,-626.52,-0.11,-59514.89,-595.15
2489,매수 청산,2025-07-15 21:30,XL5,3360.16,280.7,940530.262,2666.65,0.28,2666.65,0.28,-377.54,-0.04,-56848.24,-568.48
2489,매수 진입,2025-07-15 21:10,L5,3350.66,280.7,940530.262,2666.65,0.28,2666.65,0.28,-377.54,-0.04,-56848.24,-568.48
2490,매도 청산,2025-07-16 16:10,반대신호정리,3337.735,22.71,75604.5423,-195.42,-0.26,95.27,0.13,-296.59,-0.39,-57043.66,-570.44
2490,매도 진입,2025-07-16 04:50,S1,3329.13,22.71,75604.5423,-195.42,-0.26,95.27,0.13,-296.59,-0.39,-57043.66,-570.44
2491,매도 청산,2025-07-16 16:10,반대신호정리,3337.735,27.76,92638.8676,-16.66,-0.02,43.44,0.05,-140.33,-0.15,-57060.32,-570.60
2491,매도 진입,2025-07-16 13:30,S2,3337.135,27.76,92638.8676,-16.66,-0.02,43.44,0.05,-140.33,-0.15,-57060.32,-570.60
2492,매수 청산,2025-07-16 20:30,XL1,3337.135,83.98,280070.7806,181.82,0.06,209.53,0.07,-94.9,-0.03,-56878.5,-568.78
2492,매수 진입,2025-07-16 20:00,L1,3334.97,83.98,280070.7806,181.82,0.06,209.53,0.07,-94.9,-0.03,-56878.5,-568.78
2493,매수 청산,2025-07-16 23:50,반대신호정리,3327.375,22.75,75723.26125,-25.48,-0.03,66.66,0.09,-200.2,-0.26,-56903.98,-569.04
2493,매수 진입,2025-07-16 22:40,L1,3328.495,22.75,75723.26125,-25.48,-0.03,66.66,0.09,-200.2,-0.26,-56903.98,-569.04
2494,매수 청산,2025-07-17 12:00,반대신호정리,3341.46,22.75,76069.97125,-51.76,-0.07,313.72,0.41,-146.74,-0.19,-56955.73,-569.56
2494,매수 진입,2025-07-17 01:00,L1,3343.735,22.75,76069.97125,-51.76,-0.07,313.72,0.41,-146.74,-0.19,-56955.73,-569.56
2495,매도 청산,2025-07-18 02:40,반대신호정리,3337.425,25.9,85964.3015,-475.01,-0.55,18.65,0.02,-572,-0.67,-57430.74,-574.31
2495,매도 진입,2025-07-17 23:00,S1,3319.085,25.9,85964.3015,-475.01,-0.55,18.65,0.02,-572,-0.67,-57430.74,-574.31
2496,매도 청산,2025-07-18 02:40,반대신호정리,3337.425,31.65,105271.2232,-358.28,-0.34,0,0.00,-476.81,-0.45,-57789.02,-577.89
2496,매도 진입,2025-07-17 23:10,S2,3326.105,31.65,105271.2232,-358.28,-0.34,0,0.00,-476.81,-0.45,-57789.02,-577.89
2497,매도 청산,2025-07-18 02:40,반대신호정리,3337.425,40.7,135658.1875,-175.01,-0.13,110.5,0.08,-327.43,-0.24,-57964.03,-579.64
2497,매도 진입,2025-07-17 23:30,S3,3333.125,40.7,135658.1875,-175.01,-0.13,110.5,0.08,-327.43,-0.24,-57964.03,-579.64
2498,매도 청산,2025-07-18 02:40,반대신호정리,3337.425,56.98,190321.4621,154.99,0.08,164.67,0.09,-58.4,-0.03,-57809.04,-578.09
2498,매도 진입,2025-07-18 02:00,S4,3340.145,56.98,190321.4621,154.99,0.08,164.67,0.09,-58.4,-0.03,-57809.04,-578.09
2499,매수 청산,2025-07-18 20:20,XL1,3353.66,51.94,174007.3104,181.79,0.10,181.79,0.10,-42.59,-0.02,-57627.25,-576.27
2499,매수 진입,2025-07-18 19:10,L1,3350.16,51.94,174007.3104,181.79,0.10,181.79,0.10,-42.59,-0.02,-57627.25,-576.27
2500,매수 청산,2025-07-21 13:40,XL1,3356.845,36.87,123766.8751,0,0.00,39.64,0.03,-226.57,-0.18,-57627.25,-576.27
2500,매수 진입,2025-07-21 10:50,L1,3356.845,36.87,123766.8751,0,0.00,39.64,0.03,-226.57,-0.18,-57627.25,-576.27
2501,매수 청산,2025-07-21 13:40,XL2,3356.845,45.07,151070.8091,222.2,0.15,222.2,0.15,-54.76,-0.04,-57405.06,-574.05
2501,매수 진입,2025-07-21 12:30,L2,3351.915,45.07,151070.8091,222.2,0.15,222.2,0.15,-54.76,-0.04,-57405.06,-574.05
2502,매수 청산,2025-07-21 21:20,XL1,3382.2,36.87,124156.4067,545.31,0.44,545.31,0.44,-168.31,-0.14,-56859.75,-568.60
2502,매수 진입,2025-07-21 15:10,L1,3367.41,36.87,124156.4067,545.31,0.44,545.31,0.44,-168.31,-0.14,-56859.75,-568.60
2503,매수 청산,2025-07-22 16:40,반대신호정리,3386.53,32.38,109721.5728,-65.73,-0.06,463.03,0.42,-166.43,-0.15,-56925.48,-569.25
2503,매수 진입,2025-07-21 22:40,L1,3388.56,32.38,109721.5728,-65.73,-0.06,463.03,0.42,-166.43,-0.15,-56925.48,-569.25
2504,매도 청산,2025-07-22 18:30,XS1,3385.61,122.85,416478.699,556.51,0.13,656.63,0.16,-8.6,0.00,-56368.97,-563.69
2504,매도 진입,2025-07-22 18:10,S1,3390.14,122.85,416478.699,556.51,0.13,656.63,0.16,-8.6,0.00,-56368.97,-563.69
2505,매도 청산,2025-07-22 19:20,XS2,3388.565,122.85,416103.3922,-181.82,-0.04,119.16,0.03,-181.82,-0.04,-56550.79,-565.51
2505,매도 진입,2025-07-22 19:10,S1,3387.085,122.85,416103.3922,-181.82,-0.04,119.16,0.03,-181.82,-0.04,-56550.79,-565.51
2506,매도 청산,2025-07-22 19:20,XS2,3388.565,27.3,92507.8245,0,0.00,0,0.00,0,0.00,-56550.79,-565.51
2506,매도 진입,2025-07-22 19:20,S2,3388.565,27.3,92507.8245,0,0.00,0,0.00,0,0.00,-56550.79,-565.51
2507,매도 청산,2025-07-22 21:10,XS1,3395.225,122.85,416285.2103,-818.18,-0.20,227.89,0.05,-818.18,-0.20,-57368.97,-573.69
2507,매도 진입,2025-07-22 19:20,S2,3388.565,122.85,416285.2103,-818.18,-0.20,227.89,0.05,-818.18,-0.20,-57368.97,-573.69
2508,매도 청산,2025-07-22 21:10,XS3,3395.225,193.05,654448.1873,-1000,-0.15,73.36,0.01,-1000,-0.15,-58368.97,-583.69
2508,매도 진입,2025-07-22 20:40,S3,3390.045,193.05,654448.1873,-1000,-0.15,73.36,0.01,-1000,-0.15,-58368.97,-583.69
2509,매도 청산,2025-07-22 21:10,XS4,3395.225,270.27,916627.4618,-1000,-0.11,159.46,0.02,-1000,-0.11,-59368.97,-593.69
2509,매도 진입,2025-07-22 20:50,S4,3391.525,270.27,916627.4618,-1000,-0.11,159.46,0.02,-1000,-0.11,-59368.97,-593.69
2510,매도 청산,2025-07-22 21:10,XS5,3395.225,450.45,1528379.102,-1000,-0.07,0,0.00,-1000,-0.07,-60368.97,-603.69
2510,매도 진입,2025-07-22 21:00,S5,3393.005,450.45,1528379.102,-1000,-0.07,0,0.00,-1000,-0.07,-60368.97,-603.69
2511,매도 청산,2025-07-22 21:10,XS6,3395.225,1351.35,4587137.305,-1000,-0.02,1851.35,0.04,-1000,-0.02,-61368.97,-613.69
2511,매도 진입,2025-07-22 21:00,S6,3394.485,1351.35,4587137.305,-1000,-0.02,1851.35,0.04,-1000,-0.02,-61368.97,-613.69
2512,매도 청산,2025-07-23 21:30,반대신호정리,3425.87,35.06,120093.2969,-17.71,-0.01,39.44,0.03,-165.13,-0.14,-61386.67,-613.87
2512,매도 진입,2025-07-23 20:30,S1,3425.365,35.06,120093.2969,-17.71,-0.01,39.44,0.03,-165.13,-0.14,-61386.67,-613.87
2513,매도 청산,2025-07-24 21:00,XS1,3360.59,44.45,149560.026,181.8,0.12,181.8,0.12,-120.24,-0.08,-61204.87,-612.05
2513,매도 진입,2025-07-24 19:30,S1,3364.68,44.45,149560.026,181.8,0.12,181.8,0.12,-120.24,-0.08,-61204.87,-612.05
2514,매도 청산,2025-07-25 16:40,XS1,3353.44,75.28,252992.3668,545.4,0.22,545.4,0.22,-25.22,-0.01,-60659.47,-606.59
2514,매도 진입,2025-07-25 14:10,S1,3360.685,75.28,252992.3668,545.4,0.22,545.4,0.22,-25.22,-0.01,-60659.47,-606.59
2515,매도 청산,2025-07-26 00:40,XS1,3327.355,32.67,109250.1135,545.43,0.50,545.43,0.50,-52.76,-0.05,-60114.04,-601.14
2515,매도 진입,2025-07-25 22:40,S1,3344.05,32.67,109250.1135,545.43,0.50,545.43,0.50,-52.76,-0.05,-60114.04,-601.14
2516,매도 청산,2025-07-28 07:00,XS1,3329.475,32.67,108882.9027,108.95,0.10,108.95,0.10,-245.84,-0.23,-60005.09,-600.05
2516,매도 진입,2025-07-26 02:10,S1,3332.81,32.67,108882.9027,108.95,0.10,108.95,0.10,-245.84,-0.23,-60005.09,-600.05
2517,매도 청산,2025-07-28 07:00,XS2,3329.475,39.93,133301.3138,355.38,0.27,355.38,0.27,-78.26,-0.06,-59649.71,-596.50
2517,매도 진입,2025-07-26 03:00,S2,3338.375,39.93,133301.3138,355.38,0.27,355.38,0.27,-78.26,-0.06,-59649.71,-596.50
2518,매수 청산,2025-07-29 03:20,반대신호정리,3312.635,22.57,75373.1921,-607.02,-0.81,58.23,0.08,-852.36,-1.13,-60256.73,-602.57
2518,매수 진입,2025-07-28 15:30,L1,3339.53,22.57,75373.1921,-607.02,-0.81,58.23,0.08,-852.36,-1.13,-60256.73,-602.57
2519,매수 청산,2025-07-29 03:20,반대신호정리,3312.635,27.58,91882.0805,-519.61,-0.57,0,0.00,-819.4,-0.89,-60776.34,-607.76
2519,매수 진입,2025-07-28 21:20,L2,3331.475,27.58,91882.0805,-519.61,-0.57,0,0.00,-819.4,-0.89,-60776.34,-607.76
2520,매도 청산,2025-07-29 18:10,반대신호정리,3323.89,27.75,92021.63625,-216.31,-0.24,220.2,0.24,-388.64,-0.42,-60992.65,-609.93
2520,매도 진입,2025-07-29 04:10,S1,3316.095,27.75,92021.63625,-216.31,-0.24,220.2,0.24,-388.64,-0.42,-60992.65,-609.93
2521,매수 청산,2025-07-29 21:50,XL1,3323.78,39.65,131787.877,0,0.00,107.85,0.08,-348.13,-0.26,-60992.65,-609.93
2521,매수 진입,2025-07-29 19:10,L1,3323.78,39.65,131787.877,0,0.00,107.85,0.08,-348.13,-0.26,-60992.65,-609.93
2522,매수 청산,2025-07-29 21:50,XL2,3323.78,48.46,160848.1897,222.19,0.14,222.19,0.14,-203.29,-0.13,-60770.46,-607.70
2522,매수 진입,2025-07-29 20:00,L2,3319.195,48.46,160848.1897,222.19,0.14,222.19,0.14,-203.29,-0.13,-60770.46,-607.70
2523,매수 청산,2025-07-31 01:50,반대신호정리,3296.94,20,66335.8,-397,-0.60,349.6,0.53,-563.7,-0.85,-61167.46,-611.67
2523,매수 진입,2025-07-29 22:40,L1,3316.79,20,66335.8,-397,-0.60,349.6,0.53,-563.7,-0.85,-61167.46,-611.67
2524,매도 청산,2025-07-31 03:50,XS1,3280.62,27.99,92369.93895,545.39,0.59,545.39,0.59,-142.33,-0.15,-60622.07,-606.22
2524,매도 진입,2025-07-31 02:50,S1,3300.105,27.99,92369.93895,545.39,0.59,545.39,0.59,-142.33,-0.15,-60622.07,-606.22
2525,매도 청산,2025-08-01 10:00,XS1,3290.21,78.03,256682.8062,-52.28,-0.02,4.29,0.00,-343.72,-0.13,-60674.35,-606.74
2525,매도 진입,2025-08-01 09:40,S1,3289.54,78.03,256682.8062,-52.28,-0.02,4.29,0.00,-343.72,-0.13,-60674.35,-606.74
2526,매도 청산,2025-08-01 10:00,XS2,3290.21,95.37,313945.6419,158.31,0.05,217.44,0.07,-197.89,-0.06,-60516.04,-605.16
2526,매도 진입,2025-08-01 09:40,S2,3291.87,95.37,313945.6419,158.31,0.05,217.44,0.07,-197.89,-0.06,-60516.04,-605.16
2527,매도 청산,2025-08-01 10:00,XS2,3290.21,95.37,314067.9062,280.58,0.09,339.71,0.11,-75.63,-0.02,-60235.46,-602.35
2527,매도 진입,2025-08-01 09:40,S2,3293.152,95.37,314067.9062,280.58,0.09,339.71,0.11,-75.63,-0.02,-60235.46,-602.35
2528,매수 청산,2025-08-01 21:10,XL1,3301.525,54.76,180609.7058,181.8,0.10,181.8,0.10,-64.34,-0.04,-60053.66,-600.54
2528,매수 진입,2025-08-01 20:50,L1,3298.205,54.76,180609.7058,181.8,0.10,181.8,0.10,-64.34,-0.04,-60053.66,-600.54
2529,매수 청산,2025-08-04 22:40,XL1,3380.455,16.13,53981.38385,545.36,1.01,545.36,1.01,-97.02,-0.18,-59508.3,-595.08
2529,매수 진입,2025-08-02 01:10,L1,3346.645,16.13,53981.38385,545.36,1.01,545.36,1.01,-97.02,-0.18,-59508.3,-595.08
2530,매수 청산,2025-08-05 14:50,XL1,3372.385,39.96,134760.5046,0,0.00,399,0.30,-184.62,-0.14,-59508.3,-595.08
2530,매수 진입,2025-08-05 00:30,L1,3372.385,39.96,134760.5046,0,0.00,399,0.30,-184.62,-0.14,-59508.3,-595.08
2531,매수 청산,2025-08-05 14:50,XL2,3372.385,48.84,164485.0614,222.22,0.14,222.22,0.14,-3.42,0.00,-59286.08,-592.86
2531,매수 진입,2025-08-05 14:10,L2,3367.835,48.84,164485.0614,222.22,0.14,222.22,0.14,-3.42,0.00,-59286.08,-592.86
2532,매도 청산,2025-08-06 16:10,XS1,3372.175,79.57,268323.9647,0,0.00,109.81,0.04,-530.73,-0.20,-59286.08,-592.86
2532,매도 진입,2025-08-06 14:40,S1,3372.175,79.57,268323.9647,0,0.00,109.81,0.04,-530.73,-0.20,-59286.08,-592.86
2533,매도 청산,2025-08-06 16:10,XS2,3372.175,97.25,328166.235,222.22,0.07,222.22,0.07,-426.44,-0.13,-59063.87,-590.64
2533,매도 진입,2025-08-06 14:50,S2,3374.46,97.25,328166.235,222.22,0.07,222.22,0.07,-426.44,-0.13,-59063.87,-590.64
2534,매도 청산,2025-08-06 16:10,XS3,3372.175,125.03,422194.4274,571.39,0.14,571.39,0.14,-262.56,-0.06,-58492.48,-584.92
2534,매도 진입,2025-08-06 15:00,S3,3376.745,125.03,422194.4274,571.39,0.14,571.39,0.14,-262.56,-0.06,-58492.48,-584.92
2535,매도 청산,2025-08-06 17:10,XS1,3369.265,62.48,210976.216,464.54,0.22,464.54,0.22,-15.31,-0.01,-58027.94,-580.28
2535,매도 진입,2025-08-06 16:50,S1,3376.7,62.48,210976.216,464.54,0.22,464.54,0.22,-15.31,-0.01,-58027.94,-580.28
2536,매도 청산,2025-08-06 21:00,XS1,3363.415,62.48,210327.986,181.82,0.09,181.82,0.09,-45.3,-0.02,-57846.12,-578.46
2536,매도 진입,2025-08-06 20:30,S1,3366.325,62.48,210327.986,181.82,0.09,181.82,0.09,-45.3,-0.02,-57846.12,-578.46
2537,매수 청산,2025-08-07 16:30,XL1,3394.505,27.56,93007.2832,545.27,0.59,545.27,0.59,-84.75,-0.09,-57300.85,-573.01
2537,매수 진입,2025-08-07 14:40,L1,3374.72,27.56,93007.2832,545.27,0.59,545.27,0.59,-84.75,-0.09,-57300.85,-573.01
2538,매수 청산,2025-08-07 17:40,XL1,3381.362,79.74,269879.6313,-249.83,-0.09,186.59,0.07,-964.85,-0.36,-57550.68,-575.51
2538,매수 진입,2025-08-07 17:10,L1,3384.495,79.74,269879.6313,-249.83,-0.09,186.59,0.07,-964.85,-0.36,-57550.68,-575.51
2539,매수 청산,2025-08-07 17:40,XL2,3381.362,97.46,329630.6739,-83.13,-0.03,0,0.00,-957.06,-0.29,-57633.81,-576.34
2539,매수 진입,2025-08-07 17:10,L2,3382.215,97.46,329630.6739,-83.13,-0.03,0,0.00,-957.06,-0.29,-57633.81,-576.34
2540,매수 청산,2025-08-07 17:40,XL2,3381.362,97.46,329508.4591,39.08,0.01,93.46,0.03,-834.84,-0.25,-57594.73,-575.95
2540,매수 진입,2025-08-07 17:10,L2,3380.961,97.46,329508.4591,39.08,0.01,93.46,0.03,-834.84,-0.25,-57594.73,-575.95
2541,매수 청산,2025-08-07 17:40,XL2,3381.362,97.46,329429.5165,118.02,0.04,144.63,0.04,-755.9,-0.23,-57476.7,-574.77
2541,매수 진입,2025-08-07 17:10,L2,3380.151,97.46,329429.5165,118.02,0.04,144.63,0.04,-755.9,-0.23,-57476.7,-574.77
2542,매수 청산,2025-08-07 17:40,XL2,3381.362,97.46,329371.3328,176.21,0.05,202.81,0.06,-697.72,-0.21,-57300.5,-573.00
2542,매수 진입,2025-08-07 17:10,L2,3379.554,97.46,329371.3328,176.21,0.05,202.81,0.06,-697.72,-0.21,-57300.5,-573.00
2543,매수 청산,2025-08-07 17:40,XL2,3381.362,97.46,329325.2343,222.31,0.07,222.31,0.07,-651.62,-0.20,-57078.19,-570.78
2543,매수 진입,2025-08-07 17:20,L2,3379.081,97.46,329325.2343,222.31,0.07,222.31,0.07,-651.62,-0.20,-57078.19,-570.78
2544,매수 청산,2025-08-07 17:40,XL3,3381.362,125.31,423146.9333,571.54,0.14,571.54,0.14,-552.12,-0.13,-56506.65,-565.07
2544,매수 진입,2025-08-07 17:20,L3,3376.801,125.31,423146.9333,571.54,0.14,571.54,0.14,-552.12,-0.13,-56506.65,-565.07
2545,매수 청산,2025-08-07 17:40,XL4,3381.362,175.43,591992.219,1200.12,0.20,1200.12,0.20,-372.96,-0.06,-55306.53,-553.07
2545,매수 진입,2025-08-07 17:20,L4,3374.521,175.43,591992.219,1200.12,0.20,1200.12,0.20,-372.96,-0.06,-55306.53,-553.07
2546,매수 청산,2025-08-08 03:00,XL1,3393.415,43.08,145642.9254,545.39,0.37,545.39,0.37,-107.05,-0.07,-54761.14,-547.61
2546,매수 진입,2025-08-07 23:10,L1,3380.755,43.08,145642.9254,545.39,0.37,545.39,0.37,-107.05,-0.07,-54761.14,-547.61
2547,매도 청산,2025-08-11 18:00,XS1,3359.58,33.2,111719.826,181.77,0.16,181.77,0.16,-21.25,-0.02,-54579.37,-545.79
2547,매도 진입,2025-08-11 17:30,S1,3365.055,33.2,111719.826,181.77,0.16,181.77,0.16,-21.25,-0.02,-54579.37,-545.79
2548,매도 청산,2025-08-12 15:00,반대신호정리,3354.525,25.84,86835.7076,154.78,0.18,500.26,0.58,-64.34,-0.07,-54424.59,-544.25
2548,매도 진입,2025-08-11 22:50,S1,3360.515,25.84,86835.7076,154.78,0.18,500.26,0.58,-64.34,-0.07,-54424.59,-544.25
2549,매수 청산,2025-08-12 17:30,XL2,3348.36,40.99,137431.0671,-181.79,-0.13,43.65,0.03,-181.79,-0.13,-54606.38,-546.06
2549,매수 진입,2025-08-12 17:20,L1,3352.795,40.99,137431.0671,-181.79,-0.13,43.65,0.03,-181.79,-0.13,-54606.38,-546.06
2550,매수 청산,2025-08-12 17:30,XL2,3348.36,9.11,30503.5596,0,0.00,0,0.00,0,0.00,-54606.38,-546.06
2550,매수 진입,2025-08-12 17:30,L2,3348.36,9.11,30503.5596,0,0.00,0,0.00,0,0.00,-54606.38,-546.06
2551,매수 청산,2025-08-12 21:30,XL1,3352.795,40.99,137249.2764,181.79,0.13,181.79,0.13,-497.82,-0.36,-54424.59,-544.25
2551,매수 진입,2025-08-12 17:30,L2,3348.36,40.99,137249.2764,181.79,0.13,181.79,0.13,-497.82,-0.36,-54424.59,-544.25
2552,매수 청산,2025-08-12 21:30,XL3,3352.795,64.42,215415.6485,571.41,0.27,571.41,0.27,-496.68,-0.23,-53853.18,-538.53
2552,매수 진입,2025-08-12 20:00,L3,3343.925,64.42,215415.6485,571.41,0.27,571.41,0.27,-496.68,-0.23,-53853.18,-538.53
2553,매수 청산,2025-08-12 21:30,XL4,3352.795,90.19,301188.6031,1199.98,0.40,1199.98,0.40,-295.37,-0.10,-52653.2,-526.53
2553,매수 진입,2025-08-12 20:20,L4,3339.49,90.19,301188.6031,1199.98,0.40,1199.98,0.40,-295.37,-0.10,-52653.2,-526.53
2554,매수 청산,2025-08-13 17:30,XL1,3358.435,48.81,163743.3951,181.82,0.11,181.82,0.11,-87.61,-0.05,-52471.39,-524.71
2554,매수 진입,2025-08-13 17:00,L1,3354.71,48.81,163743.3951,181.82,0.11,181.82,0.11,-87.61,-0.05,-52471.39,-524.71
2555,매수 청산,2025-08-14 15:20,반대신호정리,3358.86,83.21,280111.0711,-620.33,-0.22,362.8,0.13,-892.01,-0.32,-53091.72,-530.92
2555,매수 진입,2025-08-14 10:30,L1,3366.315,83.21,280111.0711,-620.33,-0.22,362.8,0.13,-892.01,-0.32,-53091.72,-530.92
2556,매수 청산,2025-08-14 15:20,반대신호정리,3358.86,101.7,342132.021,-535.96,-0.16,28.98,0.01,-868.01,-0.25,-53627.68,-536.28
2556,매수 진입,2025-08-14 11:50,L2,3364.13,101.7,342132.021,-535.96,-0.16,28.98,0.01,-868.01,-0.25,-53627.68,-536.28
2557,매수 청산,2025-08-14 15:20,반대신호정리,3358.86,130.76,439607.9282,-403.39,-0.09,17.65,0.00,-830.33,-0.19,-54031.07,-540.31
2557,매수 진입,2025-08-14 12:00,L3,3361.945,130.76,439607.9282,-403.39,-0.09,17.65,0.00,-830.33,-0.19,-54031.07,-540.31
2558,매수 청산,2025-08-14 15:20,반대신호정리,3358.86,183.06,615037.6656,-164.75,-0.03,424.7,0.07,-762.44,-0.12,-54195.82,-541.96
2558,매수 진입,2025-08-14 12:00,L4,3359.76,183.06,615037.6656,-164.75,-0.03,424.7,0.07,-762.44,-0.12,-54195.82,-541.96
2559,매수 청산,2025-08-14 15:20,반대신호정리,3358.86,305.11,1024429.708,392.07,0.04,1374.52,0.13,-604.12,-0.06,-53803.76,-538.04
2559,매수 진입,2025-08-14 12:10,L5,3357.575,305.11,1024429.708,392.07,0.04,1374.52,0.13,-604.12,-0.06,-53803.76,-538.04
2560,매도 청산,2025-08-14 18:40,XS1,3355.344,37.18,124651.7129,-99.98,-0.08,52.98,0.04,-243.9,-0.20,-53903.74,-539.04
2560,매도 진입,2025-08-14 18:10,S1,3352.655,37.18,124651.7129,-99.98,-0.08,52.98,0.04,-243.9,-0.20,-53903.74,-539.04
2561,매도 청산,2025-08-14 18:40,XS2,3355.344,45.44,152566.8448,100.01,0.07,100.01,0.07,-75.88,-0.05,-53803.72,-538.04
2561,매도 진입,2025-08-14 18:10,S2,3357.545,45.44,152566.8448,100.01,0.07,100.01,0.07,-75.88,-0.05,-53803.72,-538.04
2562,매수 청산,2025-08-15 23:00,XL1,3337.31,65.28,217859.5968,0,0.00,287.23,0.13,-277.44,-0.13,-53803.72,-538.04
2562,매수 진입,2025-08-15 22:20,L1,3337.31,65.28,217859.5968,0,0.00,287.23,0.13,-277.44,-0.13,-53803.72,-538.04
2563,매수 청산,2025-08-15 23:00,XL2,3337.31,79.79,266061.7498,222.22,0.08,222.22,0.08,-116.89,-0.04,-53581.51,-535.82
2563,매수 진입,2025-08-15 22:40,L2,3334.525,79.79,266061.7498,222.22,0.08,222.22,0.08,-116.89,-0.04,-53581.51,-535.82
2564,매수 청산,2025-08-16 03:30,반대신호정리,3337.215,40.76,136261.699,-236.82,-0.17,11.21,0.01,-334.44,-0.25,-53818.32,-538.18
2564,매수 진입,2025-08-16 00:50,L1,3343.025,40.76,136261.699,-236.82,-0.17,11.21,0.01,-334.44,-0.25,-53818.32,-538.18
2565,매수 청산,2025-08-16 03:30,반대신호정리,3337.215,49.82,166327.3083,-67.26,-0.04,48.33,0.03,-186.58,-0.11,-53885.58,-538.86
2565,매수 진입,2025-08-16 01:10,L2,3338.565,49.82,166327.3083,-67.26,-0.04,48.33,0.03,-186.58,-0.11,-53885.58,-538.86
2566,매도 청산,2025-08-18 11:50,XS1,3343.02,49.07,163489.4632,-552.53,-0.34,0.74,0.00,-781.93,-0.48,-54438.11,-544.38
2566,매도 진입,2025-08-18 09:10,S1,3331.76,49.07,163489.4632,-552.53,-0.34,0.74,0.00,-781.93,-0.48,-54438.11,-544.38
2567,매도 청산,2025-08-18 11:50,XS2,3343.02,59.97,200027.8361,-453.07,-0.23,21.29,0.01,-733.43,-0.37,-54891.18,-548.91
2567,매도 진입,2025-08-18 09:10,S2,3335.465,59.97,200027.8361,-453.07,-0.23,21.29,0.01,-733.43,-0.37,-54891.18,-548.91
2568,매도 청산,2025-08-18 11:50,XS2,3343.02,59.97,200150.0549,-330.85,-0.17,0,0.00,-611.21,-0.31,-55222.03,-552.22
2568,매도 진입,2025-08-18 09:10,S2,3337.503,59.97,200150.0549,-330.85,-0.17,0,0.00,-611.21,-0.31,-55222.03,-552.22
2569,매도 청산,2025-08-18 11:50,XS2,3343.02,59.97,200228.9155,-251.99,-0.13,77.54,0.04,-532.35,-0.27,-55474.03,-554.74
2569,매도 진입,2025-08-18 09:20,S2,3338.818,59.97,200228.9155,-251.99,-0.13,77.54,0.04,-532.35,-0.27,-55474.03,-554.74
2570,매도 청산,2025-08-18 11:50,XS3,3343.02,77.11,257741.9485,-38.32,-0.01,218.84,0.08,-398.81,-0.15,-55512.35,-555.12
2570,매도 진입,2025-08-18 09:40,S3,3342.523,77.11,257741.9485,-38.32,-0.01,218.84,0.08,-398.81,-0.15,-55512.35,-555.12
2571,매도 청산,2025-08-18 11:50,XS4,3343.02,107.96,361258.7749,346.34,0.10,413.81,0.11,-158.38,-0.04,-55166.02,-551.66
2571,매도 진입,2025-08-18 10:50,S4,3346.228,107.96,361258.7749,346.34,0.10,413.81,0.11,-158.38,-0.04,-55166.02,-551.66
2572,매수 청산,2025-08-20 03:20,반대신호정리,3318.85,28.43,94987.1887,-632.28,-0.67,124.38,0.13,-741.6,-0.78,-55798.3,-557.98
2572,매수 진입,2025-08-19 16:10,L1,3341.09,28.43,94987.1887,-632.28,-0.67,124.38,0.13,-741.6,-0.78,-55798.3,-557.98
2573,매수 청산,2025-08-20 03:20,반대신호정리,3318.85,34.74,115847.3043,-550.46,-0.48,168.84,0.15,-684.03,-0.59,-56348.76,-563.49
2573,매수 진입,2025-08-19 21:40,L2,3334.695,34.74,115847.3043,-550.46,-0.48,168.84,0.15,-684.03,-0.59,-56348.76,-563.49
2574,매수 청산,2025-08-20 03:20,반대신호정리,3318.85,44.67,148675.161,-422.13,-0.28,502.76,0.34,-593.89,-0.40,-56770.89,-567.71
2574,매수 진입,2025-08-19 22:10,L3,3328.3,44.67,148675.161,-422.13,-0.28,502.76,0.34,-593.89,-0.40,-56770.89,-567.71
2575,매도 청산,2025-08-20 17:10,반대신호정리,3324.44,28.81,95545.33995,-231.78,-0.24,139.3,0.15,-323.1,-0.34,-57002.66,-570.03
2575,매도 진입,2025-08-20 05:40,S1,3316.395,28.81,95545.33995,-231.78,-0.24,139.3,0.15,-323.1,-0.34,-57002.66,-570.03
2576,매도 청산,2025-08-20 17:10,반대신호정리,3324.44,35.21,116992.4431,-61.09,-0.05,35.74,0.03,-172.71,-0.15,-57063.75,-570.64
2576,매도 진입,2025-08-20 14:50,S2,3322.705,35.21,116992.4431,-61.09,-0.05,35.74,0.03,-172.71,-0.15,-57063.75,-570.64
2577,매수 청산,2025-08-20 20:10,XL1,3328.82,57.9,192556.872,181.81,0.09,181.81,0.09,-104.8,-0.05,-56881.95,-568.82
2577,매수 진입,2025-08-20 19:20,L1,3325.68,57.9,192556.872,181.81,0.09,181.81,0.09,-104.8,-0.05,-56881.95,-568.82
2578,매수 청산,2025-08-20 22:50,XL1,3343.985,57.9,193434.9255,181.81,0.09,435.41,0.23,-25.48,-0.01,-56700.14,-567.00
2578,매수 진입,2025-08-20 22:30,L1,3340.845,57.9,193434.9255,181.81,0.09,435.41,0.23,-25.48,-0.01,-56700.14,-567.00
2579,매도 청산,2025-08-21 19:10,XS1,3339.605,79.74,266300.1027,0,0.00,139.94,0.05,-213.7,-0.08,-56700.14,-567.00
2579,매도 진입,2025-08-21 16:40,S1,3339.605,79.74,266300.1027,0,0.00,139.94,0.05,-213.7,-0.08,-56700.14,-567.00
2580,매도 청산,2025-08-21 19:10,XS2,3339.605,97.46,325700.1121,222.21,0.07,222.21,0.07,-38.98,-0.01,-56477.93,-564.78
2580,매도 진입,2025-08-21 18:50,S2,3341.885,97.46,325700.1121,222.21,0.07,222.21,0.07,-38.98,-0.01,-56477.93,-564.78
2581,매도 청산,2025-08-21 22:40,XS1,3342.565,79.74,266717.9403,181.81,0.07,181.81,0.07,-223.27,-0.08,-56296.12,-562.96
2581,매도 진입,2025-08-21 22:20,S1,3344.845,79.74,266717.9403,181.81,0.07,181.81,0.07,-223.27,-0.08,-56296.12,-562.96
2582,매도 청산,2025-08-21 22:40,XS2,3342.565,97.46,326210.8025,444.42,0.14,444.42,0.14,-50.68,-0.02,-55851.71,-558.52
2582,매도 진입,2025-08-21 22:30,S2,3347.125,97.46,326210.8025,444.42,0.14,444.42,0.14,-50.68,-0.02,-55851.71,-558.52
2583,매도 청산,2025-08-22 13:10,XS1,3331.295,67.34,224874.8593,545.45,0.24,545.45,0.24,-175.08,-0.08,-55306.25,-553.06
2583,매도 진입,2025-08-22 04:00,S1,3339.395,67.34,224874.8593,545.45,0.24,545.45,0.24,-175.08,-0.08,-55306.25,-553.06
2584,매도 청산,2025-08-22 16:30,XS1,3329.665,92.76,308859.7254,0,0.00,370.11,0.12,-508.79,-0.16,-55306.25,-553.06
2584,매도 진입,2025-08-22 14:30,S1,3329.665,92.76,308859.7254,0,0.00,370.11,0.12,-508.79,-0.16,-55306.25,-553.06
2585,매도 청산,2025-08-22 16:30,XS2,3329.665,113.37,377706.3263,222.21,0.06,222.21,0.06,-399.63,-0.11,-55084.05,-550.84
2585,매도 진입,2025-08-22 16:00,S2,3331.625,113.37,377706.3263,222.21,0.06,222.21,0.06,-399.63,-0.11,-55084.05,-550.84
2586,매도 청산,2025-08-22 16:30,XS3,3329.665,145.77,485936.6855,571.42,0.12,571.42,0.12,-228.13,-0.05,-54512.63,-545.13
2586,매도 진입,2025-08-22 16:00,S3,3333.585,145.77,485936.6855,571.42,0.12,571.42,0.12,-228.13,-0.05,-54512.63,-545.13
2587,매도 청산,2025-08-22 21:30,XS1,3324.305,36.03,119956.4805,181.77,0.15,181.77,0.15,-91.16,-0.08,-54330.86,-543.31
2587,매도 진입,2025-08-22 17:30,S1,3329.35,36.03,119956.4805,181.77,0.15,181.77,0.15,-91.16,-0.08,-54330.86,-543.31
2588,매수 청산,2025-08-25 15:20,XL1,3368.59,34.11,114902.6049,0,0.00,237.58,0.21,-300.51,-0.26,-54330.86,-543.31
2588,매수 진입,2025-08-23 00:50,L1,3368.59,34.11,114902.6049,0,0.00,237.58,0.21,-300.51,-0.26,-54330.86,-543.31
2589,매수 청산,2025-08-25 15:20,XL2,3368.59,41.69,140214.3094,222.21,0.16,222.21,0.16,-145.08,-0.10,-54108.65,-541.09
2589,매수 진입,2025-08-25 10:30,L2,3363.26,41.69,140214.3094,222.21,0.16,222.21,0.16,-145.08,-0.10,-54108.65,-541.09
2590,매수 청산,2025-08-26 09:10,반대신호정리,3360.23,43.91,148086.2554,-538.56,-0.36,107.58,0.07,-929.36,-0.63,-54647.21,-546.47
2590,매수 진입,2025-08-26 00:40,L1,3372.495,43.91,148086.2554,-538.56,-0.36,107.58,0.07,-929.36,-0.63,-54647.21,-546.47
2591,매수 청산,2025-08-26 09:10,반대신호정리,3360.23,53.67,180779.6129,-436.07,-0.24,64.94,0.04,-913.73,-0.51,-55083.28,-550.83
2591,매수 진입,2025-08-26 04:00,L2,3368.355,53.67,180779.6129,-436.07,-0.24,64.94,0.04,-913.73,-0.51,-55083.28,-550.83
2592,매도 청산,2025-08-27 16:00,XS1,3375.84,45.56,153803.2704,0,0.00,4.1,0.00,-284.07,-0.18,-55083.28,-550.83
2592,매도 진입,2025-08-27 14:30,S1,3375.84,45.56,153803.2704,0,0.00,4.1,0.00,-284.07,-0.18,-55083.28,-550.83
2593,매도 청산,2025-08-27 16:00,XS2,3375.84,55.69,188222.7327,222.2,0.12,222.2,0.12,-125.02,-0.07,-54861.07,-548.61
2593,매도 진입,2025-08-27 15:10,S2,3379.83,55.69,188222.7327,222.2,0.12,222.2,0.12,-125.02,-0.07,-54861.07,-548.61
2594,매도 청산,2025-08-27 18:50,XS1,3379.825,57.08,192920.411,0,0.00,36.25,0.02,-328.5,-0.17,-54861.07,-548.61
2594,매도 진입,2025-08-27 16:50,S1,3379.825,57.08,192920.411,0,0.00,36.25,0.02,-328.5,-0.17,-54861.07,-548.61
2595,매도 청산,2025-08-27 18:50,XS2,3379.825,69.77,236032.6077,222.22,0.09,222.22,0.09,-179.31,-0.08,-54638.85,-546.39
2595,매도 진입,2025-08-27 17:00,S2,3383.01,69.77,236032.6077,222.22,0.09,222.22,0.09,-179.31,-0.08,-54638.85,-546.39
2596,매수 청산,2025-08-28 12:10,XL1,3392.52,43.23,146658.6396,0,0.00,295.91,0.20,-341.52,-0.23,-54638.85,-546.39
2596,매수 진입,2025-08-28 03:10,L1,3392.52,43.23,146658.6396,0,0.00,295.91,0.20,-341.52,-0.23,-54638.85,-546.39
2597,매수 청산,2025-08-28 12:10,XL2,3392.52,52.84,179038.5646,222.19,0.12,222.19,0.12,-195.24,-0.11,-54416.66,-544.17
2597,매수 진입,2025-08-28 10:20,L2,3388.315,52.84,179038.5646,222.19,0.12,222.19,0.12,-195.24,-0.11,-54416.66,-544.17
2598,매수 청산,2025-08-28 20:20,XL1,3399.33,62.91,213851.8503,0,0.00,71.72,0.03,-338.14,-0.16,-54416.66,-544.17
2598,매수 진입,2025-08-28 18:30,L1,3399.33,62.91,213851.8503,0,0.00,71.72,0.03,-338.14,-0.16,-54416.66,-544.17
2599,매수 청산,2025-08-28 20:20,XL2,3399.33,76.89,261152.2716,222.21,0.09,222.21,0.09,-191.07,-0.07,-54194.45,-541.94
2599,매수 진입,2025-08-28 19:00,L2,3396.44,76.89,261152.2716,222.21,0.09,222.21,0.09,-191.07,-0.07,-54194.45,-541.94
2600,매도 청산,2025-08-29 18:00,XS1,3409.74,56.9,194196.0015,181.8,0.09,184.64,0.10,-4.55,0.00,-54012.66,-540.13
2600,매도 진입,2025-08-29 17:40,S1,3412.935,56.9,194196.0015,181.8,0.09,184.64,0.10,-4.55,0.00,-54012.66,-540.13
2601,매수 청산,2025-09-01 11:00,XL1,3462.85,27.05,93124.7645,545.33,0.59,545.33,0.59,-153.24,-0.16,-53467.33,-534.67
2601,매수 진입,2025-08-30 01:20,L1,3442.69,27.05,93124.7645,545.33,0.59,545.33,0.59,-153.24,-0.16,-53467.33,-534.67
2602,매수 청산,2025-09-01 16:50,XL1,3475.25,28.08,97585.02,0,0.00,409.83,0.42,-215.09,-0.22,-53467.33,-534.67
2602,매수 진입,2025-09-01 13:20,L1,3475.25,28.08,97585.02,0,0.00,409.83,0.42,-215.09,-0.22,-53467.33,-534.67
2603,매수 청산,2025-09-01 16:50,XL2,3475.25,34.32,119048.358,222.22,0.19,222.22,0.19,-40.67,-0.03,-53245.1,-532.45
2603,매수 진입,2025-09-01 16:30,L2,3468.775,34.32,119048.358,222.22,0.19,222.22,0.19,-40.67,-0.03,-53245.1,-532.45
2604,매수 청산,2025-09-01 19:10,XL1,3473.26,41.36,143654.0336,0,0.00,70.93,0.05,-284.35,-0.20,-53245.1,-532.45
2604,매수 진입,2025-09-01 18:10,L1,3473.26,41.36,143654.0336,0,0.00,70.93,0.05,-284.35,-0.20,-53245.1,-532.45
2605,매수 청산,2025-09-01 19:10,XL2,3473.26,50.56,175385.8144,222.21,0.13,222.21,0.13,-125.39,-0.07,-53022.89,-530.23
2605,매수 진입,2025-09-01 18:30,L2,3468.865,50.56,175385.8144,222.21,0.13,222.21,0.13,-125.39,-0.07,-53022.89,-530.23
2606,매수 청산,2025-09-02 19:10,XL1,3482.89,37.91,132399.9168,-363.56,-0.27,227.08,0.17,-850.32,-0.64,-53386.45,-533.86
2606,매수 진입,2025-09-02 12:20,L1,3492.48,37.91,132399.9168,-363.56,-0.27,227.08,0.17,-850.32,-0.64,-53386.45,-533.86
2607,매수 청산,2025-09-02 19:10,XL2,3482.89,46.34,161619.3229,-222.2,-0.14,120.72,0.07,-817.21,-0.51,-53608.65,-536.09
2607,매수 진입,2025-09-02 15:20,L2,3487.685,46.34,161619.3229,-222.2,-0.14,120.72,0.07,-817.21,-0.51,-53608.65,-536.09
2608,매수 청산,2025-09-02 19:10,XL3,3482.89,59.58,207510.5862,0,0.00,181.72,0.09,-765.01,-0.37,-53608.65,-536.09
2608,매수 진입,2025-09-02 16:20,L3,3482.89,59.58,207510.5862,0,0.00,181.72,0.09,-765.01,-0.37,-53608.65,-536.09
2609,매수 청산,2025-09-02 19:10,XL4,3482.89,83.42,290142.6849,400,0.14,400,0.14,-671.11,-0.23,-53208.65,-532.09
2609,매수 진입,2025-09-02 16:50,L4,3478.095,83.42,290142.6849,400,0.14,400,0.14,-671.11,-0.23,-53208.65,-532.09
2610,매수 청산,2025-09-02 19:10,XL5,3482.89,139.03,482892.899,1333.3,0.28,1333.3,0.28,-451.85,-0.09,-51875.35,-518.75
2610,매수 진입,2025-09-02 16:50,L5,3473.3,139.03,482892.899,1333.3,0.28,1333.3,0.28,-451.85,-0.09,-51875.35,-518.75
2611,매도 청산,2025-09-04 14:50,XS1,3526.62,75.44,266593.644,545.43,0.20,545.43,0.20,-35.83,-0.01,-51329.93,-513.30
2611,매도 진입,2025-09-04 13:10,S1,3533.85,75.44,266593.644,545.43,0.20,545.43,0.20,-35.83,-0.01,-51329.93,-513.30
2612,매도 청산,2025-09-04 15:50,XS1,3538.425,75.44,266895.7812,-43,-0.02,192.75,0.07,-306.66,-0.11,-51372.93,-513.73
2612,매도 진입,2025-09-04 15:30,S1,3537.855,75.44,266895.7812,-43,-0.02,192.75,0.07,-306.66,-0.11,-51372.93,-513.73
2613,매도 청산,2025-09-04 15:50,XS2,3538.425,92.2,326412.433,169.65,0.05,457.77,0.14,-152.59,-0.05,-51203.28,-512.03
2613,매도 진입,2025-09-04 15:30,S2,3540.265,92.2,326412.433,169.65,0.05,457.77,0.14,-152.59,-0.05,-51203.28,-512.03
2614,매도 청산,2025-09-04 15:50,XS2,3538.425,92.2,326534.6902,291.91,0.09,580.03,0.18,-30.33,-0.01,-50911.37,-509.11
2614,매도 진입,2025-09-04 15:30,S2,3541.591,92.2,326534.6902,291.91,0.09,580.03,0.18,-30.33,-0.01,-50911.37,-509.11
2615,매도 청산,2025-09-04 19:20,XS1,3539.725,24.45,86546.27625,0,0.00,71.15,0.08,-182.4,-0.21,-50911.37,-509.11
2615,매도 진입,2025-09-04 16:40,S1,3539.725,24.45,86546.27625,0,0.00,71.15,0.08,-182.4,-0.21,-50911.37,-509.11
2616,매도 청산,2025-09-04 19:20,XS2,3539.725,29.88,105989.1408,222.16,0.21,222.16,0.21,-0.75,0.00,-50689.21,-506.89
2616,매도 진입,2025-09-04 19:00,S2,3547.16,29.88,105989.1408,222.16,0.21,222.16,0.21,-0.75,0.00,-50689.21,-506.89
2617,매수 청산,2025-09-05 11:50,XL1,3551.43,53.16,188794.0188,0,0.00,274.84,0.15,-291.58,-0.15,-50689.21,-506.89
2617,매수 진입,2025-09-05 09:30,L1,3551.43,53.16,188794.0188,0,0.00,274.84,0.15,-291.58,-0.15,-50689.21,-506.89
2618,매수 청산,2025-09-05 11:50,XL2,3551.43,64.97,230514.2097,222.2,0.10,222.2,0.10,-134.16,-0.06,-50467.02,-504.67
2618,매수 진입,2025-09-05 11:30,L2,3548.01,64.97,230514.2097,222.2,0.10,222.2,0.10,-134.16,-0.06,-50467.02,-504.67
2619,매수 청산,2025-09-08 16:10,XL1,3602.88,23.19,83005.3584,545.43,0.66,545.43,0.66,-141.92,-0.17,-49921.59,-499.22
2619,매수 진입,2025-09-05 23:30,L1,3579.36,23.19,83005.3584,545.43,0.66,545.43,0.66,-141.92,-0.17,-49921.59,-499.22
2620,매수 청산,2025-09-08 19:00,XL1,3615.54,42.83,154671.7649,181.81,0.12,181.81,0.12,-111.14,-0.07,-49739.77,-497.40
2620,매수 진입,2025-09-08 18:00,L1,3611.295,42.83,154671.7649,181.81,0.12,181.81,0.12,-111.14,-0.07,-49739.77,-497.40
2621,매수 청산,2025-09-08 21:00,XL1,3619.84,42.83,154921.2496,116.5,0.08,126.56,0.08,-188.24,-0.12,-49623.28,-496.23
2621,매수 진입,2025-09-08 20:00,L1,3617.12,42.83,154921.2496,116.5,0.08,126.56,0.08,-188.24,-0.12,-49623.28,-496.23
2622,매수 청산,2025-09-08 21:00,XL2,3619.84,52.34,189097.8775,364.55,0.19,376.85,0.20,-7.85,0.00,-49258.73,-492.59
2622,매수 진입,2025-09-08 20:40,L2,3612.875,52.34,189097.8775,364.55,0.19,376.85,0.20,-7.85,0.00,-49258.73,-492.59
2623,매수 청산,2025-09-09 12:30,XL1,3648.795,74.21,270689.8802,87.2,0.03,330.98,0.12,-282,-0.10,-49171.53,-491.72
2623,매수 진입,2025-09-09 12:00,L1,3647.62,74.21,270689.8802,87.2,0.03,330.98,0.12,-282,-0.10,-49171.53,-491.72
2624,매수 청산,2025-09-09 12:30,XL2,3648.795,90.7,330616.919,328.79,0.10,409.96,0.12,-122.44,-0.04,-48842.75,-488.43
2624,매수 진입,2025-09-09 12:10,L2,3645.17,90.7,330616.919,328.79,0.10,409.96,0.12,-122.44,-0.04,-48842.75,-488.43
2625,매수 청산,2025-09-10 18:50,XL1,3654.255,27.56,100490.0988,221.17,0.22,236.88,0.24,-13.09,-0.01,-48621.58,-486.22
2625,매수 진입,2025-09-10 18:30,L1,3646.23,27.56,100490.0988,221.17,0.22,236.88,0.24,-13.09,-0.01,-48621.58,-486.22
2626,매수 청산,2025-09-10 21:30,XL1,3654.53,27.56,100718.8468,0,0.00,54.16,0.05,-200.64,-0.20,-48621.58,-486.22
2626,매수 진입,2025-09-10 20:10,L1,3654.53,27.56,100718.8468,0,0.00,54.16,0.05,-200.64,-0.20,-48621.58,-486.22
2627,매수 청산,2025-09-10 21:30,XL2,3654.53,33.69,122898.9301,222.19,0.18,222.19,0.18,-23.08,-0.02,-48399.39,-483.99
2627,매수 진입,2025-09-10 21:10,L2,3647.935,33.69,122898.9301,222.19,0.18,222.19,0.18,-23.08,-0.02,-48399.39,-483.99
2628,매도 청산,2025-09-11 16:00,XS1,3631.295,32.7,118743.3465,0,0.00,279.42,0.24,-216.64,-0.18,-48399.39,-483.99
2628,매도 진입,2025-09-11 14:30,S1,3631.295,32.7,118743.3465,0,0.00,279.42,0.24,-216.64,-0.18,-48399.39,-483.99
2629,매도 청산,2025-09-11 16:00,XS2,3631.295,39.96,145328.7258,222.18,0.15,222.18,0.15,-42.56,-0.03,-48177.21,-481.77
2629,매도 진입,2025-09-11 15:40,S2,3636.855,39.96,145328.7258,222.18,0.15,222.18,0.15,-42.56,-0.03,-48177.21,-481.77
2630,매수 청산,2025-09-12 16:00,XL1,3653.125,59.22,216338.0625,0,0.00,165.82,0.08,-280.41,-0.13,-48177.21,-481.77
2630,매수 진입,2025-09-12 14:30,L1,3653.125,59.22,216338.0625,0,0.00,165.82,0.08,-280.41,-0.13,-48177.21,-481.77
2631,매수 청산,2025-09-12 16:00,XL2,3653.125,72.38,264190.9809,222.21,0.08,222.21,0.08,-120.51,-0.05,-47955.01,-479.55
2631,매수 진입,2025-09-12 15:20,L2,3650.055,72.38,264190.9809,222.21,0.08,222.21,0.08,-120.51,-0.05,-47955.01,-479.55
2632,매도 청산,2025-09-15 11:50,XS1,3641.595,53.31,194033.4732,-99.96,-0.05,49.05,0.03,-317.19,-0.16,-48054.96,-480.55
2632,매도 진입,2025-09-15 11:10,S1,3639.72,53.31,194033.4732,-99.96,-0.05,49.05,0.03,-317.19,-0.16,-48054.96,-480.55
2633,매도 청산,2025-09-15 11:50,XS2,3641.595,65.16,237386.3508,100.02,0.04,100.02,0.04,-165.51,-0.07,-47954.94,-479.55
2633,매도 진입,2025-09-15 11:10,S2,3643.13,65.16,237386.3508,100.02,0.04,100.02,0.04,-165.51,-0.07,-47954.94,-479.55
2634,매도 청산,2025-09-15 11:50,XS2,3641.595,65.16,237508.591,222.26,0.09,222.26,0.09,-43.27,-0.02,-47732.68,-477.33
2634,매도 진입,2025-09-15 11:20,S2,3645.006,65.16,237508.591,222.26,0.09,222.26,0.09,-43.27,-0.02,-47732.68,-477.33
2635,매수 청산,2025-09-17 07:40,반대신호정리,3692.25,20.29,74645.2868,270.47,0.36,493.45,0.66,-85.52,-0.11,-47462.21,-474.62
2635,매수 진입,2025-09-16 03:20,L1,3678.92,20.29,74645.2868,270.47,0.36,493.45,0.66,-85.52,-0.11,-47462.21,-474.62
2636,매도 청산,2025-09-17 15:30,XS1,3674.47,61.63,227003.0116,545.43,0.24,545.43,0.24,-169.48,-0.07,-46916.79,-469.17
2636,매도 진입,2025-09-17 11:50,S1,3683.32,61.63,227003.0116,545.43,0.24,545.43,0.24,-169.48,-0.07,-46916.79,-469.17
2637,매도 청산,2025-09-17 19:10,XS1,3662.635,25.41,93249.3639,181.81,0.19,181.81,0.19,-34.18,-0.04,-46734.98,-467.35
2637,매도 진입,2025-09-17 18:20,S1,3669.79,25.41,93249.3639,181.81,0.19,181.81,0.19,-34.18,-0.04,-46734.98,-467.35
2638,매도 청산,2025-09-18 03:00,XS1,3668.29,25.41,93211.2489,0,0.00,94.91,0.10,-743.88,-0.80,-46734.98,-467.35
2638,매도 진입,2025-09-17 20:30,S1,3668.29,25.41,93211.2489,0,0.00,94.91,0.10,-743.88,-0.80,-46734.98,-467.35
2639,매도 청산,2025-09-18 03:00,XS2,3668.29,31.05,114122.5673,222.16,0.19,222.16,0.19,-686.83,-0.60,-46512.82,-465.13
2639,매도 진입,2025-09-17 21:40,S2,3675.445,31.05,114122.5673,222.16,0.19,222.16,0.19,-686.83,-0.60,-46512.82,-465.13
2640,매도 청산,2025-09-18 03:00,XS3,3668.29,39.93,147046.218,571.4,0.39,571.4,0.39,-597.55,-0.41,-45941.42,-459.41
2640,매도 진입,2025-09-17 22:30,S3,3682.6,39.93,147046.218,571.4,0.39,571.4,0.39,-597.55,-0.41,-45941.42,-459.41
2641,매도 청산,2025-09-18 20:20,반대신호정리,3670.37,27.13,98785.07775,-792.06,-0.80,6.38,0.01,-868.97,-0.88,-46733.48,-467.33
2641,매도 진입,2025-09-18 16:10,S1,3641.175,27.13,98785.07775,-792.06,-0.80,6.38,0.01,-868.97,-0.88,-46733.48,-467.33
2642,매도 청산,2025-09-18 20:20,반대신호정리,3670.37,33.16,120963.535,-745.93,-0.62,44.43,0.04,-839.94,-0.69,-47479.41,-474.79
2642,매도 진입,2025-09-18 16:10,S2,3647.875,33.16,120963.535,-745.93,-0.62,44.43,0.04,-839.94,-0.69,-47479.41,-474.79
2643,매도 청산,2025-09-18 20:20,반대신호정리,3670.37,33.16,121085.7628,-623.71,-0.52,41.48,0.03,-717.71,-0.59,-48103.12,-481.03
2643,매도 진입,2025-09-18 16:30,S2,3651.561,33.16,121085.7628,-623.71,-0.52,41.48,0.03,-717.71,-0.59,-48103.12,-481.03
2644,매도 청산,2025-09-18 20:20,반대신호정리,3670.37,42.64,155988.249,-516.33,-0.33,189.36,0.12,-637.21,-0.41,-48619.45,-486.19
2644,매도 진입,2025-09-18 16:40,S3,3658.261,42.64,155988.249,-516.33,-0.33,189.36,0.12,-637.21,-0.41,-48619.45,-486.19
2645,매도 청산,2025-09-18 20:20,반대신호정리,3670.37,59.7,218798.1717,-322.92,-0.15,12.6,0.01,-492.17,-0.22,-48942.37,-489.42
2645,매도 진입,2025-09-18 17:50,S4,3664.961,59.7,218798.1717,-322.92,-0.15,12.6,0.01,-492.17,-0.22,-48942.37,-489.42
2646,매도 청산,2025-09-18 20:20,반대신호정리,3670.37,99.5,365330.2695,128.45,0.04,609.04,0.17,-153.63,-0.04,-48813.91,-488.14
2646,매도 진입,2025-09-18 18:20,S5,3671.661,99.5,365330.2695,128.45,0.04,609.04,0.17,-153.63,-0.04,-48813.91,-488.14
2647,매수 청산,2025-09-19 16:40,XL1,3654.205,77.7,283931.7285,0,0.00,217.56,0.08,-839.55,-0.30,-48813.91,-488.14
2647,매수 진입,2025-09-19 14:40,L1,3654.205,77.7,283931.7285,0,0.00,217.56,0.08,-839.55,-0.30,-48813.91,-488.14
2648,매수 청산,2025-09-19 16:40,XL2,3654.205,94.96,346781.1004,222.21,0.06,222.21,0.06,-803.84,-0.23,-48591.71,-485.92
2648,매수 진입,2025-09-19 14:50,L2,3651.865,94.96,346781.1004,222.21,0.06,222.21,0.06,-803.84,-0.23,-48591.71,-485.92
2649,매수 청산,2025-09-19 16:40,XL3,3654.205,122.1,445607.0025,571.43,0.13,571.43,0.13,-747.86,-0.17,-48020.28,-480.20
2649,매수 진입,2025-09-19 15:10,L3,3649.525,122.1,445607.0025,571.43,0.13,571.43,0.13,-747.86,-0.17,-48020.28,-480.20
2650,매수 청산,2025-09-19 16:40,XL4,3654.205,170.94,623449.8039,1200,0.19,1200,0.19,-647.01,-0.10,-46820.28,-468.20
2650,매수 진입,2025-09-19 15:20,L4,3647.185,170.94,623449.8039,1200,0.19,1200,0.19,-647.01,-0.10,-46820.28,-468.20
2651,매수 청산,2025-09-19 16:40,XL5,3654.205,284.9,1038416.34,2666.66,0.26,2666.66,0.26,-411.68,-0.04,-44153.61,-441.54
2651,매수 진입,2025-09-19 15:30,L5,3644.845,284.9,1038416.34,2666.66,0.26,2666.66,0.26,-411.68,-0.04,-44153.61,-441.54
2652,매수 청산,2025-09-19 18:10,XL1,3657.9,29.95,109372.3085,181.8,0.17,181.8,0.17,-7.94,-0.01,-43971.82,-439.72
2652,매수 진입,2025-09-19 17:20,L1,3651.83,29.95,109372.3085,181.8,0.17,181.8,0.17,-7.94,-0.01,-43971.82,-439.72
2653,매수 청산,2025-09-19 22:10,XL1,3652.295,29.95,109386.2352,0,0.00,31.45,0.03,-254.87,-0.23,-43971.82,-439.72
2653,매수 진입,2025-09-19 20:20,L1,3652.295,29.95,109386.2352,0,0.00,31.45,0.03,-254.87,-0.23,-43971.82,-439.72
2654,매수 청산,2025-09-19 22:10,XL2,3652.295,36.6,133451.835,222.16,0.17,222.16,0.17,-89.3,-0.07,-43749.66,-437.50
2654,매수 진입,2025-09-19 20:50,L2,3646.225,36.6,133451.835,222.16,0.17,222.16,0.17,-89.3,-0.07,-43749.66,-437.50
2655,매수 청산,2025-09-23 00:00,XL1,3726.65,64.02,238580.133,0,0.00,47.37,0.02,-921.89,-0.39,-43749.66,-437.50
2655,매수 진입,2025-09-22 20:30,L1,3726.65,64.02,238580.133,0,0.00,47.37,0.02,-921.89,-0.39,-43749.66,-437.50
2656,매수 청산,2025-09-23 00:00,XL2,3726.65,78.24,291350.8944,222.2,0.08,222.2,0.08,-904.45,-0.31,-43527.45,-435.27
2656,매수 진입,2025-09-22 20:40,L2,3723.81,78.24,291350.8944,222.2,0.08,222.2,0.08,-904.45,-0.31,-43527.45,-435.27
2657,매수 청산,2025-09-23 00:00,XL3,3726.65,100.6,374329.582,571.41,0.15,571.41,0.15,-877.23,-0.23,-42956.05,-429.56
2657,매수 진입,2025-09-22 21:10,L3,3720.97,100.6,374329.582,571.41,0.15,571.41,0.15,-877.23,-0.23,-42956.05,-429.56
2658,매수 청산,2025-09-23 00:00,XL4,3726.65,140.84,523661.4292,1199.96,0.23,1199.96,0.23,-828.14,-0.16,-41756.09,-417.56
2658,매수 진입,2025-09-22 21:10,L4,3718.13,140.84,523661.4292,1199.96,0.23,1199.96,0.23,-828.14,-0.16,-41756.09,-417.56
2659,매수 청산,2025-09-23 00:00,XL5,3726.65,234.74,872127.1746,2666.65,0.31,2666.65,0.31,-713.61,-0.08,-39089.44,-390.89
2659,매수 진입,2025-09-22 21:20,L5,3715.29,234.74,872127.1746,2666.65,0.31,2666.65,0.31,-713.61,-0.08,-39089.44,-390.89
2660,매수 청산,2025-09-23 00:00,XL6,3726.65,704.22,2614381.539,9999.92,0.38,9999.92,0.38,-140.84,-0.01,-29089.52,-290.90
2660,매수 진입,2025-09-22 21:20,L6,3712.45,704.22,2614381.539,9999.92,0.38,9999.92,0.38,-140.84,-0.01,-29089.52,-290.90
2661,매수 청산,2025-09-23 16:30,XL1,3755.08,38.85,145690.608,194.25,0.13,217.75,0.15,-42.54,-0.03,-28895.27,-288.95
2661,매수 진입,2025-09-23 16:10,L1,3750.08,38.85,145690.608,194.25,0.13,217.75,0.15,-42.54,-0.03,-28895.27,-288.95
2662,매도 청산,2025-09-24 14:30,XS1,3775.425,52.17,195863.9178,-1100,-0.56,107.73,0.06,-1100,-0.56,-29995.27,-299.95
2662,매도 진입,2025-09-24 11:50,S1,3754.34,52.17,195863.9178,-1100,-0.56,107.73,0.06,-1100,-0.56,-29995.27,-299.95
2663,매도 청산,2025-09-24 14:30,XS2,3775.425,63.76,239598.922,-1122.18,-0.47,353.87,0.15,-1122.18,-0.47,-31117.45,-311.17
2663,매도 진입,2025-09-24 11:50,S2,3757.825,63.76,239598.922,-1122.18,-0.47,353.87,0.15,-1122.18,-0.47,-31117.45,-311.17
2664,매도 청산,2025-09-24 14:30,XS2,3775.425,63.76,239721.1499,-999.95,-0.42,49.22,0.02,-999.95,-0.42,-32117.4,-321.17
2664,매도 진입,2025-09-24 12:10,S2,3759.742,63.76,239721.1499,-999.95,-0.42,49.22,0.02,-999.95,-0.42,-32117.4,-321.17
2665,매도 청산,2025-09-24 14:30,XS3,3775.425,81.98,308509.3495,-999.99,-0.32,6.72,0.00,-999.99,-0.32,-33117.39,-331.17
2665,매도 진입,2025-09-24 12:30,S3,3763.227,81.98,308509.3495,-999.99,-0.32,6.72,0.00,-999.99,-0.32,-33117.39,-331.17
2666,매도 청산,2025-09-24 14:30,XS4,3775.425,114.77,432305.5362,-999.99,-0.23,387.58,0.09,-999.99,-0.23,-34117.38,-341.17
2666,매도 진입,2025-09-24 13:00,S4,3766.712,114.77,432305.5362,-999.99,-0.23,387.58,0.09,-999.99,-0.23,-34117.38,-341.17
2667,매도 청산,2025-09-24 14:30,XS5,3775.425,191.29,721200.9841,-1000.06,-0.14,424.09,0.06,-1000.06,-0.14,-35117.44,-351.17
2667,매도 진입,2025-09-24 14:00,S5,3770.197,191.29,721200.9841,-1000.06,-0.14,424.09,0.06,-1000.06,-0.14,-35117.44,-351.17
2668,매도 청산,2025-09-24 14:30,XS6,3775.425,573.88,2165640.626,-1000.27,-0.05,399.99,0.02,-1000.27,-0.05,-36117.72,-361.18
2668,매도 진입,2025-09-24 14:30,S6,3773.682,573.88,2165640.626,-1000.27,-0.05,399.99,0.02,-1000.27,-0.05,-36117.72,-361.18
2669,매수 청산,2025-09-24 21:20,반대신호정리,3770.74,36.11,136260.3628,-98.94,-0.07,40.62,0.03,-498.32,-0.37,-36216.66,-362.17
2669,매수 진입,2025-09-24 17:20,L1,3773.48,36.11,136260.3628,-98.94,-0.07,40.62,0.03,-498.32,-0.37,-36216.66,-362.17
2670,매수 청산,2025-09-24 21:20,반대신호정리,3770.74,44.13,166301.4779,101.28,0.06,146.95,0.09,-386.8,-0.23,-36115.38,-361.15
2670,매수 진입,2025-09-24 17:40,L2,3768.445,44.13,166301.4779,101.28,0.06,146.95,0.09,-386.8,-0.23,-36115.38,-361.15
2671,매수 청산,2025-09-24 21:20,반대신호정리,3770.74,56.74,213535.8834,415.9,0.19,438.32,0.21,-211.64,-0.10,-35699.48,-356.99
2671,매수 진입,2025-09-24 18:40,L3,3763.41,56.74,213535.8834,415.9,0.19,438.32,0.21,-211.64,-0.10,-35699.48,-356.99
2672,매도 청산,2025-09-25 11:00,XS1,3730.54,26.97,100612.6638,0,0.00,27.64,0.03,-566.24,-0.56,-35699.48,-356.99
2672,매도 진입,2025-09-25 04:50,S1,3730.54,26.97,100612.6638,0,0.00,27.64,0.03,-566.24,-0.56,-35699.48,-356.99
2673,매도 청산,2025-09-25 11:00,XS2,3730.54,32.97,123218.1216,222.22,0.18,222.22,0.18,-469.99,-0.38,-35477.26,-354.77
2673,매도 진입,2025-09-25 05:50,S2,3737.28,32.97,123218.1216,222.22,0.18,222.22,0.18,-469.99,-0.38,-35477.26,-354.77
2674,매도 청산,2025-09-25 11:00,XS3,3730.54,42.39,158709.0078,571.42,0.36,571.42,0.36,-318.56,-0.20,-34905.84,-349.06
2674,매도 진입,2025-09-25 07:20,S3,3744.02,42.39,158709.0078,571.42,0.36,571.42,0.36,-318.56,-0.20,-34905.84,-349.06
2675,매도 청산,2025-09-25 11:00,XS4,3730.54,59.34,222570.0984,1199.85,0.54,1199.85,0.54,-45.99,-0.02,-33705.99,-337.06
2675,매도 진입,2025-09-25 09:10,S4,3750.76,59.34,222570.0984,1199.85,0.54,1199.85,0.54,-45.99,-0.02,-33705.99,-337.06
2676,매도 청산,2025-09-25 14:00,XS1,3736.035,40.49,151272.0572,0,0.00,171.68,0.11,-190.51,-0.13,-33705.99,-337.06
2676,매도 진입,2025-09-25 12:50,S1,3736.035,40.49,151272.0572,0,0.00,171.68,0.11,-190.51,-0.13,-33705.99,-337.06
2677,매도 청산,2025-09-25 14:00,XS2,3736.035,49.49,185118.5823,222.21,0.12,222.21,0.12,-10.64,-0.01,-33483.78,-334.84
2677,매도 진입,2025-09-25 13:30,S2,3740.525,49.49,185118.5823,222.21,0.12,222.21,0.12,-10.64,-0.01,-33483.78,-334.84
2678,매수 청산,2025-09-26 17:10,반대신호정리,3751.835,14.6,54817.598,-40.81,-0.07,1.68,0.00,-294.77,-0.54,-33524.59,-335.25
2678,매수 진입,2025-09-26 04:20,L1,3754.63,14.6,54817.598,-40.81,-0.07,1.68,0.00,-294.77,-0.54,-33524.59,-335.25
2679,매수 청산,2025-09-26 17:10,반대신호정리,3751.835,17.85,66798.00225,172.25,0.26,213.22,0.32,-138.25,-0.21,-33352.33,-333.52
2679,매수 진입,2025-09-26 08:10,L2,3742.185,17.85,66798.00225,172.25,0.26,213.22,0.32,-138.25,-0.21,-33352.33,-333.52
2680,매수 청산,2025-09-29 09:30,XL1,3778.93,20.74,78375.0082,0,0.00,91.77,0.12,-399.66,-0.51,-33352.33,-333.52
2680,매수 진입,2025-09-27 00:00,L1,3778.93,20.74,78375.0082,0,0.00,91.77,0.12,-399.66,-0.51,-33352.33,-333.52
2681,매수 청산,2025-09-29 09:30,XL2,3778.93,25.35,95573.68275,222.19,0.23,222.19,0.23,-266.3,-0.28,-33130.14,-331.30
2681,매수 진입,2025-09-27 04:30,L2,3770.165,25.35,95573.68275,222.19,0.23,222.19,0.23,-266.3,-0.28,-33130.14,-331.30
2682,매수 청산,2025-09-29 09:30,XL3,3778.93,32.59,122584.026,571.3,0.47,571.3,0.47,-56.71,-0.05,-32558.84,-325.59
2682,매수 진입,2025-09-27 05:50,L3,3761.4,32.59,122584.026,571.3,0.47,571.3,0.47,-56.71,-0.05,-32558.84,-325.59
2683,매수 청산,2025-09-30 12:20,XL1,3858.64,42.63,163948.3723,545.45,0.33,545.45,0.33,-92.29,-0.06,-32013.38,-320.13
2683,매수 진입,2025-09-30 11:30,L1,3845.845,42.63,163948.3723,545.45,0.33,545.45,0.33,-92.29,-0.06,-32013.38,-320.13
2684,매도 청산,2025-09-30 20:10,XS1,3804.69,28.47,108319.5243,0,0.00,50.96,0.05,-285.98,-0.26,-32013.38,-320.13
2684,매도 진입,2025-09-30 19:10,S1,3804.69,28.47,108319.5243,0,0.00,50.96,0.05,-285.98,-0.26,-32013.38,-320.13
2685,매도 청산,2025-09-30 20:10,XS2,3804.69,34.8,132625.41,222.2,0.17,222.2,0.17,-127.37,-0.10,-31791.19,-317.91
2685,매도 진입,2025-09-30 19:40,S2,3811.075,34.8,132625.41,222.2,0.17,222.2,0.17,-127.37,-0.10,-31791.19,-317.91
2686,매수 청산,2025-10-01 16:50,XL1,3877.035,16.06,61720.0254,545.16,0.88,545.16,0.88,-55.17,-0.09,-31246.03,-312.46
2686,매수 진입,2025-10-01 02:50,L1,3843.09,16.06,61720.0254,545.16,0.88,545.16,0.88,-55.17,-0.09,-31246.03,-312.46
2687,매수 청산,2025-10-01 20:30,XL2,3879.87,38.6,149944.788,-181.81,-0.12,38.79,0.03,-181.81,-0.12,-31427.84,-314.28
2687,매수 진입,2025-10-01 20:20,L1,3884.58,38.6,149944.788,-181.81,-0.12,38.79,0.03,-181.81,-0.12,-31427.84,-314.28
2688,매수 청산,2025-10-01 20:30,XL2,3879.87,8.58,33289.2846,0,0.00,0,0.00,0,0.00,-31427.84,-314.28
2688,매수 진입,2025-10-01 20:30,L2,3879.87,8.58,33289.2846,0,0.00,0,0.00,0,0.00,-31427.84,-314.28
2689,매수 청산,2025-10-01 21:10,XL1,3889.29,38.6,149762.982,363.61,0.24,363.61,0.24,-69.87,-0.05,-31064.22,-310.64
2689,매수 진입,2025-10-01 20:30,L2,3879.87,38.6,149762.982,363.61,0.24,363.61,0.24,-69.87,-0.05,-31064.22,-310.64
2690,매도 청산,2025-10-03 12:10,XS1,3845.86,12.88,49534.6768,0,0.00,9.6,0.02,-229.97,-0.46,-31064.22,-310.64
2690,매도 진입,2025-10-03 03:10,S1,3845.86,12.88,49534.6768,0,0.00,9.6,0.02,-229.97,-0.46,-31064.22,-310.64
2691,매도 청산,2025-10-03 12:10,XS2,3845.86,15.74,60755.9278,222.09,0.37,222.09,0.37,-58.95,-0.10,-30842.13,-308.42
2691,매도 진입,2025-10-03 08:30,S2,3859.97,15.74,60755.9278,222.09,0.37,222.09,0.37,-58.95,-0.10,-30842.13,-308.42
2692,매도 청산,2025-10-03 17:20,반대신호정리,3862.14,37.29,143382.2874,-636.91,-0.44,64.33,0.04,-773.58,-0.54,-31479.05,-314.79
2692,매도 진입,2025-10-03 13:30,S1,3845.06,37.29,143382.2874,-636.91,-0.44,64.33,0.04,-773.58,-0.54,-31479.05,-314.79
2693,매도 청산,2025-10-03 17:20,반대신호정리,3862.14,45.58,175480.0373,-556.3,-0.32,0,0.00,-723.35,-0.41,-32035.35,-320.35
2693,매도 진입,2025-10-03 14:10,S2,3849.935,45.58,175480.0373,-556.3,-0.32,0,0.00,-723.35,-0.41,-32035.35,-320.35
2694,매도 청산,2025-10-03 17:20,반대신호정리,3862.14,58.6,225891.866,-429.54,-0.19,220.34,0.10,-644.31,-0.29,-32464.89,-324.65
2694,매도 진입,2025-10-03 14:20,S3,3854.81,58.6,225891.866,-429.54,-0.19,220.34,0.10,-644.31,-0.29,-32464.89,-324.65
2695,매도 청산,2025-10-03 17:20,반대신호정리,3862.14,82.05,316687.1542,-201.43,-0.06,361.84,0.11,-502.15,-0.16,-32666.32,-326.66
2695,매도 진입,2025-10-03 15:10,S4,3859.685,82.05,316687.1542,-201.43,-0.06,361.84,0.11,-502.15,-0.16,-32666.32,-326.66
2696,매도 청산,2025-10-03 17:20,반대신호정리,3862.14,136.75,528478.58,330.94,0.06,527.86,0.10,-170.25,-0.03,-32335.39,-323.35
2696,매도 진입,2025-10-03 16:40,S5,3864.56,136.75,528478.58,330.94,0.06,527.86,0.10,-170.25,-0.03,-32335.39,-323.35
2697,매수 청산,2025-10-03 20:30,XL1,3859.689,70.33,271551.8663,-99.94,-0.04,51.69,0.02,-453.63,-0.17,-32435.32,-324.35
2697,매수 진입,2025-10-03 20:20,L1,3861.11,70.33,271551.8663,-99.94,-0.04,51.69,0.02,-453.63,-0.17,-32435.32,-324.35
2698,매수 청산,2025-10-03 20:30,XL2,3859.689,85.96,331678.809,100.06,0.03,285.39,0.09,-332.24,-0.10,-32335.27,-323.35
2698,매수 진입,2025-10-03 20:20,L2,3858.525,85.96,331678.809,100.06,0.03,285.39,0.09,-332.24,-0.10,-32335.27,-323.35
2699,매수 청산,2025-10-03 20:30,XL2,3859.689,85.96,331556.5739,222.29,0.07,222.29,0.07,-210,-0.06,-32112.97,-321.13
2699,매수 진입,2025-10-03 20:30,L2,3857.103,85.96,331556.5739,222.29,0.07,222.29,0.07,-210,-0.06,-32112.97,-321.13
2700,매수 청산,2025-10-06 08:00,XL1,3914.305,14.22,55116.2223,545.19,0.99,545.19,0.99,-135.66,-0.25,-31567.78,-315.68
2700,매수 진입,2025-10-03 23:10,L1,3875.965,14.22,55116.2223,545.19,0.99,545.19,0.99,-135.66,-0.25,-31567.78,-315.68
2701,매수 청산,2025-10-06 13:40,XL1,3938.75,30.76,120610.5752,545.37,0.45,545.37,0.45,-29.84,-0.02,-31022.41,-310.22
2701,매수 진입,2025-10-06 12:00,L1,3921.02,30.76,120610.5752,545.37,0.45,545.37,0.45,-29.84,-0.02,-31022.41,-310.22
2702,매수 청산,2025-10-08 12:00,XL1,4012.515,15.57,61929.5193,545.34,0.88,545.34,0.88,-7.55,-0.01,-30477.07,-304.77
2702,매수 진입,2025-10-08 03:10,L1,3977.49,15.57,61929.5193,545.34,0.88,545.34,0.88,-7.55,-0.01,-30477.07,-304.77
2703,매수 청산,2025-10-09 20:00,XL1,4046.23,24.47,98829.436,181.81,0.18,181.81,0.18,-16.03,-0.02,-30295.25,-302.95
2703,매수 진입,2025-10-09 19:30,L1,4038.8,24.47,98829.436,181.81,0.18,181.81,0.18,-16.03,-0.02,-30295.25,-302.95
2704,매수 청산,2025-10-10 00:50,XL1,4015.873,12.6,50946.21,-346.21,-0.68,3.02,0.01,-494.17,-0.97,-30641.46,-306.41
2704,매수 진입,2025-10-09 22:40,L1,4043.35,12.6,50946.21,-346.21,-0.68,3.02,0.01,-494.17,-0.97,-30641.46,-306.41
2705,매수 청산,2025-10-10 00:50,XL2,4015.873,15.4,62045.445,-201,-0.32,20.64,0.03,-381.84,-0.62,-30842.46,-308.42
2705,매수 진입,2025-10-09 22:40,L2,4028.925,15.4,62045.445,-201,-0.32,20.64,0.03,-381.84,-0.62,-30842.46,-308.42
2706,매수 청산,2025-10-10 00:50,XL2,4015.873,15.4,61923.2614,-78.82,-0.13,142.82,0.23,-259.66,-0.42,-30921.28,-309.21
2706,매수 진입,2025-10-09 22:40,L2,4020.991,15.4,61923.2614,-78.82,-0.13,142.82,0.23,-259.66,-0.42,-30921.28,-309.21
2707,매수 청산,2025-10-10 00:50,XL2,4015.873,15.4,61844.4288,0.02,0.00,206.64,0.33,-180.83,-0.29,-30921.27,-309.21
2707,매수 진입,2025-10-09 23:00,L2,4015.872,15.4,61844.4288,0.02,0.00,206.64,0.33,-180.83,-0.29,-30921.27,-309.21
2708,매수 청산,2025-10-14 08:30,XL1,4120.245,7.58,30686.6067,544.85,1.78,544.85,1.78,-13.64,-0.04,-30376.42,-303.76
2708,매수 진입,2025-10-13 12:00,L1,4048.365,7.58,30686.6067,544.85,1.78,544.85,1.78,-13.64,-0.04,-30376.42,-303.76
2709,매수 청산,2025-10-14 18:50,XL2,4123.32,18.74,77452.7948,-181.78,-0.23,18.83,0.02,-181.78,-0.23,-30558.19,-305.58
2709,매수 진입,2025-10-14 18:50,L1,4133.02,18.74,77452.7948,-181.78,-0.23,18.83,0.02,-181.78,-0.23,-30558.19,-305.58
2710,매수 청산,2025-10-14 18:50,XL2,4123.32,4.16,17153.0112,0,0.00,0,0.00,0,0.00,-30558.19,-305.58
2710,매수 진입,2025-10-14 18:50,L2,4123.32,4.16,17153.0112,0,0.00,0,0.00,0,0.00,-30558.19,-305.58
2711,매수 청산,2025-10-14 19:20,XL1,4133.02,18.74,77271.0168,181.78,0.24,181.78,0.24,-30.92,-0.04,-30376.42,-303.76
2711,매수 진입,2025-10-14 18:50,L2,4123.32,18.74,77271.0168,181.78,0.24,181.78,0.24,-30.92,-0.04,-30376.42,-303.76
2712,매수 청산,2025-10-15 10:10,XL1,4180.255,13.25,54843.00875,545.37,0.99,545.37,0.99,-45.31,-0.08,-29831.05,-298.31
2712,매수 진입,2025-10-15 04:40,L1,4139.095,13.25,54843.00875,545.37,0.99,545.37,0.99,-45.31,-0.08,-29831.05,-298.31
2713,매수 청산,2025-10-15 15:40,XL1,4195.315,21.99,91709.7348,545.24,0.59,545.24,0.59,-54.76,-0.06,-29285.8,-292.86
2713,매수 진입,2025-10-15 11:40,L1,4170.52,21.99,91709.7348,545.24,0.59,545.24,0.59,-54.76,-0.06,-29285.8,-292.86
2714,매수 청산,2025-10-15 18:30,XL2,4195.315,29.66,124331.1608,101.88,0.08,101.88,0.08,-819.8,-0.66,-29183.92,-291.84
2714,매수 진입,2025-10-15 18:20,L1,4191.88,29.66,124331.1608,101.88,0.08,101.88,0.08,-819.8,-0.66,-29183.92,-291.84
2715,매수 청산,2025-10-15 18:30,XL2,4195.315,6.59,27584.0925,63.03,0.23,63.03,0.23,-141.75,-0.51,-29120.89,-291.21
2715,매수 진입,2025-10-15 18:20,L2,4185.75,6.59,27584.0925,63.03,0.23,63.03,0.23,-141.75,-0.51,-29120.89,-291.21
2716,매수 청산,2025-10-15 18:30,XL3,4195.315,29.66,124149.345,283.7,0.23,283.7,0.23,-637.99,-0.51,-28837.19,-288.37
2716,매수 진입,2025-10-15 18:20,L2,4185.75,29.66,124149.345,283.7,0.23,283.7,0.23,-637.99,-0.51,-28837.19,-288.37
2717,매수 청산,2025-10-15 18:30,XL3,4195.315,16.94,70802.7628,265.87,0.38,265.87,0.38,-260.54,-0.37,-28571.32,-285.71
2717,매수 진입,2025-10-15 18:20,L3,4179.62,16.94,70802.7628,265.87,0.38,265.87,0.38,-260.54,-0.37,-28571.32,-285.71
2718,매수 청산,2025-10-15 18:30,XL4,4195.315,29.66,123967.5292,465.51,0.38,465.51,0.38,-456.17,-0.37,-28105.8,-281.06
2718,매수 진입,2025-10-15 18:20,L3,4179.62,29.66,123967.5292,465.51,0.38,465.51,0.38,-456.17,-0.37,-28105.8,-281.06
2719,매수 청산,2025-10-15 18:30,XL4,4195.315,35.59,148534.5091,776.75,0.52,776.75,0.52,-329.21,-0.22,-27329.05,-273.29
2719,매수 진입,2025-10-15 18:20,L4,4173.49,35.59,148534.5091,776.75,0.52,776.75,0.52,-329.21,-0.22,-27329.05,-273.29
2720,매수 청산,2025-10-15 18:30,XL5,4195.315,29.66,123785.7134,647.33,0.52,647.33,0.52,-274.35,-0.22,-26681.72,-266.82
2720,매수 진입,2025-10-15 18:20,L4,4173.49,29.66,123785.7134,647.33,0.52,647.33,0.52,-274.35,-0.22,-26681.72,-266.82
2721,매수 청산,2025-10-15 18:30,XL5,4195.315,79.09,329596.5024,2210.96,0.67,2210.96,0.67,-246.76,-0.07,-24470.76,-244.71
2721,매수 진입,2025-10-15 18:20,L5,4167.36,79.09,329596.5024,2210.96,0.67,2210.96,0.67,-246.76,-0.07,-24470.76,-244.71
2722,매수 청산,2025-10-15 18:30,XL2,4195.315,29.66,123603.8976,829.15,0.67,829.15,0.67,-92.54,-0.07,-23641.62,-236.42
2722,매수 진입,2025-10-15 18:20,L5,4167.36,29.66,123603.8976,829.15,0.67,829.15,0.67,-92.54,-0.07,-23641.62,-236.42
2723,매수 청산,2025-10-15 18:30,XL2,4195.315,6.59,27442.3416,204.78,0.75,204.78,0.75,0,0.00,-23436.83,-234.37
2723,매수 진입,2025-10-15 18:20,L2,4164.24,6.59,27442.3416,204.78,0.75,204.78,0.75,0,0.00,-23436.83,-234.37
2724,매수 청산,2025-10-15 18:30,XL1,4196.845,29.66,123511.3584,967.06,0.78,967.06,0.78,0,0.00,-22469.77,-224.70
2724,매수 진입,2025-10-15 18:20,L2,4164.24,29.66,123511.3584,967.06,0.78,967.06,0.78,0,0.00,-22469.77,-224.70
2725,매수 청산,2025-10-16 16:10,XL1,4232.89,28.47,120510.3783,0,0.00,270.18,0.22,-835.31,-0.69,-22469.77,-224.70
2725,매수 진입,2025-10-16 11:40,L1,4232.89,28.47,120510.3783,0,0.00,270.18,0.22,-835.31,-0.69,-22469.77,-224.70
2726,매수 청산,2025-10-16 16:10,XL2,4232.89,34.8,147082.374,222.2,0.15,222.2,0.15,-798.83,-0.54,-22247.57,-222.48
2726,매수 진입,2025-10-16 14:10,L2,4226.505,34.8,147082.374,222.2,0.15,222.2,0.15,-798.83,-0.54,-22247.57,-222.48
2727,매수 청산,2025-10-16 16:10,XL3,4232.89,44.74,188808.1688,571.33,0.30,571.33,0.30,-741.34,-0.39,-21676.24,-216.76
2727,매수 진입,2025-10-16 14:30,L3,4220.12,44.74,188808.1688,571.33,0.30,571.33,0.30,-741.34,-0.39,-21676.24,-216.76
2728,매수 청산,2025-10-16 16:10,XL4,4232.89,62.64,263948.3604,1199.87,0.45,1199.87,0.45,-637.99,-0.24,-20476.37,-204.76
2728,매수 진입,2025-10-16 14:30,L4,4213.735,62.64,263948.3604,1199.87,0.45,1199.87,0.45,-637.99,-0.24,-20476.37,-204.76
2729,매수 청산,2025-10-16 16:10,XL5,4232.89,104.41,439289.4135,2666.63,0.61,2666.63,0.61,-396.76,-0.09,-17809.74,-178.10
2729,매수 진입,2025-10-16 14:30,L5,4207.35,104.41,439289.4135,2666.63,0.61,2666.63,0.61,-396.76,-0.09,-17809.74,-178.10
2730,매수 청산,2025-10-20 23:20,XL1,4324.445,10.07,43417.7113,129.45,0.30,130.96,0.30,-188.71,-0.43,-17680.29,-176.80
2730,매수 진입,2025-10-20 22:40,L1,4311.59,10.07,43417.7113,129.45,0.30,130.96,0.30,-188.71,-0.43,-17680.29,-176.80
2731,매수 청산,2025-10-20 23:20,XL2,4324.445,12.31,52853.4774,380.44,0.72,382.29,0.72,-8.49,-0.02,-17299.85,-173.00
2731,매수 진입,2025-10-20 23:00,L2,4293.54,12.31,52853.4774,380.44,0.72,382.29,0.72,-8.49,-0.02,-17299.85,-173.00
2732,매수 청산,2025-10-21 17:10,XL1,4250.495,10.07,43802.1839,-999.7,-2.28,318.92,0.73,-999.7,-2.28,-18299.55,-183.00
2732,매수 진입,2025-10-21 01:20,L1,4349.77,10.07,43802.1839,-999.7,-2.28,318.92,0.73,-999.7,-2.28,-18299.55,-183.00
2733,매수 청산,2025-10-21 17:10,XL2,4250.495,12.31,53323.4732,-999.88,-1.88,153.44,0.29,-999.88,-1.88,-19299.43,-192.99
2733,매수 진입,2025-10-21 14:10,L2,4331.72,12.31,53323.4732,-999.88,-1.88,153.44,0.29,-999.88,-1.88,-19299.43,-192.99
2734,매도 청산,2025-10-22 19:50,XS1,4057.345,6.71,27406.5253,181.74,0.66,263.27,0.96,-42.44,-0.15,-19117.69,-191.18
2734,매도 진입,2025-10-22 19:30,S1,4084.43,6.71,27406.5253,181.74,0.66,263.27,0.96,-42.44,-0.15,-19117.69,-191.18
2735,매도 청산,2025-10-22 23:10,XS1,4058.105,6.71,27229.88455,0,0.00,71.6,0.26,-183.69,-0.67,-19117.69,-191.18
2735,매도 진입,2025-10-22 22:10,S1,4058.105,6.71,27229.88455,0,0.00,71.6,0.26,-183.69,-0.67,-19117.69,-191.18
2736,매도 청산,2025-10-22 23:10,XS2,4058.105,8.2,33498.558,222.1,0.66,222.1,0.66,-2.38,-0.01,-18895.59,-188.96
2736,매도 진입,2025-10-22 22:40,S2,4085.19,8.2,33498.558,222.1,0.66,222.1,0.66,-2.38,-0.01,-18895.59,-188.96
2737,매수 청산,2025-10-24 08:50,반대신호정리,4119.64,11.77,48788.35665,-300.19,-0.62,42.31,0.09,-460.32,-0.94,-19195.78,-191.96
2737,매수 진입,2025-10-24 00:30,L1,4145.145,11.77,48788.35665,-300.19,-0.62,42.31,0.09,-460.32,-0.94,-19195.78,-191.96
2738,매수 청산,2025-10-24 08:50,반대신호정리,4119.64,14.39,59426.45495,-144.84,-0.24,199.95,0.34,-340.61,-0.57,-19340.62,-193.41
2738,매수 진입,2025-10-24 01:40,L2,4129.705,14.39,59426.45495,-144.84,-0.24,199.95,0.34,-340.61,-0.57,-19340.62,-193.41
2739,매수 청산,2025-10-24 08:50,반대신호정리,4119.64,18.5,76113.9025,99.44,0.13,268.9,0.35,-152.25,-0.20,-19241.18,-192.41
2739,매수 진입,2025-10-24 05:00,L3,4114.265,18.5,76113.9025,99.44,0.13,268.9,0.35,-152.25,-0.20,-19241.18,-192.41
2740,매도 청산,2025-10-24 21:20,XS1,4060.32,36.18,147084.1821,181.8,0.12,243.31,0.17,-9.77,-0.01,-19059.38,-190.59
2740,매도 진입,2025-10-24 20:50,S1,4065.345,36.18,147084.1821,181.8,0.12,243.31,0.17,-9.77,-0.01,-19059.38,-190.59
2741,매도 청산,2025-10-24 22:10,XS2,4116.11,36.18,148739.0553,-181.8,-0.12,183.07,0.12,-181.8,-0.12,-19241.18,-192.41
2741,매도 진입,2025-10-24 22:10,S1,4111.085,36.18,148739.0553,-181.8,-0.12,183.07,0.12,-181.8,-0.12,-19241.18,-192.41
2742,매도 청산,2025-10-24 22:10,XS2,4116.11,8.04,33093.5244,0,0.00,0,0.00,0,0.00,-19241.18,-192.41
2742,매도 진입,2025-10-24 22:10,S2,4116.11,8.04,33093.5244,0,0.00,0,0.00,0,0.00,-19241.18,-192.41
2743,매도 청산,2025-10-24 22:30,XS1,4114.005,36.18,148920.8598,76.16,0.05,142.73,0.10,-224.5,-0.15,-19165.02,-191.65
2743,매도 진입,2025-10-24 22:10,S2,4116.11,36.18,148920.8598,76.16,0.05,142.73,0.10,-224.5,-0.15,-19165.02,-191.65
2744,매도 청산,2025-10-24 22:30,XS2,4114.005,44.22,182236.5897,315.29,0.17,396.65,0.22,-52.18,-0.03,-18849.73,-188.50
2744,매도 진입,2025-10-24 22:10,S2,4121.135,44.22,182236.5897,315.29,0.17,396.65,0.22,-52.18,-0.03,-18849.73,-188.50
2745,매도 청산,2025-10-28 15:40,XS1,3945.975,4.43,18025.02765,544.36,3.02,544.36,3.02,-72.28,-0.40,-18305.38,-183.05
2745,매도 진입,2025-10-27 14:00,S1,4068.855,4.43,18025.02765,544.36,3.02,544.36,3.02,-72.28,-0.40,-18305.38,-183.05
2746,매수 청산,2025-10-30 05:30,반대신호정리,3948.93,3.78,15001.5159,-74.56,-0.50,233.17,1.55,-154.21,-1.03,-18379.94,-183.80
2746,매수 진입,2025-10-29 11:20,L1,3968.655,3.78,15001.5159,-74.56,-0.50,233.17,1.55,-154.21,-1.03,-18379.94,-183.80
2747,매도 청산,2025-10-31 17:50,XS1,4007.875,16.87,67612.85125,0,0.00,96.24,0.14,-319.6,-0.47,-18379.94,-183.80
2747,매도 진입,2025-10-31 14:50,S1,4007.875,16.87,67612.85125,0,0.00,96.24,0.14,-319.6,-0.47,-18379.94,-183.80
2748,매도 청산,2025-10-31 17:50,XS2,4007.875,20.62,82864.563,222.18,0.27,222.18,0.27,-168.47,-0.20,-18157.76,-181.58
2748,매도 진입,2025-10-31 16:10,S2,4018.65,20.62,82864.563,222.18,0.27,222.18,0.27,-168.47,-0.20,-18157.76,-181.58
2749,매도 청산,2025-10-31 19:20,XS1,4012.887,23.49,94162.7187,-100,-0.11,7.4,0.01,-192.85,-0.20,-18257.75,-182.58
2749,매도 진입,2025-10-31 19:00,S1,4008.63,23.49,94162.7187,-100,-0.11,7.4,0.01,-192.85,-0.20,-18257.75,-182.58
2750,매도 청산,2025-10-31 19:20,XS2,4012.887,28.71,115309.9827,100,0.09,139.39,0.12,-13.49,-0.01,-18157.76,-181.58
2750,매도 진입,2025-10-31 19:00,S2,4016.37,28.71,115309.9827,100,0.09,139.39,0.12,-13.49,-0.01,-18157.76,-181.58
2751,매도 청산,2025-10-31 22:40,반대신호정리,4019.735,23.49,94123.37295,-300.2,-0.32,10.1,0.01,-692.49,-0.74,-18457.96,-184.58
2751,매도 진입,2025-10-31 20:50,S1,4006.955,23.49,94123.37295,-300.2,-0.32,10.1,0.01,-692.49,-0.74,-18457.96,-184.58
2752,매도 청산,2025-10-31 22:40,반대신호정리,4019.735,28.71,115261.8935,-144.7,-0.13,0,0.00,-624.16,-0.54,-18602.66,-186.03
2752,매도 진입,2025-10-31 21:20,S2,4014.695,28.71,115261.8935,-144.7,-0.13,0,0.00,-624.16,-0.54,-18602.66,-186.03
2753,매도 청산,2025-10-31 22:40,반대신호정리,4019.735,36.91,148468.0758,99.66,0.07,225.15,0.15,-516.74,-0.35,-18503,-185.03
2753,매도 진입,2025-10-31 21:20,S3,4022.435,36.91,148468.0758,99.66,0.07,225.15,0.15,-516.74,-0.35,-18503,-185.03
2754,매도 청산,2025-10-31 22:40,반대신호정리,4019.735,51.67,208239.1423,539.43,0.26,715.11,0.34,-323.45,-0.16,-17963.57,-179.64
2754,매도 진입,2025-10-31 21:40,S4,4030.175,51.67,208239.1423,539.43,0.26,715.11,0.34,-323.45,-0.16,-17963.57,-179.64
2755,매수 청산,2025-11-03 20:40,XL1,4008.215,12.91,51746.05565,0,0.00,257.1,0.50,-195.13,-0.38,-17963.57,-179.64
2755,매수 진입,2025-11-03 14:10,L1,4008.215,12.91,51746.05565,0,0.00,257.1,0.50,-195.13,-0.38,-17963.57,-179.64
2756,매수 청산,2025-11-03 20:40,XL2,4008.215,15.78,63027.4503,222.18,0.35,222.18,0.35,-16.33,-0.03,-17741.38,-177.41
2756,매수 진입,2025-11-03 18:40,L2,3994.135,15.78,63027.4503,222.18,0.35,222.18,0.35,-16.33,-0.03,-17741.38,-177.41
2757,매수 청산,2025-11-03 21:50,XL1,4012.13,46.02,184323.4458,314.78,0.17,354.58,0.19,-65.81,-0.04,-17426.6,-174.27
2757,매수 진입,2025-11-03 21:30,L1,4005.29,46.02,184323.4458,314.78,0.17,354.58,0.19,-65.81,-0.04,-17426.6,-174.27
2758,매수 청산,2025-11-03 23:30,XL2,4009.24,46.02,184555.6167,-50.39,-0.03,72.48,0.04,-394.85,-0.21,-17477,-174.77
2758,매수 진입,2025-11-03 23:30,L1,4010.335,46.02,184555.6167,-50.39,-0.03,72.48,0.04,-394.85,-0.21,-17477,-174.77
2759,매수 청산,2025-11-03 23:30,XL2,4009.24,10.23,40985.31855,29.21,0.07,29.21,0.07,-47.36,-0.12,-17447.79,-174.48
2759,매수 진입,2025-11-03 23:30,L2,4006.385,10.23,40985.31855,29.21,0.07,29.21,0.07,-47.36,-0.12,-17447.79,-174.48
2760,매수 청산,2025-11-03 23:30,XL2,4009.24,46.02,184373.8377,131.39,0.07,131.39,0.07,-213.07,-0.12,-17316.4,-173.16
2760,매수 진입,2025-11-03 23:30,L2,4006.385,46.02,184373.8377,131.39,0.07,131.39,0.07,-213.07,-0.12,-17316.4,-173.16
2761,매수 청산,2025-11-03 23:30,XL2,4009.24,10.23,40963.08876,51.44,0.13,51.44,0.13,-25.14,-0.06,-17264.97,-172.65
2761,매수 진입,2025-11-03 23:30,L2,4004.212,10.23,40963.08876,51.44,0.13,51.44,0.13,-25.14,-0.06,-17264.97,-172.65
2762,매수 청산,2025-11-03 23:30,XL2,4009.24,46.02,184273.8362,231.39,0.13,231.39,0.13,-113.07,-0.06,-17033.58,-170.34
2762,매수 진입,2025-11-03 23:30,L2,4004.212,46.02,184273.8362,231.39,0.13,231.39,0.13,-113.07,-0.06,-17033.58,-170.34
2763,매수 청산,2025-11-03 23:30,XL2,4009.24,10.23,40948.7463,65.78,0.16,65.78,0.16,-10.79,-0.03,-16967.8,-169.68
2763,매수 진입,2025-11-03 23:30,L2,4002.81,10.23,40948.7463,65.78,0.16,65.78,0.16,-10.79,-0.03,-16967.8,-169.68
2764,매수 청산,2025-11-03 23:30,XL2,4009.24,46.02,184209.3162,295.91,0.16,295.91,0.16,-48.55,-0.03,-16671.89,-166.72
2764,매수 진입,2025-11-03 23:30,L2,4002.81,46.02,184209.3162,295.91,0.16,295.91,0.16,-48.55,-0.03,-16671.89,-166.72
2765,매수 청산,2025-11-03 23:30,XL2,4009.24,10.23,40937.95365,76.57,0.19,76.57,0.19,0,0.00,-16595.32,-165.95
2765,매수 진입,2025-11-03 23:30,L2,4001.755,10.23,40937.95365,76.57,0.19,76.57,0.19,0,0.00,-16595.32,-165.95
2766,매수 청산,2025-11-03 23:50,XL1,4020.415,46.02,184160.7651,858.73,0.47,1054.55,0.57,0,0.00,-15736.59,-157.37
2766,매수 진입,2025-11-03 23:30,L2,4001.755,46.02,184160.7651,858.73,0.47,1054.55,0.57,0,0.00,-15736.59,-157.37
2767,매수 청산,2025-11-04 05:00,반대신호정리,4004.655,15.13,60590.12755,0.3,0.00,77.84,0.13,-139.04,-0.23,-15736.28,-157.36
2767,매수 진입,2025-11-04 03:10,L1,4004.635,15.13,60590.12755,0.3,0.00,77.84,0.13,-139.04,-0.23,-15736.28,-157.36
2768,매도 청산,2025-11-04 22:30,XS1,3978.62,19.63,78100.3106,0,0.00,20.32,0.03,-436.47,-0.56,-15736.28,-157.36
2768,매도 진입,2025-11-04 15:40,S1,3978.62,19.63,78100.3106,0,0.00,20.32,0.03,-436.47,-0.56,-15736.28,-157.36
2769,매도 청산,2025-11-04 22:30,XS2,3978.62,23.99,95671.4003,224.31,0.23,224.31,0.23,-309.11,-0.32,-15511.98,-155.12
2769,매도 진입,2025-11-04 15:50,S2,3987.97,23.99,95671.4003,224.31,0.23,224.31,0.23,-309.11,-0.32,-15511.98,-155.12
2770,매도 청산,2025-11-04 22:30,XS3,3978.62,30.85,123311.769,571.34,0.46,571.34,0.46,-114.61,-0.09,-14940.64,-149.41
2770,매도 진입,2025-11-04 17:00,S3,3997.14,30.85,123311.769,571.34,0.46,571.34,0.46,-114.61,-0.09,-14940.64,-149.41
2771,매수 청산,2025-11-07 04:20,반대신호정리,3993.85,13.22,52725.1938,73.5,0.14,414.51,0.79,-298.51,-0.57,-14867.13,-148.67
2771,매수 진입,2025-11-06 15:10,L1,3988.29,13.22,52725.1938,73.5,0.14,414.51,0.79,-298.51,-0.57,-14867.13,-148.67
2772,매수 청산,2025-11-07 20:00,XL1,4010.375,39.61,158669.1438,181.81,0.11,181.81,0.11,-100.02,-0.06,-14685.32,-146.85
2772,매수 진입,2025-11-07 18:40,L1,4005.785,39.61,158669.1438,181.81,0.11,181.81,0.11,-100.02,-0.06,-14685.32,-146.85
2773,매수 청산,2025-11-07 20:40,XL1,4001.457,39.61,158662.2121,-164.5,-0.10,90.9,0.06,-473.74,-0.30,-14849.82,-148.50
2773,매수 진입,2025-11-07 20:20,L1,4005.61,39.61,158662.2121,-164.5,-0.10,90.9,0.06,-473.74,-0.30,-14849.82,-148.50
2774,매수 청산,2025-11-07 20:40,XL2,4001.457,48.41,193689.3782,21.16,0.01,83.02,0.04,-356.78,-0.18,-14828.67,-148.29
2774,매수 진입,2025-11-07 20:20,L2,4001.02,48.41,193689.3782,21.16,0.01,83.02,0.04,-356.78,-0.18,-14828.67,-148.29
2775,매수 청산,2025-11-07 20:40,XL2,4001.457,48.41,193567.1429,143.39,0.07,143.39,0.07,-234.55,-0.12,-14685.28,-146.85
2775,매수 진입,2025-11-07 20:20,L2,3998.495,48.41,193567.1429,143.39,0.07,143.39,0.07,-234.55,-0.12,-14685.28,-146.85
2776,매수 청산,2025-11-07 20:40,XL2,4001.457,48.41,193488.2831,222.25,0.11,222.25,0.11,-155.69,-0.08,-14463.03,-144.63
2776,매수 진입,2025-11-07 20:30,L2,3996.866,48.41,193488.2831,222.25,0.11,222.25,0.11,-155.69,-0.08,-14463.03,-144.63
2777,매수 청산,2025-11-10 13:00,XL1,4054.615,11.25,45069.35625,545.06,1.21,545.06,1.21,-129.66,-0.29,-13917.96,-139.18
2777,매수 진입,2025-11-08 04:40,L1,4006.165,11.25,45069.35625,545.06,1.21,545.06,1.21,-129.66,-0.29,-13917.96,-139.18
2778,매수 청산,2025-11-10 17:30,XL1,4085.245,17.1,69312.3705,545.32,0.79,545.32,0.79,-53.27,-0.08,-13372.65,-133.73
2778,매수 진입,2025-11-10 13:50,L1,4053.355,17.1,69312.3705,545.32,0.79,545.32,0.79,-53.27,-0.08,-13372.65,-133.73
2779,매수 청산,2025-11-10 21:00,XL1,4086.495,22.17,90415.80015,181.79,0.20,181.79,0.20,-70.39,-0.08,-13190.85,-131.91
2779,매수 진입,2025-11-10 18:20,L1,4078.295,22.17,90415.80015,181.79,0.20,181.79,0.20,-70.39,-0.08,-13190.85,-131.91
2780,매수 청산,2025-11-11 14:50,XL1,4134.655,33.2,137270.546,0,0.00,479.57,0.35,-324.03,-0.24,-13190.85,-131.91
2780,매수 진입,2025-11-11 11:10,L1,4134.655,33.2,137270.546,0,0.00,479.57,0.35,-324.03,-0.24,-13190.85,-131.91
2781,매수 청산,2025-11-11 14:50,XL2,4134.655,40.58,167562.1244,222.18,0.13,222.18,0.13,-173.89,-0.10,-12968.68,-129.69
2781,매수 진입,2025-11-11 14:30,L2,4129.18,40.58,167562.1244,222.18,0.13,222.18,0.13,-173.89,-0.10,-12968.68,-129.69
2782,매도 청산,2025-11-12 09:30,반대신호정리,4141.84,19.03,78260.4944,-558.72,-0.71,140.44,0.18,-630.46,-0.81,-13527.4,-135.27
2782,매도 진입,2025-11-12 01:20,S1,4112.48,19.03,78260.4944,-558.72,-0.71,140.44,0.18,-630.46,-0.81,-13527.4,-135.27
2783,매도 청산,2025-11-12 09:30,반대신호정리,4141.84,23.26,95878.4178,-460.78,-0.48,18.14,0.02,-548.47,-0.57,-13988.18,-139.88
2783,매도 진입,2025-11-12 04:40,S2,4122.03,23.26,95878.4178,-460.78,-0.48,18.14,0.02,-548.47,-0.57,-13988.18,-139.88
2784,매도 청산,2025-11-12 09:30,반대신호정리,4141.84,29.91,123575.5578,-306.88,-0.25,178.41,0.14,-419.64,-0.34,-14295.05,-142.95
2784,매도 진입,2025-11-12 05:50,S3,4131.58,29.91,123575.5578,-306.88,-0.25,178.41,0.14,-419.64,-0.34,-14295.05,-142.95
2785,매도 청산,2025-11-12 09:30,반대신호정리,4141.84,41.88,173430.5244,-29.73,-0.02,80.62,0.05,-187.62,-0.11,-14324.79,-143.25
2785,매도 진입,2025-11-12 08:30,S4,4141.13,41.88,173430.5244,-29.73,-0.02,80.62,0.05,-187.62,-0.11,-14324.79,-143.25
2786,매수 청산,2025-11-13 11:00,XL1,4195.36,13.43,56343.6848,0,0.00,187.42,0.33,-209.84,-0.37,-14324.79,-143.25
2786,매수 진입,2025-11-13 04:20,L1,4195.36,13.43,56343.6848,0,0.00,187.42,0.33,-209.84,-0.37,-14324.79,-143.25
2787,매수 청산,2025-11-13 11:00,XL2,4195.36,16.41,68623.74825,222.11,0.32,222.11,0.32,-34.3,-0.05,-14102.68,-141.03
2787,매수 진입,2025-11-13 10:10,L2,4181.825,16.41,68623.74825,222.11,0.32,222.11,0.32,-34.3,-0.05,-14102.68,-141.03
2788,매수 청산,2025-11-14 01:10,XL1,4210.455,14.22,59872.6701,0,0.00,494,0.83,-368.94,-0.62,-14102.68,-141.03
2788,매수 진입,2025-11-13 15:10,L1,4210.455,14.22,59872.6701,0,0.00,494,0.83,-368.94,-0.62,-14102.68,-141.03
2789,매수 청산,2025-11-14 01:10,XL2,4210.455,17.38,72955.5046,222.2,0.30,222.2,0.30,-228.72,-0.31,-13880.48,-138.80
2789,매수 진입,2025-11-13 23:40,L2,4197.67,17.38,72955.5046,222.2,0.30,222.2,0.30,-228.72,-0.31,-13880.48,-138.80
2790,매수 청산,2025-11-14 01:10,XL3,4210.455,22.34,93490.3309,571.23,0.61,571.23,0.61,-8.38,-0.01,-13309.24,-133.09
2790,매수 진입,2025-11-13 23:40,L3,4184.885,22.34,93490.3309,571.23,0.61,571.23,0.61,-8.38,-0.01,-13309.24,-133.09
2791,매도 청산,2025-11-14 15:30,반대신호정리,4178.135,11.13,46391.6208,-111.02,-0.24,86.54,0.19,-481.65,-1.04,-13420.26,-134.20
2791,매도 진입,2025-11-14 04:40,S1,4168.16,11.13,46391.6208,-111.02,-0.24,86.54,0.19,-481.65,-1.04,-13420.26,-134.20
2792,매도 청산,2025-11-14 15:30,반대신호정리,4178.135,13.61,56950.84085,86.42,0.15,150.59,0.26,-366.79,-0.64,-13333.84,-133.34
2792,매도 진입,2025-11-14 08:20,S2,4184.485,13.61,56950.84085,86.42,0.15,150.59,0.26,-366.79,-0.64,-13333.84,-133.34
2793,매도 청산,2025-11-14 15:30,반대신호정리,4178.135,17.5,73514.175,396.81,0.54,479.33,0.65,-185.94,-0.25,-12937.03,-129.37
2793,매도 진입,2025-11-14 11:20,S3,4200.81,17.5,73514.175,396.81,0.54,479.33,0.65,-185.94,-0.25,-12937.03,-129.37
2794,매도 청산,2025-11-17 14:10,XS1,4067.59,5.05,20541.3295,0,0.00,25.96,0.13,-220.15,-1.07,-12937.03,-129.37
2794,매도 진입,2025-11-14 23:40,S1,4067.59,5.05,20541.3295,0,0.00,25.96,0.13,-220.15,-1.07,-12937.03,-129.37
2795,매도 청산,2025-11-17 14:10,XS2,4067.59,6.17,25319.05775,222.03,0.88,222.03,0.88,-46.95,-0.19,-12715,-127.15
2795,매도 진입,2025-11-15 01:30,S2,4103.575,6.17,25319.05775,222.03,0.88,222.03,0.88,-46.95,-0.19,-12715,-127.15
2796,매도 청산,2025-11-18 04:40,XS1,4024.89,10.99,44778.8649,545.32,1.22,545.32,1.22,-72.75,-0.16,-12169.68,-121.70
2796,매도 진입,2025-11-17 23:40,S1,4074.51,10.99,44778.8649,545.32,1.22,545.32,1.22,-72.75,-0.16,-12169.68,-121.70
2797,매도 청산,2025-11-18 21:30,반대신호정리,4033.335,15.1,60659.569,-243.79,-0.40,290,0.48,-503.36,-0.83,-12413.47,-124.13
2797,매도 진입,2025-11-18 14:20,S1,4017.19,15.1,60659.569,-243.79,-0.40,290,0.48,-503.36,-0.83,-12413.47,-124.13
2798,매도 청산,2025-11-18 21:30,반대신호정리,4033.335,18.45,74339.2935,-75.74,-0.10,0,0.00,-392.89,-0.53,-12489.2,-124.89
2798,매도 진입,2025-11-18 17:30,S2,4029.23,18.45,74339.2935,-75.74,-0.10,0,0.00,-392.89,-0.53,-12489.2,-124.89
2799,매도 청산,2025-11-18 21:30,반대신호정리,4033.335,23.73,95899.3371,188.3,0.20,257.47,0.27,-219.62,-0.23,-12300.91,-123.01
2799,매도 진입,2025-11-18 17:30,S3,4041.27,23.73,95899.3371,188.3,0.20,257.47,0.27,-219.62,-0.23,-12300.91,-123.01
2800,매수 청산,2025-11-19 00:20,XL1,4059.865,16.76,68143.3108,-99.97,-0.15,38.38,0.06,-207.24,-0.30,-12400.88,-124.01
2800,매수 진입,2025-11-19 00:00,L1,4065.83,16.76,68143.3108,-99.97,-0.15,38.38,0.06,-207.24,-0.30,-12400.88,-124.01
2801,매수 청산,2025-11-19 00:20,XL2,4059.865,20.49,83086.64265,99.99,0.12,211.66,0.25,-31.14,-0.04,-12300.89,-123.01
2801,매수 진입,2025-11-19 00:00,L2,4054.985,20.49,83086.64265,99.99,0.12,211.66,0.25,-31.14,-0.04,-12300.89,-123.01
2802,매수 청산,2025-11-19 15:00,XL1,4098.61,16.76,68147.417,545.29,0.80,545.29,0.80,-176.82,-0.26,-11755.6,-117.56
2802,매수 진입,2025-11-19 03:30,L1,4066.075,16.76,68147.417,545.29,0.80,545.29,0.80,-176.82,-0.26,-11755.6,-117.56
2803,매도 청산,2025-11-20 17:10,XS1,4044.34,14.13,57691.87155,545.35,0.95,545.35,0.95,0,0.00,-11210.25,-112.10
2803,매도 진입,2025-11-20 12:10,S1,4082.935,14.13,57691.87155,545.35,0.95,545.35,0.95,0,0.00,-11210.25,-112.10
2804,매도 청산,2025-11-21 00:40,반대신호정리,4081.765,12.53,50859.1447,-285.37,-0.56,29.57,0.06,-605.95,-1.19,-11495.62,-114.96
2804,매도 진입,2025-11-20 20:50,S1,4058.99,12.53,50859.1447,-285.37,-0.56,29.57,0.06,-605.95,-1.19,-11495.62,-114.96
2805,매도 청산,2025-11-21 00:40,반대신호정리,4081.765,15.32,62405.9434,-126.7,-0.20,100.65,0.16,-518.66,-0.83,-11622.32,-116.22
2805,매도 진입,2025-11-20 21:10,S2,4073.495,15.32,62405.9434,-126.7,-0.20,100.65,0.16,-518.66,-0.83,-11622.32,-116.22
2806,매도 청산,2025-11-21 00:40,반대신호정리,4081.765,19.69,80492.72,122.77,0.15,414.97,0.52,-381,-0.47,-11499.55,-115.00
2806,매도 진입,2025-11-20 22:00,S3,4088,19.69,80492.72,122.77,0.15,414.97,0.52,-381,-0.47,-11499.55,-115.00
2807,매도 청산,2025-11-21 15:20,XS1,4043.12,26.54,107687.1116,382.71,0.36,472.15,0.44,-200.51,-0.19,-11116.85,-111.17
2807,매도 진입,2025-11-21 12:50,S1,4057.54,26.54,107687.1116,382.71,0.36,472.15,0.44,-200.51,-0.19,-11116.85,-111.17
2808,매도 청산,2025-11-21 15:20,XS2,4043.12,32.44,131848.8116,690,0.52,721.14,0.55,-22.87,-0.02,-10426.85,-104.27
2808,매도 진입,2025-11-21 15:00,S2,4064.39,32.44,131848.8116,690,0.52,721.14,0.55,-22.87,-0.02,-10426.85,-104.27
2809,매도 청산,2025-11-21 19:20,XS1,4034.33,10.53,42481.4949,0,0.00,3.84,0.01,-308.27,-0.73,-10426.85,-104.27
2809,매도 진입,2025-11-21 17:20,S1,4034.33,10.53,42481.4949,0,0.00,3.84,0.01,-308.27,-0.73,-10426.85,-104.27
2810,매도 청산,2025-11-21 19:20,XS2,4034.33,12.87,52143.89895,222.07,0.43,222.07,0.43,-154.7,-0.30,-10204.78,-102.05
2810,매도 진입,2025-11-21 18:10,S2,4051.585,12.87,52143.89895,222.07,0.43,222.07,0.43,-154.7,-0.30,-10204.78,-102.05
2811,매도 청산,2025-11-22 00:40,반대신호정리,4061.64,10.53,42566.52465,-202.54,-0.48,119.04,0.28,-438.79,-1.03,-10407.32,-104.07
2811,매도 진입,2025-11-21 20:10,S1,4042.405,10.53,42566.52465,-202.54,-0.48,119.04,0.28,-438.79,-1.03,-10407.32,-104.07
2812,매도 청산,2025-11-22 00:40,반대신호정리,4061.64,12.87,52247.8242,-25.48,-0.05,66.09,0.13,-314.22,-0.60,-10432.8,-104.33
2812,매도 진입,2025-11-21 21:30,S2,4059.66,12.87,52247.8242,-25.48,-0.05,66.09,0.13,-314.22,-0.60,-10432.8,-104.33
2813,매도 청산,2025-11-22 00:40,반대신호정리,4061.64,16.55,67472.94325,252.8,0.37,267.53,0.40,-118.5,-0.18,-10180,-101.80
2813,매도 진입,2025-11-21 22:40,S3,4076.915,16.55,67472.94325,252.8,0.37,267.53,0.40,-118.5,-0.18,-10180,-101.80
2814,매수 청산,2025-11-25 03:40,XL1,4115.49,22.06,90242.3862,545.32,0.60,545.32,0.60,-59.23,-0.07,-9634.68,-96.35
2814,매수 진입,2025-11-25 02:20,L1,4090.77,22.06,90242.3862,545.32,0.60,545.32,0.60,-59.23,-0.07,-9634.68,-96.35
2815,매수 청산,2025-11-26 17:00,XL1,4161.965,25.28,105214.4752,0,0.00,173.93,0.17,-386.4,-0.37,-9634.68,-96.35
2815,매수 진입,2025-11-26 13:10,L1,4161.965,25.28,105214.4752,0,0.00,173.93,0.17,-386.4,-0.37,-9634.68,-96.35
2816,매수 청산,2025-11-26 17:00,XL2,4161.965,30.9,128382.5475,222.17,0.17,222.17,0.17,-250.14,-0.19,-9412.51,-94.13
2816,매수 진입,2025-11-26 15:10,L2,4154.775,30.9,128382.5475,222.17,0.17,222.17,0.17,-250.14,-0.19,-9412.51,-94.13
2817,매수 청산,2025-11-26 17:00,XL3,4161.965,39.73,164783.552,571.32,0.35,571.32,0.35,-35.96,-0.02,-8841.19,-88.41
2817,매수 진입,2025-11-26 15:30,L3,4147.585,39.73,164783.552,571.32,0.35,571.32,0.35,-35.96,-0.02,-8841.19,-88.41
2818,매수 청산,2025-11-26 20:30,XL1,4165.295,18.73,77834.2007,181.77,0.23,181.77,0.23,-1.97,0.00,-8659.42,-86.59
2818,매수 진입,2025-11-26 17:50,L1,4155.59,18.73,77834.2007,181.77,0.23,181.77,0.23,-1.97,0.00,-8659.42,-86.59
2819,매수 청산,2025-11-26 22:10,XL1,4162.125,18.73,77956.60125,0,0.00,33.53,0.04,-253.89,-0.33,-8659.42,-86.59
2819,매수 진입,2025-11-26 21:30,L1,4162.125,18.73,77956.60125,0,0.00,33.53,0.04,-253.89,-0.33,-8659.42,-86.59
2820,매수 청산,2025-11-26 22:10,XL2,4162.125,22.89,95048.8938,222.15,0.23,222.15,0.23,-88.13,-0.09,-8437.27,-84.37
2820,매수 진입,2025-11-26 21:40,L2,4152.42,22.89,95048.8938,222.15,0.23,222.15,0.23,-88.13,-0.09,-8437.27,-84.37
2821,매도 청산,2025-11-27 18:00,XS1,4160.395,32.67,135920.1047,0,0.00,93.6,0.07,-224.28,-0.17,-8437.27,-84.37
2821,매도 진입,2025-11-27 16:20,S1,4160.395,32.67,135920.1047,0,0.00,93.6,0.07,-224.28,-0.17,-8437.27,-84.37
2822,매도 청산,2025-11-27 18:00,XS2,4160.395,39.93,166346.7828,222.21,0.13,222.21,0.13,-51.91,-0.03,-8215.06,-82.15
2822,매도 진입,2025-11-27 17:30,S2,4165.96,39.93,166346.7828,222.21,0.13,222.21,0.13,-51.91,-0.03,-8215.06,-82.15
2823,매수 청산,2025-11-28 13:50,XL1,4188.655,26.44,110748.0382,0,0.00,107.08,0.10,-319.4,-0.29,-8215.06,-82.15
2823,매수 진입,2025-11-28 11:40,L1,4188.655,26.44,110748.0382,0,0.00,107.08,0.10,-319.4,-0.29,-8215.06,-82.15
2824,매수 청산,2025-11-28 13:50,XL2,4188.655,32.32,135155.1296,222.2,0.16,222.2,0.16,-168.23,-0.12,-7992.86,-79.93
2824,매수 진입,2025-11-28 12:50,L2,4181.78,32.32,135155.1296,222.2,0.16,222.2,0.16,-168.23,-0.12,-7992.86,-79.93
2825,매수 청산,2025-12-01 08:20,XL1,4217.835,20.61,86907.52665,22.05,0.03,199.92,0.23,-226.3,-0.26,-7970.81,-79.71
2825,매수 진입,2025-11-29 04:20,L1,4216.765,20.61,86907.52665,22.05,0.03,199.92,0.23,-226.3,-0.26,-7970.81,-79.71
2826,매수 청산,2025-12-01 08:20,XL2,4217.835,25.19,105998.1346,249.13,0.24,279.86,0.26,-54.41,-0.05,-7721.68,-77.22
2826,매수 진입,2025-12-01 08:00,L2,4207.945,25.19,105998.1346,249.13,0.24,279.86,0.26,-54.41,-0.05,-7721.68,-77.22
2827,매수 청산,2025-12-02 05:30,반대신호정리,4237.685,8.79,37151.15475,98.1,0.26,335.56,0.90,-95.99,-0.26,-7623.58,-76.24
2827,매수 진입,2025-12-01 14:20,L1,4226.525,8.79,37151.15475,98.1,0.26,335.56,0.90,-95.99,-0.26,-7623.58,-76.24
2828,매도 청산,2025-12-02 12:40,XS1,4219.555,46.44,195956.1342,0,0.00,233.83,0.12,-318.58,-0.16,-7623.58,-76.24
2828,매도 진입,2025-12-02 11:00,S1,4219.555,46.44,195956.1342,0,0.00,233.83,0.12,-318.58,-0.16,-7623.58,-76.24
2829,매도 청산,2025-12-02 12:40,XS2,4219.555,56.76,239724.1572,222.22,0.09,222.22,0.09,-167.16,-0.07,-7401.36,-74.01
2829,매도 진입,2025-12-02 11:40,S2,4223.47,56.76,239724.1572,222.22,0.09,222.22,0.09,-167.16,-0.07,-7401.36,-74.01
2830,매수 청산,2025-12-03 20:20,반대신호정리,4202.405,18.33,77397.8751,-367.79,-0.48,30.24,0.04,-510.03,-0.66,-7769.16,-77.69
2830,매수 진입,2025-12-03 14:00,L1,4222.47,18.33,77397.8751,-367.79,-0.48,30.24,0.04,-510.03,-0.66,-7769.16,-77.69
2831,매수 청산,2025-12-03 20:20,반대신호정리,4202.405,22.41,94403.35755,-227.46,-0.24,36.3,0.04,-401.36,-0.43,-7996.62,-79.97
2831,매수 진입,2025-12-03 14:30,L2,4212.555,22.41,94403.35755,-227.46,-0.24,36.3,0.04,-401.36,-0.43,-7996.62,-79.97
2832,매수 청산,2025-12-03 20:20,반대신호정리,4202.405,28.81,121078.0584,-6.77,-0.01,221.55,0.18,-230.34,-0.19,-8003.39,-80.03
2832,매수 진입,2025-12-03 16:20,L3,4202.64,28.81,121078.0584,-6.77,-0.01,221.55,0.18,-230.34,-0.19,-8003.39,-80.03
2833,매도 청산,2025-12-04 21:00,XS1,4193.91,35.72,149806.4652,0,0.00,369.34,0.25,-454.36,-0.30,-8003.39,-80.03
2833,매도 진입,2025-12-04 16:20,S1,4193.91,35.72,149806.4652,0,0.00,369.34,0.25,-454.36,-0.30,-8003.39,-80.03
2834,매도 청산,2025-12-04 21:00,XS2,4193.91,43.65,183286.35,222.18,0.12,222.18,0.12,-333.05,-0.18,-7781.21,-77.81
2834,매도 진입,2025-12-04 18:50,S2,4199,43.65,183286.35,222.18,0.12,222.18,0.12,-333.05,-0.18,-7781.21,-77.81
2835,매도 청산,2025-12-04 21:00,XS3,4193.91,56.13,235975.5717,571.4,0.24,571.4,0.24,-142.57,-0.06,-7209.81,-72.10
2835,매도 진입,2025-12-04 20:00,S3,4204.09,56.13,235975.5717,571.4,0.24,571.4,0.24,-142.57,-0.06,-7209.81,-72.10
2836,매수 청산,2025-12-05 12:50,반대신호정리,4209.025,13.91,58571.6716,-24.13,-0.04,17.6,0.03,-221.79,-0.38,-7233.94,-72.34
2836,매수 진입,2025-12-05 03:50,L1,4210.76,13.91,58571.6716,-24.13,-0.04,17.6,0.03,-221.79,-0.38,-7233.94,-72.34
2837,매수 청산,2025-12-05 12:50,반대신호정리,4209.025,17,71360.815,192.61,0.27,212.76,0.30,-48.96,-0.07,-7041.33,-70.41
2837,매수 진입,2025-12-05 10:10,L2,4197.695,17,71360.815,192.61,0.27,212.76,0.30,-48.96,-0.07,-7041.33,-70.41
2838,매수 청산,2025-12-08 09:10,반대신호정리,4205.765,32.52,136937.1672,-165.69,-0.12,276.09,0.20,-611.54,-0.45,-7207.02,-72.07
2838,매수 진입,2025-12-06 02:40,L1,4210.86,32.52,136937.1672,-165.69,-0.12,276.09,0.20,-611.54,-0.45,-7207.02,-72.07
2839,매도 청산,2025-12-09 21:20,반대신호정리,4198.945,20.14,84487.5014,-79.25,-0.09,504,0.60,-363.33,-0.43,-7286.27,-72.86
2839,매도 진입,2025-12-09 03:00,S1,4195.01,20.14,84487.5014,-79.25,-0.09,504,0.60,-363.33,-0.43,-7286.27,-72.86
2840,매도 청산,2025-12-09 21:20,반대신호정리,4198.945,24.62,103503.3417,125.32,0.12,126.3,0.12,-221.95,-0.21,-7160.95,-71.61
2840,매도 진입,2025-12-09 18:00,S2,4204.035,24.62,103503.3417,125.32,0.12,126.3,0.12,-221.95,-0.21,-7160.95,-71.61
2841,매수 청산,2025-12-10 20:20,반대신호정리,4194.555,14.45,60736.60125,-125.28,-0.21,225.93,0.37,-222.89,-0.37,-7286.24,-72.86
2841,매수 진입,2025-12-10 03:00,L1,4203.225,14.45,60736.60125,-125.28,-0.21,225.93,0.37,-222.89,-0.37,-7286.24,-72.86
2842,매도 청산,2025-12-10 21:50,XS1,4196.145,42.73,179301.2759,0,0.00,67.51,0.04,-266.21,-0.15,-7286.24,-72.86
2842,매도 진입,2025-12-10 20:40,S1,4196.145,42.73,179301.2759,0,0.00,67.51,0.04,-266.21,-0.15,-7286.24,-72.86
2843,매도 청산,2025-12-10 21:50,XS2,4196.145,52.22,219344.888,222.2,0.10,222.2,0.10,-103.13,-0.05,-7064.04,-70.64
2843,매도 진입,2025-12-10 21:00,S2,4200.4,52.22,219344.888,222.2,0.10,222.2,0.10,-103.13,-0.05,-7064.04,-70.64
2844,매수 청산,2025-12-11 16:50,반대신호정리,4217.08,21.52,90969.9896,-218.43,-0.24,442.77,0.49,-494.1,-0.54,-7282.47,-72.82
2844,매수 진입,2025-12-11 06:10,L1,4227.23,21.52,90969.9896,-218.43,-0.24,442.77,0.49,-494.1,-0.54,-7282.47,-72.82
2845,매수 청산,2025-12-11 16:50,반대신호정리,4217.08,26.31,110996.2333,-44.86,-0.04,0.92,0.00,-381.89,-0.34,-7327.33,-73.27
2845,매수 진입,2025-12-11 12:00,L2,4218.785,26.31,110996.2333,-44.86,-0.04,0.92,0.00,-381.89,-0.34,-7327.33,-73.27
2846,매수 청산,2025-12-11 16:50,반대신호정리,4217.08,33.83,142435.8022,228.01,0.16,284.51,0.20,-205.35,-0.14,-7099.31,-70.99
2846,매수 진입,2025-12-11 12:10,L3,4210.34,33.83,142435.8022,228.01,0.16,284.51,0.20,-205.35,-0.14,-7099.31,-70.99
2847,매도 청산,2025-12-11 19:20,XS1,4218.57,37.48,158207.0154,95.01,0.06,142.42,0.09,-186.46,-0.12,-7004.3,-70.04
2847,매도 진입,2025-12-11 18:50,S1,4221.105,37.48,158207.0154,95.01,0.06,142.42,0.09,-186.46,-0.12,-7004.3,-70.04
2848,매도 청산,2025-12-11 19:20,XS2,4218.57,45.81,193590.9986,338.31,0.17,350.9,0.18,-5.73,0.00,-6665.99,-66.66
2848,매도 진입,2025-12-11 19:00,S2,4225.955,45.81,193590.9986,338.31,0.17,350.9,0.18,-5.73,0.00,-6665.99,-66.66
2849,매도 청산,2025-12-11 22:00,XS1,4215.255,37.48,157987.7574,0,0.00,3.75,0.00,-275.48,-0.17,-6665.99,-66.66
2849,매도 진입,2025-12-11 21:20,S1,4215.255,37.48,157987.7574,0,0.00,3.75,0.00,-275.48,-0.17,-6665.99,-66.66
2850,매도 청산,2025-12-11 22:00,XS2,4215.255,45.81,193323.01,222.18,0.11,222.18,0.11,-114.52,-0.06,-6443.82,-64.44
2850,매도 진입,2025-12-11 21:30,S2,4220.105,45.81,193323.01,222.18,0.11,222.18,0.11,-114.52,-0.06,-6443.82,-64.44
2851,매수 청산,2025-12-12 17:50,XL1,4307.54,13.88,59243.3794,545.28,0.92,545.28,0.92,-75.3,-0.13,-5898.54,-58.99
2851,매수 진입,2025-12-12 04:00,L1,4268.255,13.88,59243.3794,545.28,0.92,545.28,0.92,-75.3,-0.13,-5898.54,-58.99
2852,매수 청산,2025-12-12 21:40,XL2,4326.58,30.79,133397.2131,-181.81,-0.14,51.57,0.04,-181.81,-0.14,-6080.35,-60.80
2852,매수 진입,2025-12-12 21:30,L1,4332.485,30.79,133397.2131,-181.81,-0.14,51.57,0.04,-181.81,-0.14,-6080.35,-60.80
2853,매수 청산,2025-12-12 21:40,XL2,4326.58,6.84,29593.8072,0,0.00,0,0.00,0,0.00,-6080.35,-60.80
2853,매수 진입,2025-12-12 21:40,L2,4326.58,6.84,29593.8072,0,0.00,0,0.00,0,0.00,-6080.35,-60.80
2854,매수 청산,2025-12-12 22:10,XL1,4338.39,30.79,133215.3982,363.63,0.27,363.63,0.27,-156.57,-0.12,-5716.72,-57.17
2854,매수 진입,2025-12-12 21:40,L2,4326.58,30.79,133215.3982,363.63,0.27,363.63,0.27,-156.57,-0.12,-5716.72,-57.17
2855,매수 청산,2025-12-13 01:00,XL1,4278.942,15.81,68649.62865,-999.56,-1.46,180.08,0.26,-999.56,-1.46,-6716.28,-67.16
2855,매수 진입,2025-12-12 23:40,L1,4342.165,15.81,68649.62865,-999.56,-1.46,180.08,0.26,-999.56,-1.46,-6716.28,-67.16
2856,매수 청산,2025-12-13 01:00,XL2,4278.942,19.33,83711.8511,-999.9,-1.19,25.23,0.03,-999.9,-1.19,-7716.18,-77.16
2856,매수 진입,2025-12-13 00:10,L2,4330.67,19.33,83711.8511,-999.9,-1.19,25.23,0.03,-999.9,-1.19,-7716.18,-77.16
2857,매수 청산,2025-12-13 01:00,XL3,4278.942,24.85,107331.4988,-999.79,-0.93,141.89,0.13,-999.79,-0.93,-8715.97,-87.16
2857,매수 진입,2025-12-13 00:20,L3,4319.175,24.85,107331.4988,-999.79,-0.93,141.89,0.13,-999.79,-0.93,-8715.97,-87.16
2858,매수 청산,2025-12-13 01:00,XL4,4278.942,34.79,149864.1872,-999.8,-0.67,506.02,0.34,-999.8,-0.67,-9715.77,-97.16
2858,매수 진입,2025-12-13 00:20,L4,4307.68,34.79,149864.1872,-999.8,-0.67,506.02,0.34,-999.8,-0.67,-9715.77,-97.16
2859,매수 청산,2025-12-13 01:00,XL5,4278.942,57.99,249135.7682,-999.92,-0.40,1510.06,0.61,-999.92,-0.40,-10715.69,-107.16
2859,매수 진입,2025-12-13 00:30,L5,4296.185,57.99,249135.7682,-999.92,-0.40,1510.06,0.61,-999.92,-0.40,-10715.69,-107.16
2860,매수 청산,2025-12-13 01:00,XL6,4278.942,173.98,745450.3662,-1000.04,-0.13,2083.41,0.28,-1000.04,-0.13,-11715.73,-117.16
2860,매수 진입,2025-12-13 00:50,L6,4284.69,173.98,745450.3662,-1000.04,-0.13,2083.41,0.28,-1000.04,-0.13,-11715.73,-117.16
2861,매수 청산,2025-12-16 02:30,반대신호정리,4302.195,16.36,70689.3514,-305.44,-0.43,481.31,0.68,-578.33,-0.82,-12021.17,-120.21
2861,매수 진입,2025-12-15 12:20,L1,4320.865,16.36,70689.3514,-305.44,-0.43,481.31,0.68,-578.33,-0.82,-12021.17,-120.21
2862,매수 청산,2025-12-16 02:30,반대신호정리,4302.195,20,86195.1,-151.2,-0.18,0,0.00,-484.8,-0.56,-12172.37,-121.72
2862,매수 진입,2025-12-16 01:00,L2,4309.755,20,86195.1,-151.2,-0.18,0,0.00,-484.8,-0.56,-12172.37,-121.72
2863,매수 청산,2025-12-16 02:30,반대신호정리,4302.195,25.71,110518.163,91.27,0.08,134.33,0.12,-337.57,-0.31,-12081.1,-120.81
2863,매수 진입,2025-12-16 01:20,L3,4298.645,25.71,110518.163,91.27,0.08,134.33,0.12,-337.57,-0.31,-12081.1,-120.81
2864,매도 청산,2025-12-16 20:10,XS1,4274.275,30.58,131252.7238,545.39,0.42,545.39,0.42,-7.19,-0.01,-11535.7,-115.36
2864,매도 진입,2025-12-16 15:40,S1,4292.11,30.58,131252.7238,545.39,0.42,545.39,0.42,-7.19,-0.01,-11535.7,-115.36
2865,매수 청산,2025-12-17 10:30,XL1,4319.235,90.45,390129.3923,545.41,0.14,638.58,0.16,-159.19,-0.04,-10990.29,-109.90
2865,매수 진입,2025-12-17 10:00,L1,4313.205,90.45,390129.3923,545.41,0.14,638.58,0.16,-159.19,-0.04,-10990.29,-109.90
2866,매도 청산,2025-12-18 21:20,XS1,4317.37,23.82,103021.5,181.75,0.18,181.75,0.18,-91.11,-0.09,-10808.54,-108.09
2866,매도 진입,2025-12-18 19:50,S1,4325,23.82,103021.5,181.75,0.18,181.75,0.18,-91.11,-0.09,-10808.54,-108.09
2867,매수 청산,2025-12-19 02:00,XL2,4344.355,11.31,49316.3502,-181.7,-0.37,33.87,0.07,-181.7,-0.37,-10990.24,-109.90
2867,매수 진입,2025-12-19 02:00,L1,4360.42,11.31,49316.3502,-181.7,-0.37,33.87,0.07,-181.7,-0.37,-10990.24,-109.90
2868,매수 청산,2025-12-19 02:00,XL2,4344.355,2.52,10947.7746,0,0.00,0,0.00,0,0.00,-10990.24,-109.90
2868,매수 진입,2025-12-19 02:00,L2,4344.355,2.52,10947.7746,0,0.00,0,0.00,0,0.00,-10990.24,-109.90
2869,매수 청산,2025-12-19 12:30,반대신호정리,4319.41,11.31,49134.65505,-282.13,-0.57,55.81,0.11,-398.79,-0.81,-11272.37,-112.72
2869,매수 진입,2025-12-19 02:00,L2,4344.355,11.31,49134.65505,-282.13,-0.57,55.81,0.11,-398.79,-0.81,-11272.37,-112.72
2870,매수 청산,2025-12-19 12:30,반대신호정리,4319.41,13.83,59860.2507,-122.81,-0.21,185.6,0.31,-265.47,-0.44,-11395.18,-113.95
2870,매수 진입,2025-12-19 02:10,L2,4328.29,13.83,59860.2507,-122.81,-0.21,185.6,0.31,-265.47,-0.44,-11395.18,-113.95
2871,매도 청산,2025-12-19 19:30,XS1,4325.775,33.67,145648.8442,0,0.00,157.91,0.11,-265.82,-0.18,-11395.18,-113.95
2871,매도 진입,2025-12-19 14:40,S1,4325.775,33.67,145648.8442,0,0.00,157.91,0.11,-265.82,-0.18,-11395.18,-113.95
2872,매도 청산,2025-12-19 19:30,XS2,4325.775,41.15,178227.8513,222.21,0.12,222.21,0.12,-102.67,-0.06,-11172.97,-111.73
2872,매도 진입,2025-12-19 18:40,S2,4331.175,41.15,178227.8513,222.21,0.12,222.21,0.12,-102.67,-0.06,-11172.97,-111.73
2873,매수 청산,2025-12-22 08:20,XL1,4349.245,16.49,71719.05005,0,0.00,22.92,0.03,-209.26,-0.29,-11172.97,-111.73
2873,매수 진입,2025-12-20 03:40,L1,4349.245,16.49,71719.05005,0,0.00,22.92,0.03,-209.26,-0.29,-11172.97,-111.73
2874,매수 청산,2025-12-22 08:20,XL2,4349.245,20.16,87458.616,222.16,0.25,222.16,0.25,-33.67,-0.04,-10950.8,-109.51
2874,매수 진입,2025-12-20 05:40,L2,4338.225,20.16,87458.616,222.16,0.25,222.16,0.25,-33.67,-0.04,-10950.8,-109.51
2875,매수 청산,2025-12-22 10:40,XL1,4380.945,28.34,123610.578,545.4,0.44,545.4,0.44,-0.99,0.00,-10405.4,-104.05
2875,매수 진입,2025-12-22 10:20,L1,4361.7,28.34,123610.578,545.4,0.44,545.4,0.44,-0.99,0.00,-10405.4,-104.05
2876,매수 청산,2025-12-23 16:10,XL1,4483.625,18.46,82767.7175,0,0.00,97.84,0.12,-260.75,-0.32,-10405.4,-104.05
2876,매수 진입,2025-12-23 12:20,L1,4483.625,18.46,82767.7175,0,0.00,97.84,0.12,-260.75,-0.32,-10405.4,-104.05
2877,매수 청산,2025-12-23 16:10,XL2,4483.625,22.57,100973.2146,222.2,0.22,222.2,0.22,-96.6,-0.10,-10183.2,-101.83
2877,매수 진입,2025-12-23 15:00,L2,4473.78,22.57,100973.2146,222.2,0.22,222.2,0.22,-96.6,-0.10,-10183.2,-101.83
2878,매수 청산,2025-12-24 12:20,XL1,4495.495,11.04,49554.0336,76.23,0.15,414.66,0.84,-243.43,-0.49,-10106.97,-101.07
2878,매수 진입,2025-12-24 08:00,L1,4488.59,11.04,49554.0336,76.23,0.15,414.66,0.84,-243.43,-0.49,-10106.97,-101.07
2879,매수 청산,2025-12-24 12:20,XL2,4495.495,13.5,60373.8225,315.36,0.52,322.45,0.53,-75.53,-0.13,-9791.61,-97.92
2879,매수 진입,2025-12-24 12:00,L2,4472.135,13.5,60373.8225,315.36,0.52,322.45,0.53,-75.53,-0.13,-9791.61,-97.92
2880,매도 청산,2025-12-26 10:50,반대신호정리,4502.765,10.02,44948.2671,-169.44,-0.38,98.75,0.22,-509.87,-1.13,-9961.04,-99.61
2880,매도 진입,2025-12-25 02:10,S1,4485.855,10.02,44948.2671,-169.44,-0.38,98.75,0.22,-509.87,-1.13,-9961.04,-99.61
2881,매도 청산,2025-12-26 10:50,반대신호정리,4502.765,12.25,55173.93875,15.07,0.03,242.55,0.44,-401.13,-0.73,-9945.98,-99.46
2881,매도 진입,2025-12-26 08:00,S2,4503.995,12.25,55173.93875,15.07,0.03,242.55,0.44,-401.13,-0.73,-9945.98,-99.46
2882,매도 청산,2025-12-26 10:50,반대신호정리,4502.765,15.75,71223.62625,305.08,0.43,597.55,0.84,-230.03,-0.32,-9640.9,-96.41
2882,매도 진입,2025-12-26 08:00,S3,4522.135,15.75,71223.62625,305.08,0.43,597.55,0.84,-230.03,-0.32,-9640.9,-96.41
2883,매수 청산,2025-12-29 08:00,XL1,4542.66,18.9,85855.518,0.76,0.00,90.72,0.11,-616.05,-0.72,-9640.14,-96.40
2883,매수 진입,2025-12-27 01:20,L1,4542.62,18.9,85855.518,0.76,0.00,90.72,0.11,-616.05,-0.72,-9640.14,-96.40
2884,매수 청산,2025-12-29 08:00,XL2,4542.66,23.1,104712.3,223.15,0.21,242.43,0.23,-530.72,-0.51,-9417,-94.17
2884,매수 진입,2025-12-27 01:50,L2,4533,23.1,104712.3,223.15,0.21,242.43,0.23,-530.72,-0.51,-9417,-94.17
2885,매수 청산,2025-12-29 08:00,XL3,4542.66,29.7,134344.386,572.62,0.43,572.62,0.43,-396.64,-0.30,-8844.38,-88.44
2885,매수 진입,2025-12-27 02:10,L3,4523.38,29.7,134344.386,572.62,0.43,572.62,0.43,-396.64,-0.30,-8844.38,-88.44
2886,매수 청산,2025-12-29 08:00,XL4,4542.66,41.58,187682.1408,1201.66,0.64,1201.66,0.64,-155.3,-0.08,-7642.72,-76.43
2886,매수 진입,2025-12-27 02:30,L4,4513.76,41.58,187682.1408,1201.66,0.64,1201.66,0.64,-155.3,-0.08,-7642.72,-76.43
2887,매수 청산,2025-12-30 18:10,XL1,4371.355,10.87,47516.62885,0,0.00,131.42,0.28,-226.8,-0.48,-7642.72,-76.43
2887,매수 진입,2025-12-30 16:20,L1,4371.355,10.87,47516.62885,0,0.00,131.42,0.28,-226.8,-0.48,-7642.72,-76.43
2888,매수 청산,2025-12-30 18:10,XL2,4371.355,13.29,57873.09915,222.21,0.38,222.21,0.38,-55.09,-0.10,-7420.51,-74.21
2888,매수 진입,2025-12-30 17:20,L2,4354.635,13.29,57873.09915,222.21,0.38,222.21,0.38,-55.09,-0.10,-7420.51,-74.21
2889,매수 청산,2025-12-30 21:10,XL1,4393.52,19.79,86765.98965,181.77,0.21,181.77,0.21,-58.78,-0.07,-7238.74,-72.39
2889,매수 진입,2025-12-30 20:50,L1,4384.335,19.79,86765.98965,181.77,0.21,181.77,0.21,-58.78,-0.07,-7238.74,-72.39